month_start,year_month,incident_year,incident_month_number,days_observed_in_cell,days_in_month,partial_month_flag,partial_year_flag,migration_route,y,n_incidents,max_incident_dead_missing,n_extreme_incidents_ge_80,mean_source_quality,group_id,month_index,t_years_centered,log_days_observed
2014-01-01,2014-01,2014,1,31,31,False,False,Afghanistan to Iran,0,0,0,0,3.3688721820587686,1,1,-6.208333333333333,3.4339872044851463
2014-02-01,2014-02,2014,2,28,28,False,False,Afghanistan to Iran,0,0,0,0,3.3688721820587686,1,2,-6.125,3.332204510175204
2014-03-01,2014-03,2014,3,31,31,False,False,Afghanistan to Iran,0,0,0,0,3.3688721820587686,1,3,-6.041666666666667,3.4339872044851463
2014-04-01,2014-04,2014,4,30,30,False,False,Afghanistan to Iran,0,0,0,0,3.3688721820587686,1,4,-5.958333333333333,3.4011973816621555
2014-05-01,2014-05,2014,5,31,31,False,False,Afghanistan to Iran,0,0,0,0,3.3688721820587686,1,5,-5.875,3.4339872044851463
2014-06-01,2014-06,2014,6,30,30,False,False,Afghanistan to Iran,0,0,0,0,3.3688721820587686,1,6,-5.791666666666667,3.4011973816621555
2014-07-01,2014-07,2014,7,31,31,False,False,Afghanistan to Iran,0,0,0,0,3.3688721820587686,1,7,-5.708333333333333,3.4339872044851463
2014-08-01,2014-08,2014,8,31,31,False,False,Afghanistan to Iran,0,0,0,0,3.3688721820587686,1,8,-5.625,3.4339872044851463
2014-09-01,2014-09,2014,9,30,30,False,False,Afghanistan to Iran,0,0,0,0,3.3688721820587686,1,9,-5.541666666666667,3.4011973816621555
2014-10-01,2014-10,2014,10,31,31,False,False,Afghanistan to Iran,0,0,0,0,3.3688721820587686,1,10,-5.458333333333333,3.4339872044851463
2014-11-01,2014-11,2014,11,30,30,False,False,Afghanistan to Iran,0,0,0,0,3.3688721820587686,1,11,-5.375,3.4011973816621555
2014-12-01,2014-12,2014,12,31,31,False,False,Afghanistan to Iran,0,0,0,0,3.3688721820587686,1,12,-5.291666666666667,3.4339872044851463
2015-01-01,2015-01,2015,1,31,31,False,False,Afghanistan to Iran,0,0,0,0,3.3688721820587686,1,13,-5.208333333333333,3.4339872044851463
2015-02-01,2015-02,2015,2,28,28,False,False,Afghanistan to Iran,0,0,0,0,3.3688721820587686,1,14,-5.125,3.332204510175204
2015-03-01,2015-03,2015,3,31,31,False,False,Afghanistan to Iran,0,0,0,0,3.3688721820587686,1,15,-5.041666666666667,3.4339872044851463
2015-04-01,2015-04,2015,4,30,30,False,False,Afghanistan to Iran,0,0,0,0,3.3688721820587686,1,16,-4.958333333333333,3.4011973816621555
2015-05-01,2015-05,2015,5,31,31,False,False,Afghanistan to Iran,0,0,0,0,3.3688721820587686,1,17,-4.875,3.4339872044851463
2015-06-01,2015-06,2015,6,30,30,False,False,Afghanistan to Iran,0,0,0,0,3.3688721820587686,1,18,-4.791666666666667,3.4011973816621555
2015-07-01,2015-07,2015,7,31,31,False,False,Afghanistan to Iran,0,0,0,0,3.3688721820587686,1,19,-4.708333333333333,3.4339872044851463
2015-08-01,2015-08,2015,8,31,31,False,False,Afghanistan to Iran,0,0,0,0,3.3688721820587686,1,20,-4.625,3.4339872044851463
2015-09-01,2015-09,2015,9,30,30,False,False,Afghanistan to Iran,0,0,0,0,3.3688721820587686,1,21,-4.541666666666667,3.4011973816621555
2015-10-01,2015-10,2015,10,31,31,False,False,Afghanistan to Iran,20,1,20,0,3.0,1,22,-4.458333333333333,3.4339872044851463
2015-11-01,2015-11,2015,11,30,30,False,False,Afghanistan to Iran,0,0,0,0,3.3688721820587686,1,23,-4.375,3.4011973816621555
2015-12-01,2015-12,2015,12,31,31,False,False,Afghanistan to Iran,0,0,0,0,3.3688721820587686,1,24,-4.291666666666667,3.4339872044851463
2016-01-01,2016-01,2016,1,31,31,False,False,Afghanistan to Iran,0,0,0,0,3.3688721820587686,1,25,-4.208333333333333,3.4339872044851463
2016-02-01,2016-02,2016,2,29,29,False,False,Afghanistan to Iran,0,0,0,0,3.3688721820587686,1,26,-4.125,3.367295829986474
2016-03-01,2016-03,2016,3,31,31,False,False,Afghanistan to Iran,0,0,0,0,3.3688721820587686,1,27,-4.041666666666667,3.4339872044851463
2016-04-01,2016-04,2016,4,30,30,False,False,Afghanistan to Iran,0,0,0,0,3.3688721820587686,1,28,-3.9583333333333335,3.4011973816621555
2016-05-01,2016-05,2016,5,31,31,False,False,Afghanistan to Iran,0,0,0,0,3.3688721820587686,1,29,-3.875,3.4339872044851463
2016-06-01,2016-06,2016,6,30,30,False,False,Afghanistan to Iran,0,0,0,0,3.3688721820587686,1,30,-3.7916666666666665,3.4011973816621555
2016-07-01,2016-07,2016,7,31,31,False,False,Afghanistan to Iran,0,0,0,0,3.3688721820587686,1,31,-3.7083333333333335,3.4339872044851463
2016-08-01,2016-08,2016,8,31,31,False,False,Afghanistan to Iran,0,0,0,0,3.3688721820587686,1,32,-3.625,3.4339872044851463
2016-09-01,2016-09,2016,9,30,30,False,False,Afghanistan to Iran,14,1,14,0,1.0,1,33,-3.5416666666666665,3.4011973816621555
2016-10-01,2016-10,2016,10,31,31,False,False,Afghanistan to Iran,0,0,0,0,3.3688721820587686,1,34,-3.4583333333333335,3.4339872044851463
2016-11-01,2016-11,2016,11,30,30,False,False,Afghanistan to Iran,0,0,0,0,3.3688721820587686,1,35,-3.375,3.4011973816621555
2016-12-01,2016-12,2016,12,31,31,False,False,Afghanistan to Iran,0,0,0,0,3.3688721820587686,1,36,-3.2916666666666665,3.4339872044851463
2017-01-01,2017-01,2017,1,31,31,False,False,Afghanistan to Iran,5,5,1,0,4.0,1,37,-3.2083333333333335,3.4339872044851463
2017-02-01,2017-02,2017,2,28,28,False,False,Afghanistan to Iran,5,5,1,0,4.0,1,38,-3.125,3.332204510175204
2017-03-01,2017-03,2017,3,31,31,False,False,Afghanistan to Iran,2,2,1,0,4.0,1,39,-3.0416666666666665,3.4339872044851463
2017-04-01,2017-04,2017,4,30,30,False,False,Afghanistan to Iran,7,5,3,0,4.0,1,40,-2.9583333333333335,3.4011973816621555
2017-05-01,2017-05,2017,5,31,31,False,False,Afghanistan to Iran,10,10,1,0,4.0,1,41,-2.875,3.4339872044851463
2017-06-01,2017-06,2017,6,30,30,False,False,Afghanistan to Iran,2,2,1,0,4.0,1,42,-2.7916666666666665,3.4011973816621555
2017-07-01,2017-07,2017,7,31,31,False,False,Afghanistan to Iran,5,5,1,0,4.0,1,43,-2.7083333333333335,3.4339872044851463
2017-08-01,2017-08,2017,8,31,31,False,False,Afghanistan to Iran,10,10,1,0,4.0,1,44,-2.625,3.4339872044851463
2017-09-01,2017-09,2017,9,30,30,False,False,Afghanistan to Iran,40,18,23,0,3.888888888888889,1,45,-2.5416666666666665,3.4011973816621555
2017-10-01,2017-10,2017,10,31,31,False,False,Afghanistan to Iran,9,9,1,0,4.0,1,46,-2.4583333333333335,3.4339872044851463
2017-11-01,2017-11,2017,11,30,30,False,False,Afghanistan to Iran,10,10,1,0,4.0,1,47,-2.375,3.4011973816621555
2017-12-01,2017-12,2017,12,31,31,False,False,Afghanistan to Iran,21,15,5,0,4.0,1,48,-2.2916666666666665,3.4339872044851463
2018-01-01,2018-01,2018,1,31,31,False,False,Afghanistan to Iran,0,0,0,0,3.3688721820587686,1,49,-2.2083333333333335,3.4339872044851463
2018-02-01,2018-02,2018,2,28,28,False,False,Afghanistan to Iran,0,0,0,0,3.3688721820587686,1,50,-2.125,3.332204510175204
2018-03-01,2018-03,2018,3,31,31,False,False,Afghanistan to Iran,0,0,0,0,3.3688721820587686,1,51,-2.0416666666666665,3.4339872044851463
2018-04-01,2018-04,2018,4,30,30,False,False,Afghanistan to Iran,0,0,0,0,3.3688721820587686,1,52,-1.9583333333333333,3.4011973816621555
2018-05-01,2018-05,2018,5,31,31,False,False,Afghanistan to Iran,0,0,0,0,3.3688721820587686,1,53,-1.875,3.4339872044851463
2018-06-01,2018-06,2018,6,30,30,False,False,Afghanistan to Iran,0,0,0,0,3.3688721820587686,1,54,-1.7916666666666667,3.4011973816621555
2018-07-01,2018-07,2018,7,31,31,False,False,Afghanistan to Iran,0,0,0,0,3.3688721820587686,1,55,-1.7083333333333333,3.4339872044851463
2018-08-01,2018-08,2018,8,31,31,False,False,Afghanistan to Iran,5,1,5,0,3.0,1,56,-1.625,3.4339872044851463
2018-09-01,2018-09,2018,9,30,30,False,False,Afghanistan to Iran,0,0,0,0,3.3688721820587686,1,57,-1.5416666666666667,3.4011973816621555
2018-10-01,2018-10,2018,10,31,31,False,False,Afghanistan to Iran,0,0,0,0,3.3688721820587686,1,58,-1.4583333333333333,3.4339872044851463
2018-11-01,2018-11,2018,11,30,30,False,False,Afghanistan to Iran,0,0,0,0,3.3688721820587686,1,59,-1.375,3.4011973816621555
2018-12-01,2018-12,2018,12,31,31,False,False,Afghanistan to Iran,0,0,0,0,3.3688721820587686,1,60,-1.2916666666666667,3.4339872044851463
2019-01-01,2019-01,2019,1,31,31,False,False,Afghanistan to Iran,2,2,1,0,4.0,1,61,-1.2083333333333333,3.4339872044851463
2019-02-01,2019-02,2019,2,28,28,False,False,Afghanistan to Iran,0,0,0,0,3.3688721820587686,1,62,-1.125,3.332204510175204
2019-03-01,2019-03,2019,3,31,31,False,False,Afghanistan to Iran,8,7,2,0,4.0,1,63,-1.0416666666666667,3.4339872044851463
2019-04-01,2019-04,2019,4,30,30,False,False,Afghanistan to Iran,6,5,2,0,3.8,1,64,-0.9583333333333334,3.4011973816621555
2019-05-01,2019-05,2019,5,31,31,False,False,Afghanistan to Iran,0,0,0,0,3.3688721820587686,1,65,-0.875,3.4339872044851463
2019-06-01,2019-06,2019,6,30,30,False,False,Afghanistan to Iran,1,1,1,0,4.0,1,66,-0.7916666666666666,3.4011973816621555
2019-07-01,2019-07,2019,7,31,31,False,False,Afghanistan to Iran,1,1,1,0,4.0,1,67,-0.7083333333333334,3.4339872044851463
2019-08-01,2019-08,2019,8,31,31,False,False,Afghanistan to Iran,0,0,0,0,3.3688721820587686,1,68,-0.625,3.4339872044851463
2019-09-01,2019-09,2019,9,30,30,False,False,Afghanistan to Iran,3,3,1,0,4.0,1,69,-0.5416666666666666,3.4011973816621555
2019-10-01,2019-10,2019,10,31,31,False,False,Afghanistan to Iran,9,8,2,0,4.0,1,70,-0.4583333333333333,3.4339872044851463
2019-11-01,2019-11,2019,11,30,30,False,False,Afghanistan to Iran,35,3,33,0,4.0,1,71,-0.375,3.4011973816621555
2019-12-01,2019-12,2019,12,31,31,False,False,Afghanistan to Iran,0,0,0,0,3.3688721820587686,1,72,-0.2916666666666667,3.4339872044851463
2020-01-01,2020-01,2020,1,31,31,False,False,Afghanistan to Iran,33,33,1,0,4.0,1,73,-0.20833333333333334,3.4339872044851463
2020-02-01,2020-02,2020,2,29,29,False,False,Afghanistan to Iran,21,20,2,0,4.0,1,74,-0.125,3.367295829986474
2020-03-01,2020-03,2020,3,31,31,False,False,Afghanistan to Iran,6,6,1,0,4.0,1,75,-0.041666666666666664,3.4339872044851463
2020-04-01,2020-04,2020,4,30,30,False,False,Afghanistan to Iran,11,11,1,0,4.0,1,76,0.041666666666666664,3.4011973816621555
2020-05-01,2020-05,2020,5,31,31,False,False,Afghanistan to Iran,31,9,23,0,4.0,1,77,0.125,3.4339872044851463
2020-06-01,2020-06,2020,6,30,30,False,False,Afghanistan to Iran,20,16,3,0,3.9375,1,78,0.20833333333333334,3.4011973816621555
2020-07-01,2020-07,2020,7,31,31,False,False,Afghanistan to Iran,23,23,1,0,4.0,1,79,0.2916666666666667,3.4339872044851463
2020-08-01,2020-08,2020,8,31,31,False,False,Afghanistan to Iran,27,25,3,0,4.0,1,80,0.375,3.4339872044851463
2020-09-01,2020-09,2020,9,30,30,False,False,Afghanistan to Iran,42,39,2,0,4.0,1,81,0.4583333333333333,3.4011973816621555
2020-10-01,2020-10,2020,10,31,31,False,False,Afghanistan to Iran,32,32,1,0,4.0,1,82,0.5416666666666666,3.4339872044851463
2020-11-01,2020-11,2020,11,30,30,False,False,Afghanistan to Iran,27,27,1,0,4.0,1,83,0.625,3.4011973816621555
2020-12-01,2020-12,2020,12,31,31,False,False,Afghanistan to Iran,24,24,1,0,4.0,1,84,0.7083333333333334,3.4339872044851463
2021-01-01,2021-01,2021,1,31,31,False,False,Afghanistan to Iran,4,4,1,0,4.0,1,85,0.7916666666666666,3.4339872044851463
2021-02-01,2021-02,2021,2,28,28,False,False,Afghanistan to Iran,35,35,1,0,4.0,1,86,0.875,3.332204510175204
2021-03-01,2021-03,2021,3,31,31,False,False,Afghanistan to Iran,43,43,1,0,4.0,1,87,0.9583333333333334,3.4339872044851463
2021-04-01,2021-04,2021,4,30,30,False,False,Afghanistan to Iran,41,41,1,0,4.0,1,88,1.0416666666666667,3.4011973816621555
2021-05-01,2021-05,2021,5,31,31,False,False,Afghanistan to Iran,22,22,1,0,4.0,1,89,1.125,3.4339872044851463
2021-06-01,2021-06,2021,6,30,30,False,False,Afghanistan to Iran,52,52,1,0,4.0,1,90,1.2083333333333333,3.4011973816621555
2021-07-01,2021-07,2021,7,31,31,False,False,Afghanistan to Iran,47,47,1,0,4.0,1,91,1.2916666666666667,3.4339872044851463
2021-08-01,2021-08,2021,8,31,31,False,False,Afghanistan to Iran,25,23,3,0,3.869565217391304,1,92,1.375,3.4339872044851463
2021-09-01,2021-09,2021,9,30,30,False,False,Afghanistan to Iran,49,49,1,0,4.0,1,93,1.4583333333333333,3.4011973816621555
2021-10-01,2021-10,2021,10,31,31,False,False,Afghanistan to Iran,63,62,2,0,3.9516129032258065,1,94,1.5416666666666667,3.4339872044851463
2021-11-01,2021-11,2021,11,30,30,False,False,Afghanistan to Iran,50,50,1,0,4.0,1,95,1.625,3.4011973816621555
2021-12-01,2021-12,2021,12,31,31,False,False,Afghanistan to Iran,55,45,6,0,3.888888888888889,1,96,1.7083333333333333,3.4339872044851463
2022-01-01,2022-01,2022,1,31,31,False,False,Afghanistan to Iran,65,58,8,0,3.9827586206896552,1,97,1.7916666666666667,3.4339872044851463
2022-02-01,2022-02,2022,2,28,28,False,False,Afghanistan to Iran,54,54,1,0,3.9444444444444446,1,98,1.875,3.332204510175204
2022-03-01,2022-03,2022,3,31,31,False,False,Afghanistan to Iran,23,23,1,0,4.0,1,99,1.9583333333333333,3.4339872044851463
2022-04-01,2022-04,2022,4,30,30,False,False,Afghanistan to Iran,45,45,1,0,4.0,1,100,2.0416666666666665,3.4011973816621555
2022-05-01,2022-05,2022,5,31,31,False,False,Afghanistan to Iran,71,71,1,0,4.0,1,101,2.125,3.4339872044851463
2022-06-01,2022-06,2022,6,30,30,False,False,Afghanistan to Iran,69,69,1,0,4.0,1,102,2.2083333333333335,3.4011973816621555
2022-07-01,2022-07,2022,7,31,31,False,False,Afghanistan to Iran,50,50,1,0,4.0,1,103,2.2916666666666665,3.4339872044851463
2022-08-01,2022-08,2022,8,31,31,False,False,Afghanistan to Iran,59,59,1,0,4.0,1,104,2.375,3.4339872044851463
2022-09-01,2022-09,2022,9,30,30,False,False,Afghanistan to Iran,61,61,1,0,4.0,1,105,2.4583333333333335,3.4011973816621555
2022-10-01,2022-10,2022,10,31,31,False,False,Afghanistan to Iran,54,54,1,0,4.0,1,106,2.5416666666666665,3.4339872044851463
2022-11-01,2022-11,2022,11,30,30,False,False,Afghanistan to Iran,102,102,1,0,4.0,1,107,2.625,3.4011973816621555
2022-12-01,2022-12,2022,12,31,31,False,False,Afghanistan to Iran,27,27,1,0,4.0,1,108,2.7083333333333335,3.4339872044851463
2023-01-01,2023-01,2023,1,31,31,False,False,Afghanistan to Iran,78,78,1,0,4.0,1,109,2.7916666666666665,3.4339872044851463
2023-02-01,2023-02,2023,2,28,28,False,False,Afghanistan to Iran,79,79,1,0,4.0,1,110,2.875,3.332204510175204
2023-03-01,2023-03,2023,3,31,31,False,False,Afghanistan to Iran,112,102,11,0,3.9901960784313726,1,111,2.9583333333333335,3.4339872044851463
2023-04-01,2023-04,2023,4,30,30,False,False,Afghanistan to Iran,2,2,1,0,4.0,1,112,3.0416666666666665,3.4011973816621555
2023-05-01,2023-05,2023,5,31,31,False,False,Afghanistan to Iran,21,21,1,0,4.0,1,113,3.125,3.4339872044851463
2023-06-01,2023-06,2023,6,30,30,False,False,Afghanistan to Iran,48,48,1,0,4.0,1,114,3.2083333333333335,3.4011973816621555
2023-07-01,2023-07,2023,7,31,31,False,False,Afghanistan to Iran,98,94,5,0,3.9893617021276597,1,115,3.2916666666666665,3.4339872044851463
2023-08-01,2023-08,2023,8,31,31,False,False,Afghanistan to Iran,129,129,1,0,4.0,1,116,3.375,3.4339872044851463
2023-09-01,2023-09,2023,9,30,30,False,False,Afghanistan to Iran,110,110,1,0,4.0,1,117,3.4583333333333335,3.4011973816621555
2023-10-01,2023-10,2023,10,31,31,False,False,Afghanistan to Iran,120,120,1,0,4.0,1,118,3.5416666666666665,3.4339872044851463
2023-11-01,2023-11,2023,11,30,30,False,False,Afghanistan to Iran,125,125,1,0,4.0,1,119,3.625,3.4011973816621555
2023-12-01,2023-12,2023,12,31,31,False,False,Afghanistan to Iran,136,136,1,0,3.9779411764705883,1,120,3.7083333333333335,3.4339872044851463
2024-01-01,2024-01,2024,1,31,31,False,False,Afghanistan to Iran,112,109,3,0,3.9357798165137616,1,121,3.7916666666666665,3.4339872044851463
2024-02-01,2024-02,2024,2,29,29,False,False,Afghanistan to Iran,114,113,2,0,3.9469026548672566,1,122,3.875,3.367295829986474
2024-03-01,2024-03,2024,3,31,31,False,False,Afghanistan to Iran,121,121,1,0,3.975206611570248,1,123,3.9583333333333335,3.4339872044851463
2024-04-01,2024-04,2024,4,30,30,False,False,Afghanistan to Iran,117,117,1,0,4.0,1,124,4.041666666666667,3.4011973816621555
2024-05-01,2024-05,2024,5,31,31,False,False,Afghanistan to Iran,114,114,1,0,4.0,1,125,4.125,3.4339872044851463
2024-06-01,2024-06,2024,6,30,30,False,False,Afghanistan to Iran,87,87,1,0,4.0,1,126,4.208333333333333,3.4011973816621555
2024-07-01,2024-07,2024,7,31,31,False,False,Afghanistan to Iran,75,73,3,0,3.9863013698630136,1,127,4.291666666666667,3.4339872044851463
2024-08-01,2024-08,2024,8,31,31,False,False,Afghanistan to Iran,59,59,1,0,4.0,1,128,4.375,3.4339872044851463
2024-09-01,2024-09,2024,9,30,30,False,False,Afghanistan to Iran,82,82,1,0,4.0,1,129,4.458333333333333,3.4011973816621555
2024-10-01,2024-10,2024,10,31,31,False,False,Afghanistan to Iran,114,114,1,0,4.0,1,130,4.541666666666667,3.4339872044851463
2024-11-01,2024-11,2024,11,30,30,False,False,Afghanistan to Iran,125,124,2,0,3.9919354838709675,1,131,4.625,3.4011973816621555
2024-12-01,2024-12,2024,12,31,31,False,False,Afghanistan to Iran,145,144,2,0,3.986111111111111,1,132,4.708333333333333,3.4339872044851463
2025-01-01,2025-01,2025,1,31,31,False,False,Afghanistan to Iran,116,107,6,0,3.9345794392523366,1,133,4.791666666666667,3.4339872044851463
2025-02-01,2025-02,2025,2,28,28,False,False,Afghanistan to Iran,106,105,2,0,3.9904761904761905,1,134,4.875,3.332204510175204
2025-03-01,2025-03,2025,3,31,31,False,False,Afghanistan to Iran,77,77,1,0,3.987012987012987,1,135,4.958333333333333,3.4339872044851463
2025-04-01,2025-04,2025,4,30,30,False,False,Afghanistan to Iran,120,115,6,0,3.991304347826087,1,136,5.041666666666667,3.4011973816621555
2025-05-01,2025-05,2025,5,31,31,False,False,Afghanistan to Iran,126,126,1,0,4.0,1,137,5.125,3.4339872044851463
2025-06-01,2025-06,2025,6,30,30,False,False,Afghanistan to Iran,115,115,1,0,4.0,1,138,5.208333333333333,3.4011973816621555
2025-07-01,2025-07,2025,7,31,31,False,False,Afghanistan to Iran,80,80,1,0,3.9625,1,139,5.291666666666667,3.4339872044851463
2025-08-01,2025-08,2025,8,31,31,False,False,Afghanistan to Iran,73,73,1,0,3.9863013698630136,1,140,5.375,3.4339872044851463
2025-09-01,2025-09,2025,9,30,30,False,False,Afghanistan to Iran,79,74,6,0,3.9864864864864864,1,141,5.458333333333333,3.4011973816621555
2025-10-01,2025-10,2025,10,31,31,False,False,Afghanistan to Iran,145,143,3,0,3.986013986013986,1,142,5.541666666666667,3.4339872044851463
2025-11-01,2025-11,2025,11,30,30,False,False,Afghanistan to Iran,140,114,13,0,3.9649122807017543,1,143,5.625,3.4011973816621555
2025-12-01,2025-12,2025,12,31,31,False,False,Afghanistan to Iran,146,76,47,0,3.9473684210526314,1,144,5.708333333333333,3.4339872044851463
2026-01-01,2026-01,2026,1,31,31,False,True,Afghanistan to Iran,85,85,1,0,4.0,1,145,5.791666666666667,3.4339872044851463
2026-02-01,2026-02,2026,2,28,28,False,True,Afghanistan to Iran,125,121,4,0,3.9834710743801653,1,146,5.875,3.332204510175204
2026-03-01,2026-03,2026,3,31,31,False,True,Afghanistan to Iran,94,94,1,0,4.0,1,147,5.958333333333333,3.4339872044851463
2026-04-01,2026-04,2026,4,30,30,False,True,Afghanistan to Iran,3,2,2,0,3.0,1,148,6.041666666666667,3.4011973816621555
2026-05-01,2026-05,2026,5,31,31,False,True,Afghanistan to Iran,5,3,3,0,3.3333333333333335,1,149,6.125,3.4339872044851463
2026-06-01,2026-06,2026,6,16,30,True,True,Afghanistan to Iran,6,1,6,0,3.0,1,150,6.208333333333333,2.772588722239781
2014-01-01,2014-01,2014,1,31,31,False,False,Bay of Bengal/Andaman Sea,0,0,0,0,3.3688721820587686,2,1,-6.208333333333333,3.4339872044851463
2014-02-01,2014-02,2014,2,28,28,False,False,Bay of Bengal/Andaman Sea,0,0,0,0,3.3688721820587686,2,2,-6.125,3.332204510175204
2014-03-01,2014-03,2014,3,31,31,False,False,Bay of Bengal/Andaman Sea,0,0,0,0,3.3688721820587686,2,3,-6.041666666666667,3.4339872044851463
2014-04-01,2014-04,2014,4,30,30,False,False,Bay of Bengal/Andaman Sea,0,0,0,0,3.3688721820587686,2,4,-5.958333333333333,3.4011973816621555
2014-05-01,2014-05,2014,5,31,31,False,False,Bay of Bengal/Andaman Sea,0,0,0,0,3.3688721820587686,2,5,-5.875,3.4339872044851463
2014-06-01,2014-06,2014,6,30,30,False,False,Bay of Bengal/Andaman Sea,0,0,0,0,3.3688721820587686,2,6,-5.791666666666667,3.4011973816621555
2014-07-01,2014-07,2014,7,31,31,False,False,Bay of Bengal/Andaman Sea,0,0,0,0,3.3688721820587686,2,7,-5.708333333333333,3.4339872044851463
2014-08-01,2014-08,2014,8,31,31,False,False,Bay of Bengal/Andaman Sea,0,0,0,0,3.3688721820587686,2,8,-5.625,3.4339872044851463
2014-09-01,2014-09,2014,9,30,30,False,False,Bay of Bengal/Andaman Sea,0,0,0,0,3.3688721820587686,2,9,-5.541666666666667,3.4011973816621555
2014-10-01,2014-10,2014,10,31,31,False,False,Bay of Bengal/Andaman Sea,0,0,0,0,3.3688721820587686,2,10,-5.458333333333333,3.4339872044851463
2014-11-01,2014-11,2014,11,30,30,False,False,Bay of Bengal/Andaman Sea,0,0,0,0,3.3688721820587686,2,11,-5.375,3.4011973816621555
2014-12-01,2014-12,2014,12,31,31,False,False,Bay of Bengal/Andaman Sea,0,0,0,0,3.3688721820587686,2,12,-5.291666666666667,3.4339872044851463
2015-01-01,2015-01,2015,1,31,31,False,False,Bay of Bengal/Andaman Sea,0,0,0,0,3.3688721820587686,2,13,-5.208333333333333,3.4339872044851463
2015-02-01,2015-02,2015,2,28,28,False,False,Bay of Bengal/Andaman Sea,0,0,0,0,3.3688721820587686,2,14,-5.125,3.332204510175204
2015-03-01,2015-03,2015,3,31,31,False,False,Bay of Bengal/Andaman Sea,0,0,0,0,3.3688721820587686,2,15,-5.041666666666667,3.4339872044851463
2015-04-01,2015-04,2015,4,30,30,False,False,Bay of Bengal/Andaman Sea,0,0,0,0,3.3688721820587686,2,16,-4.958333333333333,3.4011973816621555
2015-05-01,2015-05,2015,5,31,31,False,False,Bay of Bengal/Andaman Sea,100,1,100,1,1.0,2,17,-4.875,3.4339872044851463
2015-06-01,2015-06,2015,6,30,30,False,False,Bay of Bengal/Andaman Sea,0,0,0,0,3.3688721820587686,2,18,-4.791666666666667,3.4011973816621555
2015-07-01,2015-07,2015,7,31,31,False,False,Bay of Bengal/Andaman Sea,0,0,0,0,3.3688721820587686,2,19,-4.708333333333333,3.4339872044851463
2015-08-01,2015-08,2015,8,31,31,False,False,Bay of Bengal/Andaman Sea,0,0,0,0,3.3688721820587686,2,20,-4.625,3.4339872044851463
2015-09-01,2015-09,2015,9,30,30,False,False,Bay of Bengal/Andaman Sea,0,0,0,0,3.3688721820587686,2,21,-4.541666666666667,3.4011973816621555
2015-10-01,2015-10,2015,10,31,31,False,False,Bay of Bengal/Andaman Sea,0,0,0,0,3.3688721820587686,2,22,-4.458333333333333,3.4339872044851463
2015-11-01,2015-11,2015,11,30,30,False,False,Bay of Bengal/Andaman Sea,0,0,0,0,3.3688721820587686,2,23,-4.375,3.4011973816621555
2015-12-01,2015-12,2015,12,31,31,False,False,Bay of Bengal/Andaman Sea,0,0,0,0,3.3688721820587686,2,24,-4.291666666666667,3.4339872044851463
2016-01-01,2016-01,2016,1,31,31,False,False,Bay of Bengal/Andaman Sea,0,0,0,0,3.3688721820587686,2,25,-4.208333333333333,3.4339872044851463
2016-02-01,2016-02,2016,2,29,29,False,False,Bay of Bengal/Andaman Sea,0,0,0,0,3.3688721820587686,2,26,-4.125,3.367295829986474
2016-03-01,2016-03,2016,3,31,31,False,False,Bay of Bengal/Andaman Sea,0,0,0,0,3.3688721820587686,2,27,-4.041666666666667,3.4339872044851463
2016-04-01,2016-04,2016,4,30,30,False,False,Bay of Bengal/Andaman Sea,0,0,0,0,3.3688721820587686,2,28,-3.9583333333333335,3.4011973816621555
2016-05-01,2016-05,2016,5,31,31,False,False,Bay of Bengal/Andaman Sea,0,0,0,0,3.3688721820587686,2,29,-3.875,3.4339872044851463
2016-06-01,2016-06,2016,6,30,30,False,False,Bay of Bengal/Andaman Sea,0,0,0,0,3.3688721820587686,2,30,-3.7916666666666665,3.4011973816621555
2016-07-01,2016-07,2016,7,31,31,False,False,Bay of Bengal/Andaman Sea,0,0,0,0,3.3688721820587686,2,31,-3.7083333333333335,3.4339872044851463
2016-08-01,2016-08,2016,8,31,31,False,False,Bay of Bengal/Andaman Sea,0,0,0,0,3.3688721820587686,2,32,-3.625,3.4339872044851463
2016-09-01,2016-09,2016,9,30,30,False,False,Bay of Bengal/Andaman Sea,0,0,0,0,3.3688721820587686,2,33,-3.5416666666666665,3.4011973816621555
2016-10-01,2016-10,2016,10,31,31,False,False,Bay of Bengal/Andaman Sea,0,0,0,0,3.3688721820587686,2,34,-3.4583333333333335,3.4339872044851463
2016-11-01,2016-11,2016,11,30,30,False,False,Bay of Bengal/Andaman Sea,0,0,0,0,3.3688721820587686,2,35,-3.375,3.4011973816621555
2016-12-01,2016-12,2016,12,31,31,False,False,Bay of Bengal/Andaman Sea,0,0,0,0,3.3688721820587686,2,36,-3.2916666666666665,3.4339872044851463
2017-01-01,2017-01,2017,1,31,31,False,False,Bay of Bengal/Andaman Sea,0,0,0,0,3.3688721820587686,2,37,-3.2083333333333335,3.4339872044851463
2017-02-01,2017-02,2017,2,28,28,False,False,Bay of Bengal/Andaman Sea,0,0,0,0,3.3688721820587686,2,38,-3.125,3.332204510175204
2017-03-01,2017-03,2017,3,31,31,False,False,Bay of Bengal/Andaman Sea,0,0,0,0,3.3688721820587686,2,39,-3.0416666666666665,3.4339872044851463
2017-04-01,2017-04,2017,4,30,30,False,False,Bay of Bengal/Andaman Sea,0,0,0,0,3.3688721820587686,2,40,-2.9583333333333335,3.4011973816621555
2017-05-01,2017-05,2017,5,31,31,False,False,Bay of Bengal/Andaman Sea,0,0,0,0,3.3688721820587686,2,41,-2.875,3.4339872044851463
2017-06-01,2017-06,2017,6,30,30,False,False,Bay of Bengal/Andaman Sea,0,0,0,0,3.3688721820587686,2,42,-2.7916666666666665,3.4011973816621555
2017-07-01,2017-07,2017,7,31,31,False,False,Bay of Bengal/Andaman Sea,0,0,0,0,3.3688721820587686,2,43,-2.7083333333333335,3.4339872044851463
2017-08-01,2017-08,2017,8,31,31,False,False,Bay of Bengal/Andaman Sea,0,0,0,0,3.3688721820587686,2,44,-2.625,3.4339872044851463
2017-09-01,2017-09,2017,9,30,30,False,False,Bay of Bengal/Andaman Sea,63,1,63,0,4.0,2,45,-2.5416666666666665,3.4011973816621555
2017-10-01,2017-10,2017,10,31,31,False,False,Bay of Bengal/Andaman Sea,7,2,4,0,4.0,2,46,-2.4583333333333335,3.4339872044851463
2017-11-01,2017-11,2017,11,30,30,False,False,Bay of Bengal/Andaman Sea,0,0,0,0,3.3688721820587686,2,47,-2.375,3.4011973816621555
2017-12-01,2017-12,2017,12,31,31,False,False,Bay of Bengal/Andaman Sea,0,0,0,0,3.3688721820587686,2,48,-2.2916666666666665,3.4339872044851463
2018-01-01,2018-01,2018,1,31,31,False,False,Bay of Bengal/Andaman Sea,0,0,0,0,3.3688721820587686,2,49,-2.2083333333333335,3.4339872044851463
2018-02-01,2018-02,2018,2,28,28,False,False,Bay of Bengal/Andaman Sea,0,0,0,0,3.3688721820587686,2,50,-2.125,3.332204510175204
2018-03-01,2018-03,2018,3,31,31,False,False,Bay of Bengal/Andaman Sea,0,0,0,0,3.3688721820587686,2,51,-2.0416666666666665,3.4339872044851463
2018-04-01,2018-04,2018,4,30,30,False,False,Bay of Bengal/Andaman Sea,10,1,10,0,4.0,2,52,-1.9583333333333333,3.4011973816621555
2018-05-01,2018-05,2018,5,31,31,False,False,Bay of Bengal/Andaman Sea,0,0,0,0,3.3688721820587686,2,53,-1.875,3.4339872044851463
2018-06-01,2018-06,2018,6,30,30,False,False,Bay of Bengal/Andaman Sea,0,0,0,0,3.3688721820587686,2,54,-1.7916666666666667,3.4011973816621555
2018-07-01,2018-07,2018,7,31,31,False,False,Bay of Bengal/Andaman Sea,0,0,0,0,3.3688721820587686,2,55,-1.7083333333333333,3.4339872044851463
2018-08-01,2018-08,2018,8,31,31,False,False,Bay of Bengal/Andaman Sea,0,0,0,0,3.3688721820587686,2,56,-1.625,3.4339872044851463
2018-09-01,2018-09,2018,9,30,30,False,False,Bay of Bengal/Andaman Sea,0,0,0,0,3.3688721820587686,2,57,-1.5416666666666667,3.4011973816621555
2018-10-01,2018-10,2018,10,31,31,False,False,Bay of Bengal/Andaman Sea,0,0,0,0,3.3688721820587686,2,58,-1.4583333333333333,3.4339872044851463
2018-11-01,2018-11,2018,11,30,30,False,False,Bay of Bengal/Andaman Sea,1,1,1,0,4.0,2,59,-1.375,3.4011973816621555
2018-12-01,2018-12,2018,12,31,31,False,False,Bay of Bengal/Andaman Sea,0,0,0,0,3.3688721820587686,2,60,-1.2916666666666667,3.4339872044851463
2019-01-01,2019-01,2019,1,31,31,False,False,Bay of Bengal/Andaman Sea,0,0,0,0,3.3688721820587686,2,61,-1.2083333333333333,3.4339872044851463
2019-02-01,2019-02,2019,2,28,28,False,False,Bay of Bengal/Andaman Sea,0,0,0,0,3.3688721820587686,2,62,-1.125,3.332204510175204
2019-03-01,2019-03,2019,3,31,31,False,False,Bay of Bengal/Andaman Sea,0,0,0,0,3.3688721820587686,2,63,-1.0416666666666667,3.4339872044851463
2019-04-01,2019-04,2019,4,30,30,False,False,Bay of Bengal/Andaman Sea,0,0,0,0,3.3688721820587686,2,64,-0.9583333333333334,3.4011973816621555
2019-05-01,2019-05,2019,5,31,31,False,False,Bay of Bengal/Andaman Sea,0,0,0,0,3.3688721820587686,2,65,-0.875,3.4339872044851463
2019-06-01,2019-06,2019,6,30,30,False,False,Bay of Bengal/Andaman Sea,0,0,0,0,3.3688721820587686,2,66,-0.7916666666666666,3.4011973816621555
2019-07-01,2019-07,2019,7,31,31,False,False,Bay of Bengal/Andaman Sea,0,0,0,0,3.3688721820587686,2,67,-0.7083333333333334,3.4339872044851463
2019-08-01,2019-08,2019,8,31,31,False,False,Bay of Bengal/Andaman Sea,0,0,0,0,3.3688721820587686,2,68,-0.625,3.4339872044851463
2019-09-01,2019-09,2019,9,30,30,False,False,Bay of Bengal/Andaman Sea,0,0,0,0,3.3688721820587686,2,69,-0.5416666666666666,3.4011973816621555
2019-10-01,2019-10,2019,10,31,31,False,False,Bay of Bengal/Andaman Sea,0,0,0,0,3.3688721820587686,2,70,-0.4583333333333333,3.4339872044851463
2019-11-01,2019-11,2019,11,30,30,False,False,Bay of Bengal/Andaman Sea,0,0,0,0,3.3688721820587686,2,71,-0.375,3.4011973816621555
2019-12-01,2019-12,2019,12,31,31,False,False,Bay of Bengal/Andaman Sea,0,0,0,0,3.3688721820587686,2,72,-0.2916666666666667,3.4339872044851463
2020-01-01,2020-01,2020,1,31,31,False,False,Bay of Bengal/Andaman Sea,0,0,0,0,3.3688721820587686,2,73,-0.20833333333333334,3.4339872044851463
2020-02-01,2020-02,2020,2,29,29,False,False,Bay of Bengal/Andaman Sea,65,1,65,0,4.0,2,74,-0.125,3.367295829986474
2020-03-01,2020-03,2020,3,31,31,False,False,Bay of Bengal/Andaman Sea,0,0,0,0,3.3688721820587686,2,75,-0.041666666666666664,3.4339872044851463
2020-04-01,2020-04,2020,4,30,30,False,False,Bay of Bengal/Andaman Sea,70,1,70,0,4.0,2,76,0.041666666666666664,3.4011973816621555
2020-05-01,2020-05,2020,5,31,31,False,False,Bay of Bengal/Andaman Sea,0,0,0,0,3.3688721820587686,2,77,0.125,3.4339872044851463
2020-06-01,2020-06,2020,6,30,30,False,False,Bay of Bengal/Andaman Sea,12,1,12,0,4.0,2,78,0.20833333333333334,3.4011973816621555
2020-07-01,2020-07,2020,7,31,31,False,False,Bay of Bengal/Andaman Sea,0,0,0,0,3.3688721820587686,2,79,0.2916666666666667,3.4339872044851463
2020-08-01,2020-08,2020,8,31,31,False,False,Bay of Bengal/Andaman Sea,0,0,0,0,3.3688721820587686,2,80,0.375,3.4339872044851463
2020-09-01,2020-09,2020,9,30,30,False,False,Bay of Bengal/Andaman Sea,33,4,30,0,4.0,2,81,0.4583333333333333,3.4011973816621555
2020-10-01,2020-10,2020,10,31,31,False,False,Bay of Bengal/Andaman Sea,0,0,0,0,3.3688721820587686,2,82,0.5416666666666666,3.4339872044851463
2020-11-01,2020-11,2020,11,30,30,False,False,Bay of Bengal/Andaman Sea,0,0,0,0,3.3688721820587686,2,83,0.625,3.4011973816621555
2020-12-01,2020-12,2020,12,31,31,False,False,Bay of Bengal/Andaman Sea,0,0,0,0,3.3688721820587686,2,84,0.7083333333333334,3.4339872044851463
2021-01-01,2021-01,2021,1,31,31,False,False,Bay of Bengal/Andaman Sea,0,0,0,0,3.3688721820587686,2,85,0.7916666666666666,3.4339872044851463
2021-02-01,2021-02,2021,2,28,28,False,False,Bay of Bengal/Andaman Sea,9,1,9,0,5.0,2,86,0.875,3.332204510175204
2021-03-01,2021-03,2021,3,31,31,False,False,Bay of Bengal/Andaman Sea,0,0,0,0,3.3688721820587686,2,87,0.9583333333333334,3.4339872044851463
2021-04-01,2021-04,2021,4,30,30,False,False,Bay of Bengal/Andaman Sea,0,0,0,0,3.3688721820587686,2,88,1.0416666666666667,3.4011973816621555
2021-05-01,2021-05,2021,5,31,31,False,False,Bay of Bengal/Andaman Sea,0,0,0,0,3.3688721820587686,2,89,1.125,3.4339872044851463
2021-06-01,2021-06,2021,6,30,30,False,False,Bay of Bengal/Andaman Sea,0,0,0,0,3.3688721820587686,2,90,1.2083333333333333,3.4011973816621555
2021-07-01,2021-07,2021,7,31,31,False,False,Bay of Bengal/Andaman Sea,0,0,0,0,3.3688721820587686,2,91,1.2916666666666667,3.4339872044851463
2021-08-01,2021-08,2021,8,31,31,False,False,Bay of Bengal/Andaman Sea,0,0,0,0,3.3688721820587686,2,92,1.375,3.4339872044851463
2021-09-01,2021-09,2021,9,30,30,False,False,Bay of Bengal/Andaman Sea,0,0,0,0,3.3688721820587686,2,93,1.4583333333333333,3.4011973816621555
2021-10-01,2021-10,2021,10,31,31,False,False,Bay of Bengal/Andaman Sea,0,0,0,0,3.3688721820587686,2,94,1.5416666666666667,3.4339872044851463
2021-11-01,2021-11,2021,11,30,30,False,False,Bay of Bengal/Andaman Sea,0,0,0,0,3.3688721820587686,2,95,1.625,3.4011973816621555
2021-12-01,2021-12,2021,12,31,31,False,False,Bay of Bengal/Andaman Sea,1,1,1,0,4.0,2,96,1.7083333333333333,3.4339872044851463
2022-01-01,2022-01,2022,1,31,31,False,False,Bay of Bengal/Andaman Sea,0,0,0,0,3.3688721820587686,2,97,1.7916666666666667,3.4339872044851463
2022-02-01,2022-02,2022,2,28,28,False,False,Bay of Bengal/Andaman Sea,0,0,0,0,3.3688721820587686,2,98,1.875,3.332204510175204
2022-03-01,2022-03,2022,3,31,31,False,False,Bay of Bengal/Andaman Sea,0,0,0,0,3.3688721820587686,2,99,1.9583333333333333,3.4339872044851463
2022-04-01,2022-04,2022,4,30,30,False,False,Bay of Bengal/Andaman Sea,0,0,0,0,3.3688721820587686,2,100,2.0416666666666665,3.4011973816621555
2022-05-01,2022-05,2022,5,31,31,False,False,Bay of Bengal/Andaman Sea,67,1,67,0,4.0,2,101,2.125,3.4339872044851463
2022-06-01,2022-06,2022,6,30,30,False,False,Bay of Bengal/Andaman Sea,0,0,0,0,3.3688721820587686,2,102,2.2083333333333335,3.4011973816621555
2022-07-01,2022-07,2022,7,31,31,False,False,Bay of Bengal/Andaman Sea,0,0,0,0,3.3688721820587686,2,103,2.2916666666666665,3.4339872044851463
2022-08-01,2022-08,2022,8,31,31,False,False,Bay of Bengal/Andaman Sea,0,0,0,0,3.3688721820587686,2,104,2.375,3.4339872044851463
2022-09-01,2022-09,2022,9,30,30,False,False,Bay of Bengal/Andaman Sea,0,0,0,0,3.3688721820587686,2,105,2.4583333333333335,3.4011973816621555
2022-10-01,2022-10,2022,10,31,31,False,False,Bay of Bengal/Andaman Sea,5,1,5,0,4.0,2,106,2.5416666666666665,3.4339872044851463
2022-11-01,2022-11,2022,11,30,30,False,False,Bay of Bengal/Andaman Sea,20,1,20,0,4.0,2,107,2.625,3.4011973816621555
2022-12-01,2022-12,2022,12,31,31,False,False,Bay of Bengal/Andaman Sea,234,4,180,1,3.5,2,108,2.7083333333333335,3.4339872044851463
2023-01-01,2023-01,2023,1,31,31,False,False,Bay of Bengal/Andaman Sea,0,0,0,0,3.3688721820587686,2,109,2.7916666666666665,3.4339872044851463
2023-02-01,2023-02,2023,2,28,28,False,False,Bay of Bengal/Andaman Sea,0,0,0,0,3.3688721820587686,2,110,2.875,3.332204510175204
2023-03-01,2023-03,2023,3,31,31,False,False,Bay of Bengal/Andaman Sea,0,0,0,0,3.3688721820587686,2,111,2.9583333333333335,3.4339872044851463
2023-04-01,2023-04,2023,4,30,30,False,False,Bay of Bengal/Andaman Sea,0,0,0,0,3.3688721820587686,2,112,3.0416666666666665,3.4011973816621555
2023-05-01,2023-05,2023,5,31,31,False,False,Bay of Bengal/Andaman Sea,0,0,0,0,3.3688721820587686,2,113,3.125,3.4339872044851463
2023-06-01,2023-06,2023,6,30,30,False,False,Bay of Bengal/Andaman Sea,0,0,0,0,3.3688721820587686,2,114,3.2083333333333335,3.4011973816621555
2023-07-01,2023-07,2023,7,31,31,False,False,Bay of Bengal/Andaman Sea,0,0,0,0,3.3688721820587686,2,115,3.2916666666666665,3.4339872044851463
2023-08-01,2023-08,2023,8,31,31,False,False,Bay of Bengal/Andaman Sea,44,1,44,0,4.0,2,116,3.375,3.4339872044851463
2023-09-01,2023-09,2023,9,30,30,False,False,Bay of Bengal/Andaman Sea,0,0,0,0,3.3688721820587686,2,117,3.4583333333333335,3.4011973816621555
2023-10-01,2023-10,2023,10,31,31,False,False,Bay of Bengal/Andaman Sea,0,0,0,0,3.3688721820587686,2,118,3.5416666666666665,3.4339872044851463
2023-11-01,2023-11,2023,11,30,30,False,False,Bay of Bengal/Andaman Sea,0,0,0,0,3.3688721820587686,2,119,3.625,3.4011973816621555
2023-12-01,2023-12,2023,12,31,31,False,False,Bay of Bengal/Andaman Sea,4,1,4,0,1.0,2,120,3.7083333333333335,3.4339872044851463
2024-01-01,2024-01,2024,1,31,31,False,False,Bay of Bengal/Andaman Sea,0,0,0,0,3.3688721820587686,2,121,3.7916666666666665,3.4339872044851463
2024-02-01,2024-02,2024,2,29,29,False,False,Bay of Bengal/Andaman Sea,2,1,2,0,4.0,2,122,3.875,3.367295829986474
2024-03-01,2024-03,2024,3,31,31,False,False,Bay of Bengal/Andaman Sea,80,1,80,1,4.0,2,123,3.9583333333333335,3.4339872044851463
2024-04-01,2024-04,2024,4,30,30,False,False,Bay of Bengal/Andaman Sea,0,0,0,0,3.3688721820587686,2,124,4.041666666666667,3.4011973816621555
2024-05-01,2024-05,2024,5,31,31,False,False,Bay of Bengal/Andaman Sea,0,0,0,0,3.3688721820587686,2,125,4.125,3.4339872044851463
2024-06-01,2024-06,2024,6,30,30,False,False,Bay of Bengal/Andaman Sea,35,1,35,0,4.0,2,126,4.208333333333333,3.4011973816621555
2024-07-01,2024-07,2024,7,31,31,False,False,Bay of Bengal/Andaman Sea,0,0,0,0,3.3688721820587686,2,127,4.291666666666667,3.4339872044851463
2024-08-01,2024-08,2024,8,31,31,False,False,Bay of Bengal/Andaman Sea,14,2,10,0,4.0,2,128,4.375,3.4339872044851463
2024-09-01,2024-09,2024,9,30,30,False,False,Bay of Bengal/Andaman Sea,0,0,0,0,3.3688721820587686,2,129,4.458333333333333,3.4011973816621555
2024-10-01,2024-10,2024,10,31,31,False,False,Bay of Bengal/Andaman Sea,37,3,28,0,4.0,2,130,4.541666666666667,3.4339872044851463
2024-11-01,2024-11,2024,11,30,30,False,False,Bay of Bengal/Andaman Sea,424,2,250,2,4.0,2,131,4.625,3.4011973816621555
2024-12-01,2024-12,2024,12,31,31,False,False,Bay of Bengal/Andaman Sea,6,1,6,0,4.0,2,132,4.708333333333333,3.4339872044851463
2025-01-01,2025-01,2025,1,31,31,False,False,Bay of Bengal/Andaman Sea,12,2,10,0,4.0,2,133,4.791666666666667,3.4339872044851463
2025-02-01,2025-02,2025,2,28,28,False,False,Bay of Bengal/Andaman Sea,0,0,0,0,3.3688721820587686,2,134,4.875,3.332204510175204
2025-03-01,2025-03,2025,3,31,31,False,False,Bay of Bengal/Andaman Sea,0,0,0,0,3.3688721820587686,2,135,4.958333333333333,3.4339872044851463
2025-04-01,2025-04,2025,4,30,30,False,False,Bay of Bengal/Andaman Sea,0,0,0,0,3.3688721820587686,2,136,5.041666666666667,3.4011973816621555
2025-05-01,2025-05,2025,5,31,31,False,False,Bay of Bengal/Andaman Sea,427,2,226,2,4.0,2,137,5.125,3.4339872044851463
2025-06-01,2025-06,2025,6,30,30,False,False,Bay of Bengal/Andaman Sea,0,0,0,0,3.3688721820587686,2,138,5.208333333333333,3.4011973816621555
2025-07-01,2025-07,2025,7,31,31,False,False,Bay of Bengal/Andaman Sea,0,0,0,0,3.3688721820587686,2,139,5.291666666666667,3.4339872044851463
2025-08-01,2025-08,2025,8,31,31,False,False,Bay of Bengal/Andaman Sea,0,0,0,0,3.3688721820587686,2,140,5.375,3.4339872044851463
2025-09-01,2025-09,2025,9,30,30,False,False,Bay of Bengal/Andaman Sea,135,1,135,1,4.0,2,141,5.458333333333333,3.4011973816621555
2025-10-01,2025-10,2025,10,31,31,False,False,Bay of Bengal/Andaman Sea,0,0,0,0,3.3688721820587686,2,142,5.541666666666667,3.4339872044851463
2025-11-01,2025-11,2025,11,30,30,False,False,Bay of Bengal/Andaman Sea,0,0,0,0,3.3688721820587686,2,143,5.625,3.4011973816621555
2025-12-01,2025-12,2025,12,31,31,False,False,Bay of Bengal/Andaman Sea,0,0,0,0,3.3688721820587686,2,144,5.708333333333333,3.4339872044851463
2026-01-01,2026-01,2026,1,31,31,False,True,Bay of Bengal/Andaman Sea,39,1,39,0,4.0,2,145,5.791666666666667,3.4339872044851463
2026-02-01,2026-02,2026,2,28,28,False,True,Bay of Bengal/Andaman Sea,0,0,0,0,3.3688721820587686,2,146,5.875,3.332204510175204
2026-03-01,2026-03,2026,3,31,31,False,True,Bay of Bengal/Andaman Sea,0,0,0,0,3.3688721820587686,2,147,5.958333333333333,3.4339872044851463
2026-04-01,2026-04,2026,4,30,30,False,True,Bay of Bengal/Andaman Sea,250,1,250,1,4.0,2,148,6.041666666666667,3.4011973816621555
2026-05-01,2026-05,2026,5,31,31,False,True,Bay of Bengal/Andaman Sea,0,0,0,0,3.3688721820587686,2,149,6.125,3.4339872044851463
2026-06-01,2026-06,2026,6,16,30,True,True,Bay of Bengal/Andaman Sea,0,0,0,0,3.3688721820587686,2,150,6.208333333333333,2.772588722239781
2014-01-01,2014-01,2014,1,31,31,False,False,Belarus-EU border,0,0,0,0,3.3688721820587686,3,1,-6.208333333333333,3.4339872044851463
2014-02-01,2014-02,2014,2,28,28,False,False,Belarus-EU border,0,0,0,0,3.3688721820587686,3,2,-6.125,3.332204510175204
2014-03-01,2014-03,2014,3,31,31,False,False,Belarus-EU border,0,0,0,0,3.3688721820587686,3,3,-6.041666666666667,3.4339872044851463
2014-04-01,2014-04,2014,4,30,30,False,False,Belarus-EU border,0,0,0,0,3.3688721820587686,3,4,-5.958333333333333,3.4011973816621555
2014-05-01,2014-05,2014,5,31,31,False,False,Belarus-EU border,0,0,0,0,3.3688721820587686,3,5,-5.875,3.4339872044851463
2014-06-01,2014-06,2014,6,30,30,False,False,Belarus-EU border,0,0,0,0,3.3688721820587686,3,6,-5.791666666666667,3.4011973816621555
2014-07-01,2014-07,2014,7,31,31,False,False,Belarus-EU border,0,0,0,0,3.3688721820587686,3,7,-5.708333333333333,3.4339872044851463
2014-08-01,2014-08,2014,8,31,31,False,False,Belarus-EU border,0,0,0,0,3.3688721820587686,3,8,-5.625,3.4339872044851463
2014-09-01,2014-09,2014,9,30,30,False,False,Belarus-EU border,0,0,0,0,3.3688721820587686,3,9,-5.541666666666667,3.4011973816621555
2014-10-01,2014-10,2014,10,31,31,False,False,Belarus-EU border,0,0,0,0,3.3688721820587686,3,10,-5.458333333333333,3.4339872044851463
2014-11-01,2014-11,2014,11,30,30,False,False,Belarus-EU border,0,0,0,0,3.3688721820587686,3,11,-5.375,3.4011973816621555
2014-12-01,2014-12,2014,12,31,31,False,False,Belarus-EU border,0,0,0,0,3.3688721820587686,3,12,-5.291666666666667,3.4339872044851463
2015-01-01,2015-01,2015,1,31,31,False,False,Belarus-EU border,0,0,0,0,3.3688721820587686,3,13,-5.208333333333333,3.4339872044851463
2015-02-01,2015-02,2015,2,28,28,False,False,Belarus-EU border,0,0,0,0,3.3688721820587686,3,14,-5.125,3.332204510175204
2015-03-01,2015-03,2015,3,31,31,False,False,Belarus-EU border,0,0,0,0,3.3688721820587686,3,15,-5.041666666666667,3.4339872044851463
2015-04-01,2015-04,2015,4,30,30,False,False,Belarus-EU border,0,0,0,0,3.3688721820587686,3,16,-4.958333333333333,3.4011973816621555
2015-05-01,2015-05,2015,5,31,31,False,False,Belarus-EU border,0,0,0,0,3.3688721820587686,3,17,-4.875,3.4339872044851463
2015-06-01,2015-06,2015,6,30,30,False,False,Belarus-EU border,0,0,0,0,3.3688721820587686,3,18,-4.791666666666667,3.4011973816621555
2015-07-01,2015-07,2015,7,31,31,False,False,Belarus-EU border,0,0,0,0,3.3688721820587686,3,19,-4.708333333333333,3.4339872044851463
2015-08-01,2015-08,2015,8,31,31,False,False,Belarus-EU border,0,0,0,0,3.3688721820587686,3,20,-4.625,3.4339872044851463
2015-09-01,2015-09,2015,9,30,30,False,False,Belarus-EU border,0,0,0,0,3.3688721820587686,3,21,-4.541666666666667,3.4011973816621555
2015-10-01,2015-10,2015,10,31,31,False,False,Belarus-EU border,0,0,0,0,3.3688721820587686,3,22,-4.458333333333333,3.4339872044851463
2015-11-01,2015-11,2015,11,30,30,False,False,Belarus-EU border,0,0,0,0,3.3688721820587686,3,23,-4.375,3.4011973816621555
2015-12-01,2015-12,2015,12,31,31,False,False,Belarus-EU border,0,0,0,0,3.3688721820587686,3,24,-4.291666666666667,3.4339872044851463
2016-01-01,2016-01,2016,1,31,31,False,False,Belarus-EU border,0,0,0,0,3.3688721820587686,3,25,-4.208333333333333,3.4339872044851463
2016-02-01,2016-02,2016,2,29,29,False,False,Belarus-EU border,0,0,0,0,3.3688721820587686,3,26,-4.125,3.367295829986474
2016-03-01,2016-03,2016,3,31,31,False,False,Belarus-EU border,0,0,0,0,3.3688721820587686,3,27,-4.041666666666667,3.4339872044851463
2016-04-01,2016-04,2016,4,30,30,False,False,Belarus-EU border,0,0,0,0,3.3688721820587686,3,28,-3.9583333333333335,3.4011973816621555
2016-05-01,2016-05,2016,5,31,31,False,False,Belarus-EU border,0,0,0,0,3.3688721820587686,3,29,-3.875,3.4339872044851463
2016-06-01,2016-06,2016,6,30,30,False,False,Belarus-EU border,0,0,0,0,3.3688721820587686,3,30,-3.7916666666666665,3.4011973816621555
2016-07-01,2016-07,2016,7,31,31,False,False,Belarus-EU border,0,0,0,0,3.3688721820587686,3,31,-3.7083333333333335,3.4339872044851463
2016-08-01,2016-08,2016,8,31,31,False,False,Belarus-EU border,0,0,0,0,3.3688721820587686,3,32,-3.625,3.4339872044851463
2016-09-01,2016-09,2016,9,30,30,False,False,Belarus-EU border,0,0,0,0,3.3688721820587686,3,33,-3.5416666666666665,3.4011973816621555
2016-10-01,2016-10,2016,10,31,31,False,False,Belarus-EU border,0,0,0,0,3.3688721820587686,3,34,-3.4583333333333335,3.4339872044851463
2016-11-01,2016-11,2016,11,30,30,False,False,Belarus-EU border,0,0,0,0,3.3688721820587686,3,35,-3.375,3.4011973816621555
2016-12-01,2016-12,2016,12,31,31,False,False,Belarus-EU border,0,0,0,0,3.3688721820587686,3,36,-3.2916666666666665,3.4339872044851463
2017-01-01,2017-01,2017,1,31,31,False,False,Belarus-EU border,0,0,0,0,3.3688721820587686,3,37,-3.2083333333333335,3.4339872044851463
2017-02-01,2017-02,2017,2,28,28,False,False,Belarus-EU border,0,0,0,0,3.3688721820587686,3,38,-3.125,3.332204510175204
2017-03-01,2017-03,2017,3,31,31,False,False,Belarus-EU border,0,0,0,0,3.3688721820587686,3,39,-3.0416666666666665,3.4339872044851463
2017-04-01,2017-04,2017,4,30,30,False,False,Belarus-EU border,0,0,0,0,3.3688721820587686,3,40,-2.9583333333333335,3.4011973816621555
2017-05-01,2017-05,2017,5,31,31,False,False,Belarus-EU border,0,0,0,0,3.3688721820587686,3,41,-2.875,3.4339872044851463
2017-06-01,2017-06,2017,6,30,30,False,False,Belarus-EU border,0,0,0,0,3.3688721820587686,3,42,-2.7916666666666665,3.4011973816621555
2017-07-01,2017-07,2017,7,31,31,False,False,Belarus-EU border,0,0,0,0,3.3688721820587686,3,43,-2.7083333333333335,3.4339872044851463
2017-08-01,2017-08,2017,8,31,31,False,False,Belarus-EU border,0,0,0,0,3.3688721820587686,3,44,-2.625,3.4339872044851463
2017-09-01,2017-09,2017,9,30,30,False,False,Belarus-EU border,0,0,0,0,3.3688721820587686,3,45,-2.5416666666666665,3.4011973816621555
2017-10-01,2017-10,2017,10,31,31,False,False,Belarus-EU border,0,0,0,0,3.3688721820587686,3,46,-2.4583333333333335,3.4339872044851463
2017-11-01,2017-11,2017,11,30,30,False,False,Belarus-EU border,0,0,0,0,3.3688721820587686,3,47,-2.375,3.4011973816621555
2017-12-01,2017-12,2017,12,31,31,False,False,Belarus-EU border,0,0,0,0,3.3688721820587686,3,48,-2.2916666666666665,3.4339872044851463
2018-01-01,2018-01,2018,1,31,31,False,False,Belarus-EU border,0,0,0,0,3.3688721820587686,3,49,-2.2083333333333335,3.4339872044851463
2018-02-01,2018-02,2018,2,28,28,False,False,Belarus-EU border,0,0,0,0,3.3688721820587686,3,50,-2.125,3.332204510175204
2018-03-01,2018-03,2018,3,31,31,False,False,Belarus-EU border,0,0,0,0,3.3688721820587686,3,51,-2.0416666666666665,3.4339872044851463
2018-04-01,2018-04,2018,4,30,30,False,False,Belarus-EU border,0,0,0,0,3.3688721820587686,3,52,-1.9583333333333333,3.4011973816621555
2018-05-01,2018-05,2018,5,31,31,False,False,Belarus-EU border,0,0,0,0,3.3688721820587686,3,53,-1.875,3.4339872044851463
2018-06-01,2018-06,2018,6,30,30,False,False,Belarus-EU border,0,0,0,0,3.3688721820587686,3,54,-1.7916666666666667,3.4011973816621555
2018-07-01,2018-07,2018,7,31,31,False,False,Belarus-EU border,0,0,0,0,3.3688721820587686,3,55,-1.7083333333333333,3.4339872044851463
2018-08-01,2018-08,2018,8,31,31,False,False,Belarus-EU border,0,0,0,0,3.3688721820587686,3,56,-1.625,3.4339872044851463
2018-09-01,2018-09,2018,9,30,30,False,False,Belarus-EU border,0,0,0,0,3.3688721820587686,3,57,-1.5416666666666667,3.4011973816621555
2018-10-01,2018-10,2018,10,31,31,False,False,Belarus-EU border,0,0,0,0,3.3688721820587686,3,58,-1.4583333333333333,3.4339872044851463
2018-11-01,2018-11,2018,11,30,30,False,False,Belarus-EU border,0,0,0,0,3.3688721820587686,3,59,-1.375,3.4011973816621555
2018-12-01,2018-12,2018,12,31,31,False,False,Belarus-EU border,0,0,0,0,3.3688721820587686,3,60,-1.2916666666666667,3.4339872044851463
2019-01-01,2019-01,2019,1,31,31,False,False,Belarus-EU border,0,0,0,0,3.3688721820587686,3,61,-1.2083333333333333,3.4339872044851463
2019-02-01,2019-02,2019,2,28,28,False,False,Belarus-EU border,0,0,0,0,3.3688721820587686,3,62,-1.125,3.332204510175204
2019-03-01,2019-03,2019,3,31,31,False,False,Belarus-EU border,0,0,0,0,3.3688721820587686,3,63,-1.0416666666666667,3.4339872044851463
2019-04-01,2019-04,2019,4,30,30,False,False,Belarus-EU border,0,0,0,0,3.3688721820587686,3,64,-0.9583333333333334,3.4011973816621555
2019-05-01,2019-05,2019,5,31,31,False,False,Belarus-EU border,0,0,0,0,3.3688721820587686,3,65,-0.875,3.4339872044851463
2019-06-01,2019-06,2019,6,30,30,False,False,Belarus-EU border,0,0,0,0,3.3688721820587686,3,66,-0.7916666666666666,3.4011973816621555
2019-07-01,2019-07,2019,7,31,31,False,False,Belarus-EU border,0,0,0,0,3.3688721820587686,3,67,-0.7083333333333334,3.4339872044851463
2019-08-01,2019-08,2019,8,31,31,False,False,Belarus-EU border,0,0,0,0,3.3688721820587686,3,68,-0.625,3.4339872044851463
2019-09-01,2019-09,2019,9,30,30,False,False,Belarus-EU border,0,0,0,0,3.3688721820587686,3,69,-0.5416666666666666,3.4011973816621555
2019-10-01,2019-10,2019,10,31,31,False,False,Belarus-EU border,0,0,0,0,3.3688721820587686,3,70,-0.4583333333333333,3.4339872044851463
2019-11-01,2019-11,2019,11,30,30,False,False,Belarus-EU border,0,0,0,0,3.3688721820587686,3,71,-0.375,3.4011973816621555
2019-12-01,2019-12,2019,12,31,31,False,False,Belarus-EU border,0,0,0,0,3.3688721820587686,3,72,-0.2916666666666667,3.4339872044851463
2020-01-01,2020-01,2020,1,31,31,False,False,Belarus-EU border,0,0,0,0,3.3688721820587686,3,73,-0.20833333333333334,3.4339872044851463
2020-02-01,2020-02,2020,2,29,29,False,False,Belarus-EU border,0,0,0,0,3.3688721820587686,3,74,-0.125,3.367295829986474
2020-03-01,2020-03,2020,3,31,31,False,False,Belarus-EU border,0,0,0,0,3.3688721820587686,3,75,-0.041666666666666664,3.4339872044851463
2020-04-01,2020-04,2020,4,30,30,False,False,Belarus-EU border,0,0,0,0,3.3688721820587686,3,76,0.041666666666666664,3.4011973816621555
2020-05-01,2020-05,2020,5,31,31,False,False,Belarus-EU border,0,0,0,0,3.3688721820587686,3,77,0.125,3.4339872044851463
2020-06-01,2020-06,2020,6,30,30,False,False,Belarus-EU border,0,0,0,0,3.3688721820587686,3,78,0.20833333333333334,3.4011973816621555
2020-07-01,2020-07,2020,7,31,31,False,False,Belarus-EU border,0,0,0,0,3.3688721820587686,3,79,0.2916666666666667,3.4339872044851463
2020-08-01,2020-08,2020,8,31,31,False,False,Belarus-EU border,0,0,0,0,3.3688721820587686,3,80,0.375,3.4339872044851463
2020-09-01,2020-09,2020,9,30,30,False,False,Belarus-EU border,0,0,0,0,3.3688721820587686,3,81,0.4583333333333333,3.4011973816621555
2020-10-01,2020-10,2020,10,31,31,False,False,Belarus-EU border,0,0,0,0,3.3688721820587686,3,82,0.5416666666666666,3.4339872044851463
2020-11-01,2020-11,2020,11,30,30,False,False,Belarus-EU border,0,0,0,0,3.3688721820587686,3,83,0.625,3.4011973816621555
2020-12-01,2020-12,2020,12,31,31,False,False,Belarus-EU border,0,0,0,0,3.3688721820587686,3,84,0.7083333333333334,3.4339872044851463
2021-01-01,2021-01,2021,1,31,31,False,False,Belarus-EU border,0,0,0,0,3.3688721820587686,3,85,0.7916666666666666,3.4339872044851463
2021-02-01,2021-02,2021,2,28,28,False,False,Belarus-EU border,0,0,0,0,3.3688721820587686,3,86,0.875,3.332204510175204
2021-03-01,2021-03,2021,3,31,31,False,False,Belarus-EU border,0,0,0,0,3.3688721820587686,3,87,0.9583333333333334,3.4339872044851463
2021-04-01,2021-04,2021,4,30,30,False,False,Belarus-EU border,0,0,0,0,3.3688721820587686,3,88,1.0416666666666667,3.4011973816621555
2021-05-01,2021-05,2021,5,31,31,False,False,Belarus-EU border,0,0,0,0,3.3688721820587686,3,89,1.125,3.4339872044851463
2021-06-01,2021-06,2021,6,30,30,False,False,Belarus-EU border,0,0,0,0,3.3688721820587686,3,90,1.2083333333333333,3.4011973816621555
2021-07-01,2021-07,2021,7,31,31,False,False,Belarus-EU border,0,0,0,0,3.3688721820587686,3,91,1.2916666666666667,3.4339872044851463
2021-08-01,2021-08,2021,8,31,31,False,False,Belarus-EU border,1,1,1,0,3.0,3,92,1.375,3.4339872044851463
2021-09-01,2021-09,2021,9,30,30,False,False,Belarus-EU border,6,6,1,0,4.666666666666667,3,93,1.4583333333333333,3.4011973816621555
2021-10-01,2021-10,2021,10,31,31,False,False,Belarus-EU border,7,7,1,0,3.5714285714285716,3,94,1.5416666666666667,3.4339872044851463
2021-11-01,2021-11,2021,11,30,30,False,False,Belarus-EU border,6,6,1,0,4.5,3,95,1.625,3.4011973816621555
2021-12-01,2021-12,2021,12,31,31,False,False,Belarus-EU border,2,2,1,0,4.5,3,96,1.7083333333333333,3.4339872044851463
2022-01-01,2022-01,2022,1,31,31,False,False,Belarus-EU border,0,0,0,0,3.3688721820587686,3,97,1.7916666666666667,3.4339872044851463
2022-02-01,2022-02,2022,2,28,28,False,False,Belarus-EU border,0,0,0,0,3.3688721820587686,3,98,1.875,3.332204510175204
2022-03-01,2022-03,2022,3,31,31,False,False,Belarus-EU border,0,0,0,0,3.3688721820587686,3,99,1.9583333333333333,3.4339872044851463
2022-04-01,2022-04,2022,4,30,30,False,False,Belarus-EU border,1,1,1,0,5.0,3,100,2.0416666666666665,3.4011973816621555
2022-05-01,2022-05,2022,5,31,31,False,False,Belarus-EU border,1,1,1,0,4.0,3,101,2.125,3.4339872044851463
2022-06-01,2022-06,2022,6,30,30,False,False,Belarus-EU border,0,0,0,0,3.3688721820587686,3,102,2.2083333333333335,3.4011973816621555
2022-07-01,2022-07,2022,7,31,31,False,False,Belarus-EU border,0,0,0,0,3.3688721820587686,3,103,2.2916666666666665,3.4339872044851463
2022-08-01,2022-08,2022,8,31,31,False,False,Belarus-EU border,1,1,1,0,4.0,3,104,2.375,3.4339872044851463
2022-09-01,2022-09,2022,9,30,30,False,False,Belarus-EU border,0,0,0,0,3.3688721820587686,3,105,2.4583333333333335,3.4011973816621555
2022-10-01,2022-10,2022,10,31,31,False,False,Belarus-EU border,1,1,1,0,5.0,3,106,2.5416666666666665,3.4339872044851463
2022-11-01,2022-11,2022,11,30,30,False,False,Belarus-EU border,3,3,1,0,5.0,3,107,2.625,3.4011973816621555
2022-12-01,2022-12,2022,12,31,31,False,False,Belarus-EU border,4,4,1,0,5.0,3,108,2.7083333333333335,3.4339872044851463
2023-01-01,2023-01,2023,1,31,31,False,False,Belarus-EU border,7,7,1,0,5.0,3,109,2.7916666666666665,3.4339872044851463
2023-02-01,2023-02,2023,2,28,28,False,False,Belarus-EU border,7,6,2,0,4.833333333333333,3,110,2.875,3.332204510175204
2023-03-01,2023-03,2023,3,31,31,False,False,Belarus-EU border,6,6,1,0,4.666666666666667,3,111,2.9583333333333335,3.4339872044851463
2023-04-01,2023-04,2023,4,30,30,False,False,Belarus-EU border,6,6,1,0,4.666666666666667,3,112,3.0416666666666665,3.4011973816621555
2023-05-01,2023-05,2023,5,31,31,False,False,Belarus-EU border,1,1,1,0,5.0,3,113,3.125,3.4339872044851463
2023-06-01,2023-06,2023,6,30,30,False,False,Belarus-EU border,1,1,1,0,5.0,3,114,3.2083333333333335,3.4011973816621555
2023-07-01,2023-07,2023,7,31,31,False,False,Belarus-EU border,0,0,0,0,3.3688721820587686,3,115,3.2916666666666665,3.4339872044851463
2023-08-01,2023-08,2023,8,31,31,False,False,Belarus-EU border,2,2,1,0,5.0,3,116,3.375,3.4339872044851463
2023-09-01,2023-09,2023,9,30,30,False,False,Belarus-EU border,0,0,0,0,3.3688721820587686,3,117,3.4583333333333335,3.4011973816621555
2023-10-01,2023-10,2023,10,31,31,False,False,Belarus-EU border,7,5,2,0,4.4,3,118,3.5416666666666665,3.4339872044851463
2023-11-01,2023-11,2023,11,30,30,False,False,Belarus-EU border,2,2,1,0,4.0,3,119,3.625,3.4011973816621555
2023-12-01,2023-12,2023,12,31,31,False,False,Belarus-EU border,0,0,0,0,3.3688721820587686,3,120,3.7083333333333335,3.4339872044851463
2024-01-01,2024-01,2024,1,31,31,False,False,Belarus-EU border,1,1,1,0,5.0,3,121,3.7916666666666665,3.4339872044851463
2024-02-01,2024-02,2024,2,29,29,False,False,Belarus-EU border,1,1,1,0,1.0,3,122,3.875,3.367295829986474
2024-03-01,2024-03,2024,3,31,31,False,False,Belarus-EU border,4,4,1,0,4.0,3,123,3.9583333333333335,3.4339872044851463
2024-04-01,2024-04,2024,4,30,30,False,False,Belarus-EU border,2,2,1,0,5.0,3,124,4.041666666666667,3.4011973816621555
2024-05-01,2024-05,2024,5,31,31,False,False,Belarus-EU border,7,5,2,0,4.6,3,125,4.125,3.4339872044851463
2024-06-01,2024-06,2024,6,30,30,False,False,Belarus-EU border,2,2,1,0,4.5,3,126,4.208333333333333,3.4011973816621555
2024-07-01,2024-07,2024,7,31,31,False,False,Belarus-EU border,1,1,1,0,1.0,3,127,4.291666666666667,3.4339872044851463
2024-08-01,2024-08,2024,8,31,31,False,False,Belarus-EU border,0,0,0,0,3.3688721820587686,3,128,4.375,3.4339872044851463
2024-09-01,2024-09,2024,9,30,30,False,False,Belarus-EU border,0,0,0,0,3.3688721820587686,3,129,4.458333333333333,3.4011973816621555
2024-10-01,2024-10,2024,10,31,31,False,False,Belarus-EU border,3,3,1,0,5.0,3,130,4.541666666666667,3.4339872044851463
2024-11-01,2024-11,2024,11,30,30,False,False,Belarus-EU border,3,3,1,0,4.666666666666667,3,131,4.625,3.4011973816621555
2024-12-01,2024-12,2024,12,31,31,False,False,Belarus-EU border,0,0,0,0,3.3688721820587686,3,132,4.708333333333333,3.4339872044851463
2025-01-01,2025-01,2025,1,31,31,False,False,Belarus-EU border,1,1,1,0,3.0,3,133,4.791666666666667,3.4339872044851463
2025-02-01,2025-02,2025,2,28,28,False,False,Belarus-EU border,2,2,1,0,4.5,3,134,4.875,3.332204510175204
2025-03-01,2025-03,2025,3,31,31,False,False,Belarus-EU border,2,2,1,0,5.0,3,135,4.958333333333333,3.4339872044851463
2025-04-01,2025-04,2025,4,30,30,False,False,Belarus-EU border,11,6,3,0,3.0,3,136,5.041666666666667,3.4011973816621555
2025-05-01,2025-05,2025,5,31,31,False,False,Belarus-EU border,5,5,1,0,5.0,3,137,5.125,3.4339872044851463
2025-06-01,2025-06,2025,6,30,30,False,False,Belarus-EU border,2,2,1,0,4.5,3,138,5.208333333333333,3.4011973816621555
2025-07-01,2025-07,2025,7,31,31,False,False,Belarus-EU border,4,3,2,0,3.6666666666666665,3,139,5.291666666666667,3.4339872044851463
2025-08-01,2025-08,2025,8,31,31,False,False,Belarus-EU border,1,1,1,0,4.0,3,140,5.375,3.4339872044851463
2025-09-01,2025-09,2025,9,30,30,False,False,Belarus-EU border,0,0,0,0,3.3688721820587686,3,141,5.458333333333333,3.4011973816621555
2025-10-01,2025-10,2025,10,31,31,False,False,Belarus-EU border,2,2,1,0,5.0,3,142,5.541666666666667,3.4339872044851463
2025-11-01,2025-11,2025,11,30,30,False,False,Belarus-EU border,0,0,0,0,3.3688721820587686,3,143,5.625,3.4011973816621555
2025-12-01,2025-12,2025,12,31,31,False,False,Belarus-EU border,0,0,0,0,3.3688721820587686,3,144,5.708333333333333,3.4339872044851463
2026-01-01,2026-01,2026,1,31,31,False,True,Belarus-EU border,0,0,0,0,3.3688721820587686,3,145,5.791666666666667,3.4339872044851463
2026-02-01,2026-02,2026,2,28,28,False,True,Belarus-EU border,0,0,0,0,3.3688721820587686,3,146,5.875,3.332204510175204
2026-03-01,2026-03,2026,3,31,31,False,True,Belarus-EU border,0,0,0,0,3.3688721820587686,3,147,5.958333333333333,3.4339872044851463
2026-04-01,2026-04,2026,4,30,30,False,True,Belarus-EU border,0,0,0,0,3.3688721820587686,3,148,6.041666666666667,3.4011973816621555
2026-05-01,2026-05,2026,5,31,31,False,True,Belarus-EU border,0,0,0,0,3.3688721820587686,3,149,6.125,3.4339872044851463
2026-06-01,2026-06,2026,6,16,30,True,True,Belarus-EU border,1,1,1,0,3.0,3,150,6.208333333333333,2.772588722239781
2014-01-01,2014-01,2014,1,31,31,False,False,Caribbean to Central America,0,0,0,0,3.3688721820587686,4,1,-6.208333333333333,3.4339872044851463
2014-02-01,2014-02,2014,2,28,28,False,False,Caribbean to Central America,0,0,0,0,3.3688721820587686,4,2,-6.125,3.332204510175204
2014-03-01,2014-03,2014,3,31,31,False,False,Caribbean to Central America,0,0,0,0,3.3688721820587686,4,3,-6.041666666666667,3.4339872044851463
2014-04-01,2014-04,2014,4,30,30,False,False,Caribbean to Central America,0,0,0,0,3.3688721820587686,4,4,-5.958333333333333,3.4011973816621555
2014-05-01,2014-05,2014,5,31,31,False,False,Caribbean to Central America,0,0,0,0,3.3688721820587686,4,5,-5.875,3.4339872044851463
2014-06-01,2014-06,2014,6,30,30,False,False,Caribbean to Central America,0,0,0,0,3.3688721820587686,4,6,-5.791666666666667,3.4011973816621555
2014-07-01,2014-07,2014,7,31,31,False,False,Caribbean to Central America,0,0,0,0,3.3688721820587686,4,7,-5.708333333333333,3.4339872044851463
2014-08-01,2014-08,2014,8,31,31,False,False,Caribbean to Central America,0,0,0,0,3.3688721820587686,4,8,-5.625,3.4339872044851463
2014-09-01,2014-09,2014,9,30,30,False,False,Caribbean to Central America,0,0,0,0,3.3688721820587686,4,9,-5.541666666666667,3.4011973816621555
2014-10-01,2014-10,2014,10,31,31,False,False,Caribbean to Central America,0,0,0,0,3.3688721820587686,4,10,-5.458333333333333,3.4339872044851463
2014-11-01,2014-11,2014,11,30,30,False,False,Caribbean to Central America,0,0,0,0,3.3688721820587686,4,11,-5.375,3.4011973816621555
2014-12-01,2014-12,2014,12,31,31,False,False,Caribbean to Central America,0,0,0,0,3.3688721820587686,4,12,-5.291666666666667,3.4339872044851463
2015-01-01,2015-01,2015,1,31,31,False,False,Caribbean to Central America,0,0,0,0,3.3688721820587686,4,13,-5.208333333333333,3.4339872044851463
2015-02-01,2015-02,2015,2,28,28,False,False,Caribbean to Central America,0,0,0,0,3.3688721820587686,4,14,-5.125,3.332204510175204
2015-03-01,2015-03,2015,3,31,31,False,False,Caribbean to Central America,0,0,0,0,3.3688721820587686,4,15,-5.041666666666667,3.4339872044851463
2015-04-01,2015-04,2015,4,30,30,False,False,Caribbean to Central America,0,0,0,0,3.3688721820587686,4,16,-4.958333333333333,3.4011973816621555
2015-05-01,2015-05,2015,5,31,31,False,False,Caribbean to Central America,0,0,0,0,3.3688721820587686,4,17,-4.875,3.4339872044851463
2015-06-01,2015-06,2015,6,30,30,False,False,Caribbean to Central America,0,0,0,0,3.3688721820587686,4,18,-4.791666666666667,3.4011973816621555
2015-07-01,2015-07,2015,7,31,31,False,False,Caribbean to Central America,0,0,0,0,3.3688721820587686,4,19,-4.708333333333333,3.4339872044851463
2015-08-01,2015-08,2015,8,31,31,False,False,Caribbean to Central America,0,0,0,0,3.3688721820587686,4,20,-4.625,3.4339872044851463
2015-09-01,2015-09,2015,9,30,30,False,False,Caribbean to Central America,0,0,0,0,3.3688721820587686,4,21,-4.541666666666667,3.4011973816621555
2015-10-01,2015-10,2015,10,31,31,False,False,Caribbean to Central America,0,0,0,0,3.3688721820587686,4,22,-4.458333333333333,3.4339872044851463
2015-11-01,2015-11,2015,11,30,30,False,False,Caribbean to Central America,0,0,0,0,3.3688721820587686,4,23,-4.375,3.4011973816621555
2015-12-01,2015-12,2015,12,31,31,False,False,Caribbean to Central America,0,0,0,0,3.3688721820587686,4,24,-4.291666666666667,3.4339872044851463
2016-01-01,2016-01,2016,1,31,31,False,False,Caribbean to Central America,0,0,0,0,3.3688721820587686,4,25,-4.208333333333333,3.4339872044851463
2016-02-01,2016-02,2016,2,29,29,False,False,Caribbean to Central America,0,0,0,0,3.3688721820587686,4,26,-4.125,3.367295829986474
2016-03-01,2016-03,2016,3,31,31,False,False,Caribbean to Central America,0,0,0,0,3.3688721820587686,4,27,-4.041666666666667,3.4339872044851463
2016-04-01,2016-04,2016,4,30,30,False,False,Caribbean to Central America,0,0,0,0,3.3688721820587686,4,28,-3.9583333333333335,3.4011973816621555
2016-05-01,2016-05,2016,5,31,31,False,False,Caribbean to Central America,0,0,0,0,3.3688721820587686,4,29,-3.875,3.4339872044851463
2016-06-01,2016-06,2016,6,30,30,False,False,Caribbean to Central America,0,0,0,0,3.3688721820587686,4,30,-3.7916666666666665,3.4011973816621555
2016-07-01,2016-07,2016,7,31,31,False,False,Caribbean to Central America,0,0,0,0,3.3688721820587686,4,31,-3.7083333333333335,3.4339872044851463
2016-08-01,2016-08,2016,8,31,31,False,False,Caribbean to Central America,0,0,0,0,3.3688721820587686,4,32,-3.625,3.4339872044851463
2016-09-01,2016-09,2016,9,30,30,False,False,Caribbean to Central America,0,0,0,0,3.3688721820587686,4,33,-3.5416666666666665,3.4011973816621555
2016-10-01,2016-10,2016,10,31,31,False,False,Caribbean to Central America,0,0,0,0,3.3688721820587686,4,34,-3.4583333333333335,3.4339872044851463
2016-11-01,2016-11,2016,11,30,30,False,False,Caribbean to Central America,0,0,0,0,3.3688721820587686,4,35,-3.375,3.4011973816621555
2016-12-01,2016-12,2016,12,31,31,False,False,Caribbean to Central America,0,0,0,0,3.3688721820587686,4,36,-3.2916666666666665,3.4339872044851463
2017-01-01,2017-01,2017,1,31,31,False,False,Caribbean to Central America,0,0,0,0,3.3688721820587686,4,37,-3.2083333333333335,3.4339872044851463
2017-02-01,2017-02,2017,2,28,28,False,False,Caribbean to Central America,0,0,0,0,3.3688721820587686,4,38,-3.125,3.332204510175204
2017-03-01,2017-03,2017,3,31,31,False,False,Caribbean to Central America,0,0,0,0,3.3688721820587686,4,39,-3.0416666666666665,3.4339872044851463
2017-04-01,2017-04,2017,4,30,30,False,False,Caribbean to Central America,0,0,0,0,3.3688721820587686,4,40,-2.9583333333333335,3.4011973816621555
2017-05-01,2017-05,2017,5,31,31,False,False,Caribbean to Central America,0,0,0,0,3.3688721820587686,4,41,-2.875,3.4339872044851463
2017-06-01,2017-06,2017,6,30,30,False,False,Caribbean to Central America,0,0,0,0,3.3688721820587686,4,42,-2.7916666666666665,3.4011973816621555
2017-07-01,2017-07,2017,7,31,31,False,False,Caribbean to Central America,0,0,0,0,3.3688721820587686,4,43,-2.7083333333333335,3.4339872044851463
2017-08-01,2017-08,2017,8,31,31,False,False,Caribbean to Central America,0,0,0,0,3.3688721820587686,4,44,-2.625,3.4339872044851463
2017-09-01,2017-09,2017,9,30,30,False,False,Caribbean to Central America,0,0,0,0,3.3688721820587686,4,45,-2.5416666666666665,3.4011973816621555
2017-10-01,2017-10,2017,10,31,31,False,False,Caribbean to Central America,0,0,0,0,3.3688721820587686,4,46,-2.4583333333333335,3.4339872044851463
2017-11-01,2017-11,2017,11,30,30,False,False,Caribbean to Central America,0,0,0,0,3.3688721820587686,4,47,-2.375,3.4011973816621555
2017-12-01,2017-12,2017,12,31,31,False,False,Caribbean to Central America,0,0,0,0,3.3688721820587686,4,48,-2.2916666666666665,3.4339872044851463
2018-01-01,2018-01,2018,1,31,31,False,False,Caribbean to Central America,0,0,0,0,3.3688721820587686,4,49,-2.2083333333333335,3.4339872044851463
2018-02-01,2018-02,2018,2,28,28,False,False,Caribbean to Central America,0,0,0,0,3.3688721820587686,4,50,-2.125,3.332204510175204
2018-03-01,2018-03,2018,3,31,31,False,False,Caribbean to Central America,0,0,0,0,3.3688721820587686,4,51,-2.0416666666666665,3.4339872044851463
2018-04-01,2018-04,2018,4,30,30,False,False,Caribbean to Central America,0,0,0,0,3.3688721820587686,4,52,-1.9583333333333333,3.4011973816621555
2018-05-01,2018-05,2018,5,31,31,False,False,Caribbean to Central America,0,0,0,0,3.3688721820587686,4,53,-1.875,3.4339872044851463
2018-06-01,2018-06,2018,6,30,30,False,False,Caribbean to Central America,0,0,0,0,3.3688721820587686,4,54,-1.7916666666666667,3.4011973816621555
2018-07-01,2018-07,2018,7,31,31,False,False,Caribbean to Central America,0,0,0,0,3.3688721820587686,4,55,-1.7083333333333333,3.4339872044851463
2018-08-01,2018-08,2018,8,31,31,False,False,Caribbean to Central America,0,0,0,0,3.3688721820587686,4,56,-1.625,3.4339872044851463
2018-09-01,2018-09,2018,9,30,30,False,False,Caribbean to Central America,0,0,0,0,3.3688721820587686,4,57,-1.5416666666666667,3.4011973816621555
2018-10-01,2018-10,2018,10,31,31,False,False,Caribbean to Central America,0,0,0,0,3.3688721820587686,4,58,-1.4583333333333333,3.4339872044851463
2018-11-01,2018-11,2018,11,30,30,False,False,Caribbean to Central America,0,0,0,0,3.3688721820587686,4,59,-1.375,3.4011973816621555
2018-12-01,2018-12,2018,12,31,31,False,False,Caribbean to Central America,0,0,0,0,3.3688721820587686,4,60,-1.2916666666666667,3.4339872044851463
2019-01-01,2019-01,2019,1,31,31,False,False,Caribbean to Central America,0,0,0,0,3.3688721820587686,4,61,-1.2083333333333333,3.4339872044851463
2019-02-01,2019-02,2019,2,28,28,False,False,Caribbean to Central America,0,0,0,0,3.3688721820587686,4,62,-1.125,3.332204510175204
2019-03-01,2019-03,2019,3,31,31,False,False,Caribbean to Central America,0,0,0,0,3.3688721820587686,4,63,-1.0416666666666667,3.4339872044851463
2019-04-01,2019-04,2019,4,30,30,False,False,Caribbean to Central America,0,0,0,0,3.3688721820587686,4,64,-0.9583333333333334,3.4011973816621555
2019-05-01,2019-05,2019,5,31,31,False,False,Caribbean to Central America,0,0,0,0,3.3688721820587686,4,65,-0.875,3.4339872044851463
2019-06-01,2019-06,2019,6,30,30,False,False,Caribbean to Central America,0,0,0,0,3.3688721820587686,4,66,-0.7916666666666666,3.4011973816621555
2019-07-01,2019-07,2019,7,31,31,False,False,Caribbean to Central America,0,0,0,0,3.3688721820587686,4,67,-0.7083333333333334,3.4339872044851463
2019-08-01,2019-08,2019,8,31,31,False,False,Caribbean to Central America,0,0,0,0,3.3688721820587686,4,68,-0.625,3.4339872044851463
2019-09-01,2019-09,2019,9,30,30,False,False,Caribbean to Central America,0,0,0,0,3.3688721820587686,4,69,-0.5416666666666666,3.4011973816621555
2019-10-01,2019-10,2019,10,31,31,False,False,Caribbean to Central America,0,0,0,0,3.3688721820587686,4,70,-0.4583333333333333,3.4339872044851463
2019-11-01,2019-11,2019,11,30,30,False,False,Caribbean to Central America,0,0,0,0,3.3688721820587686,4,71,-0.375,3.4011973816621555
2019-12-01,2019-12,2019,12,31,31,False,False,Caribbean to Central America,0,0,0,0,3.3688721820587686,4,72,-0.2916666666666667,3.4339872044851463
2020-01-01,2020-01,2020,1,31,31,False,False,Caribbean to Central America,0,0,0,0,3.3688721820587686,4,73,-0.20833333333333334,3.4339872044851463
2020-02-01,2020-02,2020,2,29,29,False,False,Caribbean to Central America,0,0,0,0,3.3688721820587686,4,74,-0.125,3.367295829986474
2020-03-01,2020-03,2020,3,31,31,False,False,Caribbean to Central America,0,0,0,0,3.3688721820587686,4,75,-0.041666666666666664,3.4339872044851463
2020-04-01,2020-04,2020,4,30,30,False,False,Caribbean to Central America,0,0,0,0,3.3688721820587686,4,76,0.041666666666666664,3.4011973816621555
2020-05-01,2020-05,2020,5,31,31,False,False,Caribbean to Central America,0,0,0,0,3.3688721820587686,4,77,0.125,3.4339872044851463
2020-06-01,2020-06,2020,6,30,30,False,False,Caribbean to Central America,0,0,0,0,3.3688721820587686,4,78,0.20833333333333334,3.4011973816621555
2020-07-01,2020-07,2020,7,31,31,False,False,Caribbean to Central America,0,0,0,0,3.3688721820587686,4,79,0.2916666666666667,3.4339872044851463
2020-08-01,2020-08,2020,8,31,31,False,False,Caribbean to Central America,0,0,0,0,3.3688721820587686,4,80,0.375,3.4339872044851463
2020-09-01,2020-09,2020,9,30,30,False,False,Caribbean to Central America,0,0,0,0,3.3688721820587686,4,81,0.4583333333333333,3.4011973816621555
2020-10-01,2020-10,2020,10,31,31,False,False,Caribbean to Central America,0,0,0,0,3.3688721820587686,4,82,0.5416666666666666,3.4339872044851463
2020-11-01,2020-11,2020,11,30,30,False,False,Caribbean to Central America,0,0,0,0,3.3688721820587686,4,83,0.625,3.4011973816621555
2020-12-01,2020-12,2020,12,31,31,False,False,Caribbean to Central America,0,0,0,0,3.3688721820587686,4,84,0.7083333333333334,3.4339872044851463
2021-01-01,2021-01,2021,1,31,31,False,False,Caribbean to Central America,0,0,0,0,3.3688721820587686,4,85,0.7916666666666666,3.4339872044851463
2021-02-01,2021-02,2021,2,28,28,False,False,Caribbean to Central America,0,0,0,0,3.3688721820587686,4,86,0.875,3.332204510175204
2021-03-01,2021-03,2021,3,31,31,False,False,Caribbean to Central America,0,0,0,0,3.3688721820587686,4,87,0.9583333333333334,3.4339872044851463
2021-04-01,2021-04,2021,4,30,30,False,False,Caribbean to Central America,0,0,0,0,3.3688721820587686,4,88,1.0416666666666667,3.4011973816621555
2021-05-01,2021-05,2021,5,31,31,False,False,Caribbean to Central America,0,0,0,0,3.3688721820587686,4,89,1.125,3.4339872044851463
2021-06-01,2021-06,2021,6,30,30,False,False,Caribbean to Central America,0,0,0,0,3.3688721820587686,4,90,1.2083333333333333,3.4011973816621555
2021-07-01,2021-07,2021,7,31,31,False,False,Caribbean to Central America,0,0,0,0,3.3688721820587686,4,91,1.2916666666666667,3.4339872044851463
2021-08-01,2021-08,2021,8,31,31,False,False,Caribbean to Central America,0,0,0,0,3.3688721820587686,4,92,1.375,3.4339872044851463
2021-09-01,2021-09,2021,9,30,30,False,False,Caribbean to Central America,0,0,0,0,3.3688721820587686,4,93,1.4583333333333333,3.4011973816621555
2021-10-01,2021-10,2021,10,31,31,False,False,Caribbean to Central America,0,0,0,0,3.3688721820587686,4,94,1.5416666666666667,3.4339872044851463
2021-11-01,2021-11,2021,11,30,30,False,False,Caribbean to Central America,0,0,0,0,3.3688721820587686,4,95,1.625,3.4011973816621555
2021-12-01,2021-12,2021,12,31,31,False,False,Caribbean to Central America,0,0,0,0,3.3688721820587686,4,96,1.7083333333333333,3.4339872044851463
2022-01-01,2022-01,2022,1,31,31,False,False,Caribbean to Central America,0,0,0,0,3.3688721820587686,4,97,1.7916666666666667,3.4339872044851463
2022-02-01,2022-02,2022,2,28,28,False,False,Caribbean to Central America,0,0,0,0,3.3688721820587686,4,98,1.875,3.332204510175204
2022-03-01,2022-03,2022,3,31,31,False,False,Caribbean to Central America,0,0,0,0,3.3688721820587686,4,99,1.9583333333333333,3.4339872044851463
2022-04-01,2022-04,2022,4,30,30,False,False,Caribbean to Central America,0,0,0,0,3.3688721820587686,4,100,2.0416666666666665,3.4011973816621555
2022-05-01,2022-05,2022,5,31,31,False,False,Caribbean to Central America,0,0,0,0,3.3688721820587686,4,101,2.125,3.4339872044851463
2022-06-01,2022-06,2022,6,30,30,False,False,Caribbean to Central America,0,0,0,0,3.3688721820587686,4,102,2.2083333333333335,3.4011973816621555
2022-07-01,2022-07,2022,7,31,31,False,False,Caribbean to Central America,0,0,0,0,3.3688721820587686,4,103,2.2916666666666665,3.4339872044851463
2022-08-01,2022-08,2022,8,31,31,False,False,Caribbean to Central America,0,0,0,0,3.3688721820587686,4,104,2.375,3.4339872044851463
2022-09-01,2022-09,2022,9,30,30,False,False,Caribbean to Central America,0,0,0,0,3.3688721820587686,4,105,2.4583333333333335,3.4011973816621555
2022-10-01,2022-10,2022,10,31,31,False,False,Caribbean to Central America,0,0,0,0,3.3688721820587686,4,106,2.5416666666666665,3.4339872044851463
2022-11-01,2022-11,2022,11,30,30,False,False,Caribbean to Central America,0,0,0,0,3.3688721820587686,4,107,2.625,3.4011973816621555
2022-12-01,2022-12,2022,12,31,31,False,False,Caribbean to Central America,0,0,0,0,3.3688721820587686,4,108,2.7083333333333335,3.4339872044851463
2023-01-01,2023-01,2023,1,31,31,False,False,Caribbean to Central America,0,0,0,0,3.3688721820587686,4,109,2.7916666666666665,3.4339872044851463
2023-02-01,2023-02,2023,2,28,28,False,False,Caribbean to Central America,0,0,0,0,3.3688721820587686,4,110,2.875,3.332204510175204
2023-03-01,2023-03,2023,3,31,31,False,False,Caribbean to Central America,0,0,0,0,3.3688721820587686,4,111,2.9583333333333335,3.4339872044851463
2023-04-01,2023-04,2023,4,30,30,False,False,Caribbean to Central America,0,0,0,0,3.3688721820587686,4,112,3.0416666666666665,3.4011973816621555
2023-05-01,2023-05,2023,5,31,31,False,False,Caribbean to Central America,0,0,0,0,3.3688721820587686,4,113,3.125,3.4339872044851463
2023-06-01,2023-06,2023,6,30,30,False,False,Caribbean to Central America,0,0,0,0,3.3688721820587686,4,114,3.2083333333333335,3.4011973816621555
2023-07-01,2023-07,2023,7,31,31,False,False,Caribbean to Central America,0,0,0,0,3.3688721820587686,4,115,3.2916666666666665,3.4339872044851463
2023-08-01,2023-08,2023,8,31,31,False,False,Caribbean to Central America,0,0,0,0,3.3688721820587686,4,116,3.375,3.4339872044851463
2023-09-01,2023-09,2023,9,30,30,False,False,Caribbean to Central America,0,0,0,0,3.3688721820587686,4,117,3.4583333333333335,3.4011973816621555
2023-10-01,2023-10,2023,10,31,31,False,False,Caribbean to Central America,0,0,0,0,3.3688721820587686,4,118,3.5416666666666665,3.4339872044851463
2023-11-01,2023-11,2023,11,30,30,False,False,Caribbean to Central America,0,0,0,0,3.3688721820587686,4,119,3.625,3.4011973816621555
2023-12-01,2023-12,2023,12,31,31,False,False,Caribbean to Central America,0,0,0,0,3.3688721820587686,4,120,3.7083333333333335,3.4339872044851463
2024-01-01,2024-01,2024,1,31,31,False,False,Caribbean to Central America,1,1,1,0,3.0,4,121,3.7916666666666665,3.4339872044851463
2024-02-01,2024-02,2024,2,29,29,False,False,Caribbean to Central America,0,0,0,0,3.3688721820587686,4,122,3.875,3.367295829986474
2024-03-01,2024-03,2024,3,31,31,False,False,Caribbean to Central America,0,0,0,0,3.3688721820587686,4,123,3.9583333333333335,3.4339872044851463
2024-04-01,2024-04,2024,4,30,30,False,False,Caribbean to Central America,0,0,0,0,3.3688721820587686,4,124,4.041666666666667,3.4011973816621555
2024-05-01,2024-05,2024,5,31,31,False,False,Caribbean to Central America,0,0,0,0,3.3688721820587686,4,125,4.125,3.4339872044851463
2024-06-01,2024-06,2024,6,30,30,False,False,Caribbean to Central America,0,0,0,0,3.3688721820587686,4,126,4.208333333333333,3.4011973816621555
2024-07-01,2024-07,2024,7,31,31,False,False,Caribbean to Central America,0,0,0,0,3.3688721820587686,4,127,4.291666666666667,3.4339872044851463
2024-08-01,2024-08,2024,8,31,31,False,False,Caribbean to Central America,0,0,0,0,3.3688721820587686,4,128,4.375,3.4339872044851463
2024-09-01,2024-09,2024,9,30,30,False,False,Caribbean to Central America,0,0,0,0,3.3688721820587686,4,129,4.458333333333333,3.4011973816621555
2024-10-01,2024-10,2024,10,31,31,False,False,Caribbean to Central America,0,0,0,0,3.3688721820587686,4,130,4.541666666666667,3.4339872044851463
2024-11-01,2024-11,2024,11,30,30,False,False,Caribbean to Central America,0,0,0,0,3.3688721820587686,4,131,4.625,3.4011973816621555
2024-12-01,2024-12,2024,12,31,31,False,False,Caribbean to Central America,0,0,0,0,3.3688721820587686,4,132,4.708333333333333,3.4339872044851463
2025-01-01,2025-01,2025,1,31,31,False,False,Caribbean to Central America,0,0,0,0,3.3688721820587686,4,133,4.791666666666667,3.4339872044851463
2025-02-01,2025-02,2025,2,28,28,False,False,Caribbean to Central America,0,0,0,0,3.3688721820587686,4,134,4.875,3.332204510175204
2025-03-01,2025-03,2025,3,31,31,False,False,Caribbean to Central America,0,0,0,0,3.3688721820587686,4,135,4.958333333333333,3.4339872044851463
2025-04-01,2025-04,2025,4,30,30,False,False,Caribbean to Central America,0,0,0,0,3.3688721820587686,4,136,5.041666666666667,3.4011973816621555
2025-05-01,2025-05,2025,5,31,31,False,False,Caribbean to Central America,0,0,0,0,3.3688721820587686,4,137,5.125,3.4339872044851463
2025-06-01,2025-06,2025,6,30,30,False,False,Caribbean to Central America,0,0,0,0,3.3688721820587686,4,138,5.208333333333333,3.4011973816621555
2025-07-01,2025-07,2025,7,31,31,False,False,Caribbean to Central America,0,0,0,0,3.3688721820587686,4,139,5.291666666666667,3.4339872044851463
2025-08-01,2025-08,2025,8,31,31,False,False,Caribbean to Central America,0,0,0,0,3.3688721820587686,4,140,5.375,3.4339872044851463
2025-09-01,2025-09,2025,9,30,30,False,False,Caribbean to Central America,0,0,0,0,3.3688721820587686,4,141,5.458333333333333,3.4011973816621555
2025-10-01,2025-10,2025,10,31,31,False,False,Caribbean to Central America,0,0,0,0,3.3688721820587686,4,142,5.541666666666667,3.4339872044851463
2025-11-01,2025-11,2025,11,30,30,False,False,Caribbean to Central America,0,0,0,0,3.3688721820587686,4,143,5.625,3.4011973816621555
2025-12-01,2025-12,2025,12,31,31,False,False,Caribbean to Central America,0,0,0,0,3.3688721820587686,4,144,5.708333333333333,3.4339872044851463
2026-01-01,2026-01,2026,1,31,31,False,True,Caribbean to Central America,0,0,0,0,3.3688721820587686,4,145,5.791666666666667,3.4339872044851463
2026-02-01,2026-02,2026,2,28,28,False,True,Caribbean to Central America,8,1,8,0,3.0,4,146,5.875,3.332204510175204
2026-03-01,2026-03,2026,3,31,31,False,True,Caribbean to Central America,0,0,0,0,3.3688721820587686,4,147,5.958333333333333,3.4339872044851463
2026-04-01,2026-04,2026,4,30,30,False,True,Caribbean to Central America,0,0,0,0,3.3688721820587686,4,148,6.041666666666667,3.4011973816621555
2026-05-01,2026-05,2026,5,31,31,False,True,Caribbean to Central America,0,0,0,0,3.3688721820587686,4,149,6.125,3.4339872044851463
2026-06-01,2026-06,2026,6,16,30,True,True,Caribbean to Central America,0,0,0,0,3.3688721820587686,4,150,6.208333333333333,2.772588722239781
2014-01-01,2014-01,2014,1,31,31,False,False,Caribbean to US,1,1,1,0,1.0,5,1,-6.208333333333333,3.4339872044851463
2014-02-01,2014-02,2014,2,28,28,False,False,Caribbean to US,0,0,0,0,3.3688721820587686,5,2,-6.125,3.332204510175204
2014-03-01,2014-03,2014,3,31,31,False,False,Caribbean to US,0,0,0,0,3.3688721820587686,5,3,-6.041666666666667,3.4339872044851463
2014-04-01,2014-04,2014,4,30,30,False,False,Caribbean to US,0,0,0,0,3.3688721820587686,5,4,-5.958333333333333,3.4011973816621555
2014-05-01,2014-05,2014,5,31,31,False,False,Caribbean to US,0,0,0,0,3.3688721820587686,5,5,-5.875,3.4339872044851463
2014-06-01,2014-06,2014,6,30,30,False,False,Caribbean to US,0,0,0,0,3.3688721820587686,5,6,-5.791666666666667,3.4011973816621555
2014-07-01,2014-07,2014,7,31,31,False,False,Caribbean to US,0,0,0,0,3.3688721820587686,5,7,-5.708333333333333,3.4339872044851463
2014-08-01,2014-08,2014,8,31,31,False,False,Caribbean to US,10,2,9,0,1.0,5,8,-5.625,3.4339872044851463
2014-09-01,2014-09,2014,9,30,30,False,False,Caribbean to US,0,0,0,0,3.3688721820587686,5,9,-5.541666666666667,3.4011973816621555
2014-10-01,2014-10,2014,10,31,31,False,False,Caribbean to US,4,2,2,0,2.0,5,10,-5.458333333333333,3.4339872044851463
2014-11-01,2014-11,2014,11,30,30,False,False,Caribbean to US,0,0,0,0,3.3688721820587686,5,11,-5.375,3.4011973816621555
2014-12-01,2014-12,2014,12,31,31,False,False,Caribbean to US,1,1,1,0,1.0,5,12,-5.291666666666667,3.4339872044851463
2015-01-01,2015-01,2015,1,31,31,False,False,Caribbean to US,0,0,0,0,3.3688721820587686,5,13,-5.208333333333333,3.4339872044851463
2015-02-01,2015-02,2015,2,28,28,False,False,Caribbean to US,0,0,0,0,3.3688721820587686,5,14,-5.125,3.332204510175204
2015-03-01,2015-03,2015,3,31,31,False,False,Caribbean to US,0,0,0,0,3.3688721820587686,5,15,-5.041666666666667,3.4339872044851463
2015-04-01,2015-04,2015,4,30,30,False,False,Caribbean to US,0,0,0,0,3.3688721820587686,5,16,-4.958333333333333,3.4011973816621555
2015-05-01,2015-05,2015,5,31,31,False,False,Caribbean to US,0,0,0,0,3.3688721820587686,5,17,-4.875,3.4339872044851463
2015-06-01,2015-06,2015,6,30,30,False,False,Caribbean to US,0,0,0,0,3.3688721820587686,5,18,-4.791666666666667,3.4011973816621555
2015-07-01,2015-07,2015,7,31,31,False,False,Caribbean to US,0,0,0,0,3.3688721820587686,5,19,-4.708333333333333,3.4339872044851463
2015-08-01,2015-08,2015,8,31,31,False,False,Caribbean to US,0,0,0,0,3.3688721820587686,5,20,-4.625,3.4339872044851463
2015-09-01,2015-09,2015,9,30,30,False,False,Caribbean to US,0,0,0,0,3.3688721820587686,5,21,-4.541666666666667,3.4011973816621555
2015-10-01,2015-10,2015,10,31,31,False,False,Caribbean to US,0,0,0,0,3.3688721820587686,5,22,-4.458333333333333,3.4339872044851463
2015-11-01,2015-11,2015,11,30,30,False,False,Caribbean to US,0,0,0,0,3.3688721820587686,5,23,-4.375,3.4011973816621555
2015-12-01,2015-12,2015,12,31,31,False,False,Caribbean to US,13,1,13,0,1.0,5,24,-4.291666666666667,3.4339872044851463
2016-01-01,2016-01,2016,1,31,31,False,False,Caribbean to US,0,0,0,0,3.3688721820587686,5,25,-4.208333333333333,3.4339872044851463
2016-02-01,2016-02,2016,2,29,29,False,False,Caribbean to US,1,1,1,0,3.0,5,26,-4.125,3.367295829986474
2016-03-01,2016-03,2016,3,31,31,False,False,Caribbean to US,9,1,9,0,1.0,5,27,-4.041666666666667,3.4339872044851463
2016-04-01,2016-04,2016,4,30,30,False,False,Caribbean to US,0,0,0,0,3.3688721820587686,5,28,-3.9583333333333335,3.4011973816621555
2016-05-01,2016-05,2016,5,31,31,False,False,Caribbean to US,0,0,0,0,3.3688721820587686,5,29,-3.875,3.4339872044851463
2016-06-01,2016-06,2016,6,30,30,False,False,Caribbean to US,0,0,0,0,3.3688721820587686,5,30,-3.7916666666666665,3.4011973816621555
2016-07-01,2016-07,2016,7,31,31,False,False,Caribbean to US,2,1,2,0,1.0,5,31,-3.7083333333333335,3.4339872044851463
2016-08-01,2016-08,2016,8,31,31,False,False,Caribbean to US,0,0,0,0,3.3688721820587686,5,32,-3.625,3.4339872044851463
2016-09-01,2016-09,2016,9,30,30,False,False,Caribbean to US,20,1,20,0,3.0,5,33,-3.5416666666666665,3.4011973816621555
2016-10-01,2016-10,2016,10,31,31,False,False,Caribbean to US,1,1,1,0,1.0,5,34,-3.4583333333333335,3.4339872044851463
2016-11-01,2016-11,2016,11,30,30,False,False,Caribbean to US,0,0,0,0,3.3688721820587686,5,35,-3.375,3.4011973816621555
2016-12-01,2016-12,2016,12,31,31,False,False,Caribbean to US,1,1,1,0,1.0,5,36,-3.2916666666666665,3.4339872044851463
2017-01-01,2017-01,2017,1,31,31,False,False,Caribbean to US,0,0,0,0,3.3688721820587686,5,37,-3.2083333333333335,3.4339872044851463
2017-02-01,2017-02,2017,2,28,28,False,False,Caribbean to US,0,0,0,0,3.3688721820587686,5,38,-3.125,3.332204510175204
2017-03-01,2017-03,2017,3,31,31,False,False,Caribbean to US,0,0,0,0,3.3688721820587686,5,39,-3.0416666666666665,3.4339872044851463
2017-04-01,2017-04,2017,4,30,30,False,False,Caribbean to US,0,0,0,0,3.3688721820587686,5,40,-2.9583333333333335,3.4011973816621555
2017-05-01,2017-05,2017,5,31,31,False,False,Caribbean to US,0,0,0,0,3.3688721820587686,5,41,-2.875,3.4339872044851463
2017-06-01,2017-06,2017,6,30,30,False,False,Caribbean to US,0,0,0,0,3.3688721820587686,5,42,-2.7916666666666665,3.4011973816621555
2017-07-01,2017-07,2017,7,31,31,False,False,Caribbean to US,0,0,0,0,3.3688721820587686,5,43,-2.7083333333333335,3.4339872044851463
2017-08-01,2017-08,2017,8,31,31,False,False,Caribbean to US,0,0,0,0,3.3688721820587686,5,44,-2.625,3.4339872044851463
2017-09-01,2017-09,2017,9,30,30,False,False,Caribbean to US,0,0,0,0,3.3688721820587686,5,45,-2.5416666666666665,3.4011973816621555
2017-10-01,2017-10,2017,10,31,31,False,False,Caribbean to US,2,1,2,0,3.0,5,46,-2.4583333333333335,3.4339872044851463
2017-11-01,2017-11,2017,11,30,30,False,False,Caribbean to US,0,0,0,0,3.3688721820587686,5,47,-2.375,3.4011973816621555
2017-12-01,2017-12,2017,12,31,31,False,False,Caribbean to US,0,0,0,0,3.3688721820587686,5,48,-2.2916666666666665,3.4339872044851463
2018-01-01,2018-01,2018,1,31,31,False,False,Caribbean to US,0,0,0,0,3.3688721820587686,5,49,-2.2083333333333335,3.4339872044851463
2018-02-01,2018-02,2018,2,28,28,False,False,Caribbean to US,0,0,0,0,3.3688721820587686,5,50,-2.125,3.332204510175204
2018-03-01,2018-03,2018,3,31,31,False,False,Caribbean to US,0,0,0,0,3.3688721820587686,5,51,-2.0416666666666665,3.4339872044851463
2018-04-01,2018-04,2018,4,30,30,False,False,Caribbean to US,0,0,0,0,3.3688721820587686,5,52,-1.9583333333333333,3.4011973816621555
2018-05-01,2018-05,2018,5,31,31,False,False,Caribbean to US,0,0,0,0,3.3688721820587686,5,53,-1.875,3.4339872044851463
2018-06-01,2018-06,2018,6,30,30,False,False,Caribbean to US,0,0,0,0,3.3688721820587686,5,54,-1.7916666666666667,3.4011973816621555
2018-07-01,2018-07,2018,7,31,31,False,False,Caribbean to US,0,0,0,0,3.3688721820587686,5,55,-1.7083333333333333,3.4339872044851463
2018-08-01,2018-08,2018,8,31,31,False,False,Caribbean to US,0,0,0,0,3.3688721820587686,5,56,-1.625,3.4339872044851463
2018-09-01,2018-09,2018,9,30,30,False,False,Caribbean to US,0,0,0,0,3.3688721820587686,5,57,-1.5416666666666667,3.4011973816621555
2018-10-01,2018-10,2018,10,31,31,False,False,Caribbean to US,0,0,0,0,3.3688721820587686,5,58,-1.4583333333333333,3.4339872044851463
2018-11-01,2018-11,2018,11,30,30,False,False,Caribbean to US,0,0,0,0,3.3688721820587686,5,59,-1.375,3.4011973816621555
2018-12-01,2018-12,2018,12,31,31,False,False,Caribbean to US,0,0,0,0,3.3688721820587686,5,60,-1.2916666666666667,3.4339872044851463
2019-01-01,2019-01,2019,1,31,31,False,False,Caribbean to US,0,0,0,0,3.3688721820587686,5,61,-1.2083333333333333,3.4339872044851463
2019-02-01,2019-02,2019,2,28,28,False,False,Caribbean to US,0,0,0,0,3.3688721820587686,5,62,-1.125,3.332204510175204
2019-03-01,2019-03,2019,3,31,31,False,False,Caribbean to US,0,0,0,0,3.3688721820587686,5,63,-1.0416666666666667,3.4339872044851463
2019-04-01,2019-04,2019,4,30,30,False,False,Caribbean to US,0,0,0,0,3.3688721820587686,5,64,-0.9583333333333334,3.4011973816621555
2019-05-01,2019-05,2019,5,31,31,False,False,Caribbean to US,0,0,0,0,3.3688721820587686,5,65,-0.875,3.4339872044851463
2019-06-01,2019-06,2019,6,30,30,False,False,Caribbean to US,0,0,0,0,3.3688721820587686,5,66,-0.7916666666666666,3.4011973816621555
2019-07-01,2019-07,2019,7,31,31,False,False,Caribbean to US,0,0,0,0,3.3688721820587686,5,67,-0.7083333333333334,3.4339872044851463
2019-08-01,2019-08,2019,8,31,31,False,False,Caribbean to US,0,0,0,0,3.3688721820587686,5,68,-0.625,3.4339872044851463
2019-09-01,2019-09,2019,9,30,30,False,False,Caribbean to US,0,0,0,0,3.3688721820587686,5,69,-0.5416666666666666,3.4011973816621555
2019-10-01,2019-10,2019,10,31,31,False,False,Caribbean to US,0,0,0,0,3.3688721820587686,5,70,-0.4583333333333333,3.4339872044851463
2019-11-01,2019-11,2019,11,30,30,False,False,Caribbean to US,0,0,0,0,3.3688721820587686,5,71,-0.375,3.4011973816621555
2019-12-01,2019-12,2019,12,31,31,False,False,Caribbean to US,0,0,0,0,3.3688721820587686,5,72,-0.2916666666666667,3.4339872044851463
2020-01-01,2020-01,2020,1,31,31,False,False,Caribbean to US,0,0,0,0,3.3688721820587686,5,73,-0.20833333333333334,3.4339872044851463
2020-02-01,2020-02,2020,2,29,29,False,False,Caribbean to US,0,0,0,0,3.3688721820587686,5,74,-0.125,3.367295829986474
2020-03-01,2020-03,2020,3,31,31,False,False,Caribbean to US,0,0,0,0,3.3688721820587686,5,75,-0.041666666666666664,3.4339872044851463
2020-04-01,2020-04,2020,4,30,30,False,False,Caribbean to US,0,0,0,0,3.3688721820587686,5,76,0.041666666666666664,3.4011973816621555
2020-05-01,2020-05,2020,5,31,31,False,False,Caribbean to US,0,0,0,0,3.3688721820587686,5,77,0.125,3.4339872044851463
2020-06-01,2020-06,2020,6,30,30,False,False,Caribbean to US,0,0,0,0,3.3688721820587686,5,78,0.20833333333333334,3.4011973816621555
2020-07-01,2020-07,2020,7,31,31,False,False,Caribbean to US,0,0,0,0,3.3688721820587686,5,79,0.2916666666666667,3.4339872044851463
2020-08-01,2020-08,2020,8,31,31,False,False,Caribbean to US,0,0,0,0,3.3688721820587686,5,80,0.375,3.4339872044851463
2020-09-01,2020-09,2020,9,30,30,False,False,Caribbean to US,0,0,0,0,3.3688721820587686,5,81,0.4583333333333333,3.4011973816621555
2020-10-01,2020-10,2020,10,31,31,False,False,Caribbean to US,0,0,0,0,3.3688721820587686,5,82,0.5416666666666666,3.4339872044851463
2020-11-01,2020-11,2020,11,30,30,False,False,Caribbean to US,18,1,18,0,3.0,5,83,0.625,3.4011973816621555
2020-12-01,2020-12,2020,12,31,31,False,False,Caribbean to US,0,0,0,0,3.3688721820587686,5,84,0.7083333333333334,3.4339872044851463
2021-01-01,2021-01,2021,1,31,31,False,False,Caribbean to US,0,0,0,0,3.3688721820587686,5,85,0.7916666666666666,3.4339872044851463
2021-02-01,2021-02,2021,2,28,28,False,False,Caribbean to US,10,1,10,0,5.0,5,86,0.875,3.332204510175204
2021-03-01,2021-03,2021,3,31,31,False,False,Caribbean to US,5,1,5,0,3.0,5,87,0.9583333333333334,3.4339872044851463
2021-04-01,2021-04,2021,4,30,30,False,False,Caribbean to US,10,1,10,0,3.0,5,88,1.0416666666666667,3.4011973816621555
2021-05-01,2021-05,2021,5,31,31,False,False,Caribbean to US,13,2,12,0,4.0,5,89,1.125,3.4339872044851463
2021-06-01,2021-06,2021,6,30,30,False,False,Caribbean to US,2,1,2,0,1.0,5,90,1.2083333333333333,3.4011973816621555
2021-07-01,2021-07,2021,7,31,31,False,False,Caribbean to US,9,1,9,0,5.0,5,91,1.2916666666666667,3.4339872044851463
2021-08-01,2021-08,2021,8,31,31,False,False,Caribbean to US,3,1,3,0,5.0,5,92,1.375,3.4339872044851463
2021-09-01,2021-09,2021,9,30,30,False,False,Caribbean to US,0,0,0,0,3.3688721820587686,5,93,1.4583333333333333,3.4011973816621555
2021-10-01,2021-10,2021,10,31,31,False,False,Caribbean to US,0,0,0,0,3.3688721820587686,5,94,1.5416666666666667,3.4339872044851463
2021-11-01,2021-11,2021,11,30,30,False,False,Caribbean to US,0,0,0,0,3.3688721820587686,5,95,1.625,3.4011973816621555
2021-12-01,2021-12,2021,12,31,31,False,False,Caribbean to US,2,1,2,0,3.0,5,96,1.7083333333333333,3.4339872044851463
2022-01-01,2022-01,2022,1,31,31,False,False,Caribbean to US,0,0,0,0,3.3688721820587686,5,97,1.7916666666666667,3.4339872044851463
2022-02-01,2022-02,2022,2,28,28,False,False,Caribbean to US,0,0,0,0,3.3688721820587686,5,98,1.875,3.332204510175204
2022-03-01,2022-03,2022,3,31,31,False,False,Caribbean to US,4,3,2,0,5.0,5,99,1.9583333333333333,3.4339872044851463
2022-04-01,2022-04,2022,4,30,30,False,False,Caribbean to US,8,2,6,0,1.0,5,100,2.0416666666666665,3.4011973816621555
2022-05-01,2022-05,2022,5,31,31,False,False,Caribbean to US,0,0,0,0,3.3688721820587686,5,101,2.125,3.4339872044851463
2022-06-01,2022-06,2022,6,30,30,False,False,Caribbean to US,1,1,1,0,5.0,5,102,2.2083333333333335,3.4011973816621555
2022-07-01,2022-07,2022,7,31,31,False,False,Caribbean to US,38,3,20,0,4.333333333333333,5,103,2.2916666666666665,3.4339872044851463
2022-08-01,2022-08,2022,8,31,31,False,False,Caribbean to US,16,3,7,0,3.6666666666666665,5,104,2.375,3.4339872044851463
2022-09-01,2022-09,2022,9,30,30,False,False,Caribbean to US,19,1,19,0,5.0,5,105,2.4583333333333335,3.4011973816621555
2022-10-01,2022-10,2022,10,31,31,False,False,Caribbean to US,8,1,8,0,5.0,5,106,2.5416666666666665,3.4339872044851463
2022-11-01,2022-11,2022,11,30,30,False,False,Caribbean to US,50,6,20,0,3.3333333333333335,5,107,2.625,3.4011973816621555
2022-12-01,2022-12,2022,12,31,31,False,False,Caribbean to US,58,5,28,0,4.6,5,108,2.7083333333333335,3.4339872044851463
2023-01-01,2023-01,2023,1,31,31,False,False,Caribbean to US,84,5,32,0,2.8,5,109,2.7916666666666665,3.4339872044851463
2023-02-01,2023-02,2023,2,28,28,False,False,Caribbean to US,0,0,0,0,3.3688721820587686,5,110,2.875,3.332204510175204
2023-03-01,2023-03,2023,3,31,31,False,False,Caribbean to US,18,3,16,0,4.666666666666667,5,111,2.9583333333333335,3.4339872044851463
2023-04-01,2023-04,2023,4,30,30,False,False,Caribbean to US,0,0,0,0,3.3688721820587686,5,112,3.0416666666666665,3.4011973816621555
2023-05-01,2023-05,2023,5,31,31,False,False,Caribbean to US,0,0,0,0,3.3688721820587686,5,113,3.125,3.4339872044851463
2023-06-01,2023-06,2023,6,30,30,False,False,Caribbean to US,1,1,1,0,5.0,5,114,3.2083333333333335,3.4011973816621555
2023-07-01,2023-07,2023,7,31,31,False,False,Caribbean to US,0,0,0,0,3.3688721820587686,5,115,3.2916666666666665,3.4339872044851463
2023-08-01,2023-08,2023,8,31,31,False,False,Caribbean to US,0,0,0,0,3.3688721820587686,5,116,3.375,3.4339872044851463
2023-09-01,2023-09,2023,9,30,30,False,False,Caribbean to US,2,1,2,0,5.0,5,117,3.4583333333333335,3.4011973816621555
2023-10-01,2023-10,2023,10,31,31,False,False,Caribbean to US,2,1,2,0,3.0,5,118,3.5416666666666665,3.4339872044851463
2023-11-01,2023-11,2023,11,30,30,False,False,Caribbean to US,0,0,0,0,3.3688721820587686,5,119,3.625,3.4011973816621555
2023-12-01,2023-12,2023,12,31,31,False,False,Caribbean to US,36,1,36,0,3.0,5,120,3.7083333333333335,3.4339872044851463
2024-01-01,2024-01,2024,1,31,31,False,False,Caribbean to US,11,2,10,0,4.0,5,121,3.7916666666666665,3.4339872044851463
2024-02-01,2024-02,2024,2,29,29,False,False,Caribbean to US,40,1,40,0,3.0,5,122,3.875,3.367295829986474
2024-03-01,2024-03,2024,3,31,31,False,False,Caribbean to US,0,0,0,0,3.3688721820587686,5,123,3.9583333333333335,3.4339872044851463
2024-04-01,2024-04,2024,4,30,30,False,False,Caribbean to US,0,0,0,0,3.3688721820587686,5,124,4.041666666666667,3.4011973816621555
2024-05-01,2024-05,2024,5,31,31,False,False,Caribbean to US,19,1,19,0,3.0,5,125,4.125,3.4339872044851463
2024-06-01,2024-06,2024,6,30,30,False,False,Caribbean to US,0,0,0,0,3.3688721820587686,5,126,4.208333333333333,3.4011973816621555
2024-07-01,2024-07,2024,7,31,31,False,False,Caribbean to US,72,2,60,0,4.0,5,127,4.291666666666667,3.4339872044851463
2024-08-01,2024-08,2024,8,31,31,False,False,Caribbean to US,0,0,0,0,3.3688721820587686,5,128,4.375,3.4339872044851463
2024-09-01,2024-09,2024,9,30,30,False,False,Caribbean to US,0,0,0,0,3.3688721820587686,5,129,4.458333333333333,3.4011973816621555
2024-10-01,2024-10,2024,10,31,31,False,False,Caribbean to US,0,0,0,0,3.3688721820587686,5,130,4.541666666666667,3.4339872044851463
2024-11-01,2024-11,2024,11,30,30,False,False,Caribbean to US,45,2,28,0,3.0,5,131,4.625,3.4011973816621555
2024-12-01,2024-12,2024,12,31,31,False,False,Caribbean to US,0,0,0,0,3.3688721820587686,5,132,4.708333333333333,3.4339872044851463
2025-01-01,2025-01,2025,1,31,31,False,False,Caribbean to US,0,0,0,0,3.3688721820587686,5,133,4.791666666666667,3.4339872044851463
2025-02-01,2025-02,2025,2,28,28,False,False,Caribbean to US,0,0,0,0,3.3688721820587686,5,134,4.875,3.332204510175204
2025-03-01,2025-03,2025,3,31,31,False,False,Caribbean to US,0,0,0,0,3.3688721820587686,5,135,4.958333333333333,3.4339872044851463
2025-04-01,2025-04,2025,4,30,30,False,False,Caribbean to US,5,1,5,0,5.0,5,136,5.041666666666667,3.4011973816621555
2025-05-01,2025-05,2025,5,31,31,False,False,Caribbean to US,0,0,0,0,3.3688721820587686,5,137,5.125,3.4339872044851463
2025-06-01,2025-06,2025,6,30,30,False,False,Caribbean to US,0,0,0,0,3.3688721820587686,5,138,5.208333333333333,3.4011973816621555
2025-07-01,2025-07,2025,7,31,31,False,False,Caribbean to US,0,0,0,0,3.3688721820587686,5,139,5.291666666666667,3.4339872044851463
2025-08-01,2025-08,2025,8,31,31,False,False,Caribbean to US,0,0,0,0,3.3688721820587686,5,140,5.375,3.4339872044851463
2025-09-01,2025-09,2025,9,30,30,False,False,Caribbean to US,0,0,0,0,3.3688721820587686,5,141,5.458333333333333,3.4011973816621555
2025-10-01,2025-10,2025,10,31,31,False,False,Caribbean to US,0,0,0,0,3.3688721820587686,5,142,5.541666666666667,3.4339872044851463
2025-11-01,2025-11,2025,11,30,30,False,False,Caribbean to US,0,0,0,0,3.3688721820587686,5,143,5.625,3.4011973816621555
2025-12-01,2025-12,2025,12,31,31,False,False,Caribbean to US,0,0,0,0,3.3688721820587686,5,144,5.708333333333333,3.4339872044851463
2026-01-01,2026-01,2026,1,31,31,False,True,Caribbean to US,0,0,0,0,3.3688721820587686,5,145,5.791666666666667,3.4339872044851463
2026-02-01,2026-02,2026,2,28,28,False,True,Caribbean to US,0,0,0,0,3.3688721820587686,5,146,5.875,3.332204510175204
2026-03-01,2026-03,2026,3,31,31,False,True,Caribbean to US,0,0,0,0,3.3688721820587686,5,147,5.958333333333333,3.4339872044851463
2026-04-01,2026-04,2026,4,30,30,False,True,Caribbean to US,0,0,0,0,3.3688721820587686,5,148,6.041666666666667,3.4011973816621555
2026-05-01,2026-05,2026,5,31,31,False,True,Caribbean to US,0,0,0,0,3.3688721820587686,5,149,6.125,3.4339872044851463
2026-06-01,2026-06,2026,6,16,30,True,True,Caribbean to US,0,0,0,0,3.3688721820587686,5,150,6.208333333333333,2.772588722239781
2014-01-01,2014-01,2014,1,31,31,False,False,Central Mediterranean,0,0,0,0,3.3688721820587686,6,1,-6.208333333333333,3.4339872044851463
2014-02-01,2014-02,2014,2,28,28,False,False,Central Mediterranean,9,2,7,0,1.0,6,2,-6.125,3.332204510175204
2014-03-01,2014-03,2014,3,31,31,False,False,Central Mediterranean,1,1,1,0,1.0,6,3,-6.041666666666667,3.4339872044851463
2014-04-01,2014-04,2014,4,30,30,False,False,Central Mediterranean,41,2,40,0,1.0,6,4,-5.958333333333333,3.4011973816621555
2014-05-01,2014-05,2014,5,31,31,False,False,Central Mediterranean,299,4,217,1,2.25,6,5,-5.875,3.4339872044851463
2014-06-01,2014-06,2014,6,30,30,False,False,Central Mediterranean,308,7,240,1,1.4285714285714286,6,6,-5.791666666666667,3.4011973816621555
2014-07-01,2014-07,2014,7,31,31,False,False,Central Mediterranean,459,10,128,2,1.3,6,7,-5.708333333333333,3.4339872044851463
2014-08-01,2014-08,2014,8,31,31,False,False,Central Mediterranean,616,7,251,3,3.142857142857143,6,8,-5.625,3.4339872044851463
2014-09-01,2014-09,2014,9,30,30,False,False,Central Mediterranean,725,4,500,2,3.75,6,9,-5.541666666666667,3.4011973816621555
2014-10-01,2014-10,2014,10,31,31,False,False,Central Mediterranean,118,3,95,1,2.0,6,10,-5.458333333333333,3.4339872044851463
2014-11-01,2014-11,2014,11,30,30,False,False,Central Mediterranean,0,0,0,0,3.3688721820587686,6,11,-5.375,3.4011973816621555
2014-12-01,2014-12,2014,12,31,31,False,False,Central Mediterranean,54,4,30,0,2.5,6,12,-5.291666666666667,3.4339872044851463
2015-01-01,2015-01,2015,1,31,31,False,False,Central Mediterranean,67,3,45,0,1.0,6,13,-5.208333333333333,3.4339872044851463
2015-02-01,2015-02,2015,2,28,28,False,False,Central Mediterranean,336,2,307,1,4.0,6,14,-5.125,3.332204510175204
2015-03-01,2015-03,2015,3,31,31,False,False,Central Mediterranean,53,2,50,0,4.0,6,15,-5.041666666666667,3.4339872044851463
2015-04-01,2015-04,2015,4,30,30,False,False,Central Mediterranean,1480,8,1022,2,2.875,6,16,-4.958333333333333,3.4011973816621555
2015-05-01,2015-05,2015,5,31,31,False,False,Central Mediterranean,70,6,46,0,2.0,6,17,-4.875,3.4339872044851463
2015-06-01,2015-06,2015,6,30,30,False,False,Central Mediterranean,5,3,3,0,4.0,6,18,-4.791666666666667,3.4011973816621555
2015-07-01,2015-07,2015,7,31,31,False,False,Central Mediterranean,183,5,100,1,2.8,6,19,-4.708333333333333,3.4339872044851463
2015-08-01,2015-08,2015,8,31,31,False,False,Central Mediterranean,425,13,202,1,3.769230769230769,6,20,-4.625,3.4339872044851463
2015-09-01,2015-09,2015,9,30,30,False,False,Central Mediterranean,76,5,44,0,2.8,6,21,-4.541666666666667,3.4011973816621555
2015-10-01,2015-10,2015,10,31,31,False,False,Central Mediterranean,57,3,43,0,2.0,6,22,-4.458333333333333,3.4339872044851463
2015-11-01,2015-11,2015,11,30,30,False,False,Central Mediterranean,8,1,8,0,1.0,6,23,-4.375,3.4011973816621555
2015-12-01,2015-12,2015,12,31,31,False,False,Central Mediterranean,1,1,1,0,4.0,6,24,-4.291666666666667,3.4339872044851463
2016-01-01,2016-01,2016,1,31,31,False,False,Central Mediterranean,90,5,70,0,4.0,6,25,-4.208333333333333,3.4339872044851463
2016-02-01,2016-02,2016,2,29,29,False,False,Central Mediterranean,7,2,5,0,2.5,6,26,-4.125,3.367295829986474
2016-03-01,2016-03,2016,3,31,31,False,False,Central Mediterranean,207,8,90,2,2.75,6,27,-4.041666666666667,3.4339872044851463
2016-04-01,2016-04,2016,4,30,30,False,False,Central Mediterranean,611,7,459,2,3.857142857142857,6,28,-3.9583333333333335,3.4011973816621555
2016-05-01,2016-05,2016,5,31,31,False,False,Central Mediterranean,875,11,550,2,3.1818181818181817,6,29,-3.875,3.4339872044851463
2016-06-01,2016-06,2016,6,30,30,False,False,Central Mediterranean,388,10,339,1,3.6,6,30,-3.7916666666666665,3.4011973816621555
2016-07-01,2016-07,2016,7,31,31,False,False,Central Mediterranean,88,8,22,0,3.375,6,31,-3.7083333333333335,3.4339872044851463
2016-08-01,2016-08,2016,8,31,31,False,False,Central Mediterranean,40,9,21,0,3.6666666666666665,6,32,-3.625,3.4339872044851463
2016-09-01,2016-09,2016,9,30,30,False,False,Central Mediterranean,341,12,288,1,3.4166666666666665,6,33,-3.5416666666666665,3.4011973816621555
2016-10-01,2016-10,2016,10,31,31,False,False,Central Mediterranean,431,25,97,1,3.68,6,34,-3.4583333333333335,3.4339872044851463
2016-11-01,2016-11,2016,11,30,30,False,False,Central Mediterranean,703,15,135,5,3.466666666666667,6,35,-3.375,3.4011973816621555
2016-12-01,2016-12,2016,12,31,31,False,False,Central Mediterranean,365,20,87,1,4.0,6,36,-3.2916666666666665,3.4339872044851463
2017-01-01,2017-01,2017,1,31,31,False,False,Central Mediterranean,225,13,176,1,3.923076923076923,6,37,-3.2083333333333335,3.4339872044851463
2017-02-01,2017-02,2017,2,28,28,False,False,Central Mediterranean,217,7,118,1,3.4285714285714284,6,38,-3.125,3.332204510175204
2017-03-01,2017-03,2017,3,31,31,False,False,Central Mediterranean,300,22,130,1,3.727272727272727,6,39,-3.0416666666666665,3.4339872044851463
2017-04-01,2017-04,2017,4,30,30,False,False,Central Mediterranean,280,17,97,1,3.8823529411764706,6,40,-2.9583333333333335,3.4011973816621555
2017-05-01,2017-05,2017,5,31,31,False,False,Central Mediterranean,621,25,156,4,3.76,6,41,-2.875,3.4339872044851463
2017-06-01,2017-06,2017,6,30,30,False,False,Central Mediterranean,514,37,126,2,3.891891891891892,6,42,-2.7916666666666665,3.4011973816621555
2017-07-01,2017-07,2017,7,31,31,False,False,Central Mediterranean,68,7,35,0,3.7142857142857144,6,43,-2.7083333333333335,3.4339872044851463
2017-08-01,2017-08,2017,8,31,31,False,False,Central Mediterranean,143,5,120,1,4.0,6,44,-2.625,3.4339872044851463
2017-09-01,2017-09,2017,9,30,30,False,False,Central Mediterranean,99,3,97,1,4.0,6,45,-2.5416666666666665,3.4011973816621555
2017-10-01,2017-10,2017,10,31,31,False,False,Central Mediterranean,166,11,68,0,4.0,6,46,-2.4583333333333335,3.4339872044851463
2017-11-01,2017-11,2017,11,30,30,False,False,Central Mediterranean,117,8,34,0,4.125,6,47,-2.375,3.4011973816621555
2017-12-01,2017-12,2017,12,31,31,False,False,Central Mediterranean,9,2,8,0,2.5,6,48,-2.2916666666666665,3.4339872044851463
2018-01-01,2018-01,2018,1,31,31,False,False,Central Mediterranean,180,5,100,1,4.0,6,49,-2.2083333333333335,3.4339872044851463
2018-02-01,2018-02,2018,2,28,28,False,False,Central Mediterranean,21,5,11,0,4.0,6,50,-2.125,3.332204510175204
2018-03-01,2018-03,2018,3,31,31,False,False,Central Mediterranean,2,2,1,0,4.0,6,51,-2.0416666666666665,3.4339872044851463
2018-04-01,2018-04,2018,4,30,30,False,False,Central Mediterranean,9,3,6,0,4.0,6,52,-1.9583333333333333,3.4011973816621555
2018-05-01,2018-05,2018,5,31,31,False,False,Central Mediterranean,6,3,4,0,4.333333333333333,6,53,-1.875,3.4339872044851463
2018-06-01,2018-06,2018,6,30,30,False,False,Central Mediterranean,349,13,104,1,3.6153846153846154,6,54,-1.7916666666666667,3.4011973816621555
2018-07-01,2018-07,2018,7,31,31,False,False,Central Mediterranean,148,8,114,1,4.25,6,55,-1.7083333333333333,3.4339872044851463
2018-08-01,2018-08,2018,8,31,31,False,False,Central Mediterranean,11,2,9,0,4.0,6,56,-1.625,3.4339872044851463
2018-09-01,2018-09,2018,9,30,30,False,False,Central Mediterranean,130,1,130,1,4.0,6,57,-1.5416666666666667,3.4011973816621555
2018-10-01,2018-10,2018,10,31,31,False,False,Central Mediterranean,7,2,6,0,3.5,6,58,-1.4583333333333333,3.4339872044851463
2018-11-01,2018-11,2018,11,30,30,False,False,Central Mediterranean,24,5,10,0,2.2,6,59,-1.375,3.4011973816621555
2018-12-01,2018-12,2018,12,31,31,False,False,Central Mediterranean,23,2,15,0,4.0,6,60,-1.2916666666666667,3.4339872044851463
2019-01-01,2019-01,2019,1,31,31,False,False,Central Mediterranean,30,10,7,0,3.2,6,61,-1.2083333333333333,3.4339872044851463
2019-02-01,2019-02,2019,2,28,28,False,False,Central Mediterranean,6,4,3,0,3.75,6,62,-1.125,3.332204510175204
2019-03-01,2019-03,2019,3,31,31,False,False,Central Mediterranean,56,5,41,0,3.8,6,63,-1.0416666666666667,3.4339872044851463
2019-04-01,2019-04,2019,4,30,30,False,False,Central Mediterranean,52,3,50,0,4.0,6,64,-0.9583333333333334,3.4011973816621555
2019-05-01,2019-05,2019,5,31,31,False,False,Central Mediterranean,6,2,5,0,4.0,6,65,-0.875,3.4339872044851463
2019-06-01,2019-06,2019,6,30,30,False,False,Central Mediterranean,27,1,27,0,4.0,6,66,-0.7916666666666666,3.4011973816621555
2019-07-01,2019-07,2019,7,31,31,False,False,Central Mediterranean,218,3,150,1,3.0,6,67,-0.7083333333333334,3.4339872044851463
2019-08-01,2019-08,2019,8,31,31,False,False,Central Mediterranean,120,6,100,1,3.8333333333333335,6,68,-0.625,3.4339872044851463
2019-09-01,2019-09,2019,9,30,30,False,False,Central Mediterranean,19,7,7,0,4.0,6,69,-0.5416666666666666,3.4011973816621555
2019-10-01,2019-10,2019,10,31,31,False,False,Central Mediterranean,91,4,57,0,3.75,6,70,-0.4583333333333333,3.4339872044851463
2019-11-01,2019-11,2019,11,30,30,False,False,Central Mediterranean,279,9,94,1,4.111111111111111,6,71,-0.375,3.4011973816621555
2019-12-01,2019-12,2019,12,31,31,False,False,Central Mediterranean,47,3,45,0,4.0,6,72,-0.2916666666666667,3.4339872044851463
2020-01-01,2020-01,2020,1,31,31,False,False,Central Mediterranean,6,4,3,0,4.0,6,73,-0.20833333333333334,3.4339872044851463
2020-02-01,2020-02,2020,2,29,29,False,False,Central Mediterranean,110,3,91,1,3.0,6,74,-0.125,3.367295829986474
2020-03-01,2020-03,2020,3,31,31,False,False,Central Mediterranean,20,1,20,0,3.0,6,75,-0.041666666666666664,3.4339872044851463
2020-04-01,2020-04,2020,4,30,30,False,False,Central Mediterranean,1,1,1,0,4.0,6,76,0.041666666666666664,3.4011973816621555
2020-05-01,2020-05,2020,5,31,31,False,False,Central Mediterranean,11,4,7,0,3.75,6,77,0.125,3.4339872044851463
2020-06-01,2020-06,2020,6,30,30,False,False,Central Mediterranean,89,7,61,0,4.0,6,78,0.20833333333333334,3.4011973816621555
2020-07-01,2020-07,2020,7,31,31,False,False,Central Mediterranean,61,13,25,0,3.4615384615384617,6,79,0.2916666666666667,3.4339872044851463
2020-08-01,2020-08,2020,8,31,31,False,False,Central Mediterranean,100,16,45,0,3.6875,6,80,0.375,3.4339872044851463
2020-09-01,2020-09,2020,9,30,30,False,False,Central Mediterranean,21,11,5,0,3.6363636363636362,6,81,0.4583333333333333,3.4011973816621555
2020-10-01,2020-10,2020,10,31,31,False,False,Central Mediterranean,74,10,23,0,4.0,6,82,0.5416666666666666,3.4339872044851463
2020-11-01,2020-11,2020,11,30,30,False,False,Central Mediterranean,168,11,75,0,3.5454545454545454,6,83,0.625,3.4011973816621555
2020-12-01,2020-12,2020,12,31,31,False,False,Central Mediterranean,74,9,40,0,3.6666666666666665,6,84,0.7083333333333334,3.4339872044851463
2021-01-01,2021-01,2021,1,31,31,False,False,Central Mediterranean,56,7,43,0,3.857142857142857,6,85,0.7916666666666666,3.4339872044851463
2021-02-01,2021-02,2021,2,28,28,False,False,Central Mediterranean,107,21,41,0,4.0,6,86,0.875,3.332204510175204
2021-03-01,2021-03,2021,3,31,31,False,False,Central Mediterranean,47,5,30,0,4.4,6,87,0.9583333333333334,3.4339872044851463
2021-04-01,2021-04,2021,4,30,30,False,False,Central Mediterranean,64,11,41,0,3.3636363636363638,6,88,1.0416666666666667,3.4011973816621555
2021-05-01,2021-05,2021,5,31,31,False,False,Central Mediterranean,157,22,57,0,3.727272727272727,6,89,1.125,3.4339872044851463
2021-06-01,2021-06,2021,6,30,30,False,False,Central Mediterranean,91,16,25,0,4.0,6,90,1.2083333333333333,3.4011973816621555
2021-07-01,2021-07,2021,7,31,31,False,False,Central Mediterranean,154,24,21,0,3.7916666666666665,6,91,1.2916666666666667,3.4339872044851463
2021-08-01,2021-08,2021,8,31,31,False,False,Central Mediterranean,79,19,12,0,2.9473684210526314,6,92,1.375,3.4339872044851463
2021-09-01,2021-09,2021,9,30,30,False,False,Central Mediterranean,12,4,8,0,3.75,6,93,1.4583333333333333,3.4011973816621555
2021-10-01,2021-10,2021,10,31,31,False,False,Central Mediterranean,29,5,23,0,4.0,6,94,1.5416666666666667,3.4339872044851463
2021-11-01,2021-11,2021,11,30,30,False,False,Central Mediterranean,78,2,77,0,4.0,6,95,1.625,3.4011973816621555
2021-12-01,2021-12,2021,12,31,31,False,False,Central Mediterranean,100,5,61,0,3.4,6,96,1.7083333333333333,3.4339872044851463
2022-01-01,2022-01,2022,1,31,31,False,False,Central Mediterranean,85,15,36,0,4.0,6,97,1.7916666666666667,3.4339872044851463
2022-02-01,2022-02,2022,2,28,28,False,False,Central Mediterranean,80,11,50,0,4.181818181818182,6,98,1.875,3.332204510175204
2022-03-01,2022-03,2022,3,31,31,False,False,Central Mediterranean,67,9,24,0,4.0,6,99,1.9583333333333333,3.4339872044851463
2022-04-01,2022-04,2022,4,30,30,False,False,Central Mediterranean,233,12,96,1,4.166666666666667,6,100,2.0416666666666665,3.4011973816621555
2022-05-01,2022-05,2022,5,31,31,False,False,Central Mediterranean,115,14,76,0,4.285714285714286,6,101,2.125,3.4339872044851463
2022-06-01,2022-06,2022,6,30,30,False,False,Central Mediterranean,46,19,14,0,4.105263157894737,6,102,2.2083333333333335,3.4011973816621555
2022-07-01,2022-07,2022,7,31,31,False,False,Central Mediterranean,98,17,29,0,4.176470588235294,6,103,2.2916666666666665,3.4339872044851463
2022-08-01,2022-08,2022,8,31,31,False,False,Central Mediterranean,101,14,25,0,3.5714285714285716,6,104,2.375,3.4339872044851463
2022-09-01,2022-09,2022,9,30,30,False,False,Central Mediterranean,137,20,32,0,3.9,6,105,2.4583333333333335,3.4011973816621555
2022-10-01,2022-10,2022,10,31,31,False,False,Central Mediterranean,118,19,45,0,3.8421052631578947,6,106,2.5416666666666665,3.4339872044851463
2022-11-01,2022-11,2022,11,30,30,False,False,Central Mediterranean,37,12,7,0,3.4166666666666665,6,107,2.625,3.4011973816621555
2022-12-01,2022-12,2022,12,31,31,False,False,Central Mediterranean,25,6,8,0,3.3333333333333335,6,108,2.7083333333333335,3.4339872044851463
2023-01-01,2023-01,2023,1,31,31,False,False,Central Mediterranean,41,12,15,0,4.0,6,109,2.7916666666666665,3.4339872044851463
2023-02-01,2023-02,2023,2,28,28,False,False,Central Mediterranean,117,7,73,0,3.857142857142857,6,110,2.875,3.332204510175204
2023-03-01,2023-03,2023,3,31,31,False,False,Central Mediterranean,200,14,42,0,4.357142857142857,6,111,2.9583333333333335,3.4339872044851463
2023-04-01,2023-04,2023,4,30,30,False,False,Central Mediterranean,435,39,60,0,4.153846153846154,6,112,3.0416666666666665,3.4011973816621555
2023-05-01,2023-05,2023,5,31,31,False,False,Central Mediterranean,88,17,41,0,3.823529411764706,6,113,3.125,3.4339872044851463
2023-06-01,2023-06,2023,6,30,30,False,False,Central Mediterranean,108,22,37,0,4.0,6,114,3.2083333333333335,3.4011973816621555
2023-07-01,2023-07,2023,7,31,31,False,False,Central Mediterranean,68,15,20,0,4.133333333333334,6,115,3.2916666666666665,3.4339872044851463
2023-08-01,2023-08,2023,8,31,31,False,False,Central Mediterranean,224,24,55,0,3.875,6,116,3.375,3.4339872044851463
2023-09-01,2023-09,2023,9,30,30,False,False,Central Mediterranean,76,12,47,0,3.75,6,117,3.4583333333333335,3.4011973816621555
2023-10-01,2023-10,2023,10,31,31,False,False,Central Mediterranean,47,7,25,0,3.857142857142857,6,118,3.5416666666666665,3.4339872044851463
2023-11-01,2023-11,2023,11,30,30,False,False,Central Mediterranean,25,8,9,0,3.875,6,119,3.625,3.4011973816621555
2023-12-01,2023-12,2023,12,31,31,False,False,Central Mediterranean,150,9,61,0,4.0,6,120,3.7083333333333335,3.4339872044851463
2024-01-01,2024-01,2024,1,31,31,False,False,Central Mediterranean,83,11,37,0,4.090909090909091,6,121,3.7916666666666665,3.4339872044851463
2024-02-01,2024-02,2024,2,29,29,False,False,Central Mediterranean,92,12,40,0,4.333333333333333,6,122,3.875,3.367295829986474
2024-03-01,2024-03,2024,3,31,31,False,False,Central Mediterranean,144,24,60,0,4.208333333333333,6,123,3.9583333333333335,3.4339872044851463
2024-04-01,2024-04,2024,4,30,30,False,False,Central Mediterranean,135,24,45,0,4.208333333333333,6,124,4.041666666666667,3.4011973816621555
2024-05-01,2024-05,2024,5,31,31,False,False,Central Mediterranean,201,24,36,0,3.75,6,125,4.125,3.4339872044851463
2024-06-01,2024-06,2024,6,30,30,False,False,Central Mediterranean,58,20,17,0,4.1,6,126,4.208333333333333,3.4011973816621555
2024-07-01,2024-07,2024,7,31,31,False,False,Central Mediterranean,83,21,34,0,3.8095238095238093,6,127,4.291666666666667,3.4339872044851463
2024-08-01,2024-08,2024,8,31,31,False,False,Central Mediterranean,95,22,44,0,3.909090909090909,6,128,4.375,3.4339872044851463
2024-09-01,2024-09,2024,9,30,30,False,False,Central Mediterranean,111,17,26,0,4.0588235294117645,6,129,4.458333333333333,3.4011973816621555
2024-10-01,2024-10,2024,10,31,31,False,False,Central Mediterranean,83,14,35,0,3.9285714285714284,6,130,4.541666666666667,3.4339872044851463
2024-11-01,2024-11,2024,11,30,30,False,False,Central Mediterranean,98,13,18,0,3.769230769230769,6,131,4.625,3.4011973816621555
2024-12-01,2024-12,2024,12,31,31,False,False,Central Mediterranean,152,10,44,0,3.8,6,132,4.708333333333333,3.4339872044851463
2025-01-01,2025-01,2025,1,31,31,False,False,Central Mediterranean,101,11,56,0,4.090909090909091,6,133,4.791666666666667,3.4339872044851463
2025-02-01,2025-02,2025,2,28,28,False,False,Central Mediterranean,36,7,26,0,4.0,6,134,4.875,3.332204510175204
2025-03-01,2025-03,2025,3,31,31,False,False,Central Mediterranean,74,9,46,0,4.111111111111111,6,135,4.958333333333333,3.4339872044851463
2025-04-01,2025-04,2025,4,30,30,False,False,Central Mediterranean,48,11,21,0,3.8181818181818183,6,136,5.041666666666667,3.4011973816621555
2025-05-01,2025-05,2025,5,31,31,False,False,Central Mediterranean,79,12,46,0,4.083333333333333,6,137,5.125,3.4339872044851463
2025-06-01,2025-06,2025,6,30,30,False,False,Central Mediterranean,50,15,21,0,4.0,6,138,5.208333333333333,3.4011973816621555
2025-07-01,2025-07,2025,7,31,31,False,False,Central Mediterranean,24,12,5,0,4.083333333333333,6,139,5.291666666666667,3.4339872044851463
2025-08-01,2025-08,2025,8,31,31,False,False,Central Mediterranean,139,9,68,0,3.888888888888889,6,140,5.375,3.4339872044851463
2025-09-01,2025-09,2025,9,30,30,False,False,Central Mediterranean,16,5,11,0,3.4,6,141,5.458333333333333,3.4011973816621555
2025-10-01,2025-10,2025,10,31,31,False,False,Central Mediterranean,78,7,40,0,3.4285714285714284,6,142,5.541666666666667,3.4339872044851463
2025-11-01,2025-11,2025,11,30,30,False,False,Central Mediterranean,32,5,25,0,3.8,6,143,5.625,3.4011973816621555
2025-12-01,2025-12,2025,12,31,31,False,False,Central Mediterranean,128,8,116,1,4.25,6,144,5.708333333333333,3.4339872044851463
2026-01-01,2026-01,2026,1,31,31,False,True,Central Mediterranean,427,11,54,0,3.909090909090909,6,145,5.791666666666667,3.4339872044851463
2026-02-01,2026-02,2026,2,28,28,False,True,Central Mediterranean,78,15,53,0,3.1333333333333333,6,146,5.875,3.332204510175204
2026-03-01,2026-03,2026,3,31,31,False,True,Central Mediterranean,137,16,45,0,3.875,6,147,5.958333333333333,3.4339872044851463
2026-04-01,2026-04,2026,4,30,30,False,True,Central Mediterranean,55,18,23,0,4.0,6,148,6.041666666666667,3.4011973816621555
2026-05-01,2026-05,2026,5,31,31,False,True,Central Mediterranean,5,5,1,0,3.8,6,149,6.125,3.4339872044851463
2026-06-01,2026-06,2026,6,16,30,True,True,Central Mediterranean,18,8,11,0,4.125,6,150,6.208333333333333,2.772588722239781
2014-01-01,2014-01,2014,1,31,31,False,False,DRC to Uganda,0,0,0,0,3.3688721820587686,7,1,-6.208333333333333,3.4339872044851463
2014-02-01,2014-02,2014,2,28,28,False,False,DRC to Uganda,0,0,0,0,3.3688721820587686,7,2,-6.125,3.332204510175204
2014-03-01,2014-03,2014,3,31,31,False,False,DRC to Uganda,0,0,0,0,3.3688721820587686,7,3,-6.041666666666667,3.4339872044851463
2014-04-01,2014-04,2014,4,30,30,False,False,DRC to Uganda,0,0,0,0,3.3688721820587686,7,4,-5.958333333333333,3.4011973816621555
2014-05-01,2014-05,2014,5,31,31,False,False,DRC to Uganda,0,0,0,0,3.3688721820587686,7,5,-5.875,3.4339872044851463
2014-06-01,2014-06,2014,6,30,30,False,False,DRC to Uganda,0,0,0,0,3.3688721820587686,7,6,-5.791666666666667,3.4011973816621555
2014-07-01,2014-07,2014,7,31,31,False,False,DRC to Uganda,0,0,0,0,3.3688721820587686,7,7,-5.708333333333333,3.4339872044851463
2014-08-01,2014-08,2014,8,31,31,False,False,DRC to Uganda,0,0,0,0,3.3688721820587686,7,8,-5.625,3.4339872044851463
2014-09-01,2014-09,2014,9,30,30,False,False,DRC to Uganda,0,0,0,0,3.3688721820587686,7,9,-5.541666666666667,3.4011973816621555
2014-10-01,2014-10,2014,10,31,31,False,False,DRC to Uganda,0,0,0,0,3.3688721820587686,7,10,-5.458333333333333,3.4339872044851463
2014-11-01,2014-11,2014,11,30,30,False,False,DRC to Uganda,0,0,0,0,3.3688721820587686,7,11,-5.375,3.4011973816621555
2014-12-01,2014-12,2014,12,31,31,False,False,DRC to Uganda,0,0,0,0,3.3688721820587686,7,12,-5.291666666666667,3.4339872044851463
2015-01-01,2015-01,2015,1,31,31,False,False,DRC to Uganda,0,0,0,0,3.3688721820587686,7,13,-5.208333333333333,3.4339872044851463
2015-02-01,2015-02,2015,2,28,28,False,False,DRC to Uganda,0,0,0,0,3.3688721820587686,7,14,-5.125,3.332204510175204
2015-03-01,2015-03,2015,3,31,31,False,False,DRC to Uganda,0,0,0,0,3.3688721820587686,7,15,-5.041666666666667,3.4339872044851463
2015-04-01,2015-04,2015,4,30,30,False,False,DRC to Uganda,0,0,0,0,3.3688721820587686,7,16,-4.958333333333333,3.4011973816621555
2015-05-01,2015-05,2015,5,31,31,False,False,DRC to Uganda,0,0,0,0,3.3688721820587686,7,17,-4.875,3.4339872044851463
2015-06-01,2015-06,2015,6,30,30,False,False,DRC to Uganda,0,0,0,0,3.3688721820587686,7,18,-4.791666666666667,3.4011973816621555
2015-07-01,2015-07,2015,7,31,31,False,False,DRC to Uganda,0,0,0,0,3.3688721820587686,7,19,-4.708333333333333,3.4339872044851463
2015-08-01,2015-08,2015,8,31,31,False,False,DRC to Uganda,0,0,0,0,3.3688721820587686,7,20,-4.625,3.4339872044851463
2015-09-01,2015-09,2015,9,30,30,False,False,DRC to Uganda,0,0,0,0,3.3688721820587686,7,21,-4.541666666666667,3.4011973816621555
2015-10-01,2015-10,2015,10,31,31,False,False,DRC to Uganda,0,0,0,0,3.3688721820587686,7,22,-4.458333333333333,3.4339872044851463
2015-11-01,2015-11,2015,11,30,30,False,False,DRC to Uganda,0,0,0,0,3.3688721820587686,7,23,-4.375,3.4011973816621555
2015-12-01,2015-12,2015,12,31,31,False,False,DRC to Uganda,0,0,0,0,3.3688721820587686,7,24,-4.291666666666667,3.4339872044851463
2016-01-01,2016-01,2016,1,31,31,False,False,DRC to Uganda,0,0,0,0,3.3688721820587686,7,25,-4.208333333333333,3.4339872044851463
2016-02-01,2016-02,2016,2,29,29,False,False,DRC to Uganda,0,0,0,0,3.3688721820587686,7,26,-4.125,3.367295829986474
2016-03-01,2016-03,2016,3,31,31,False,False,DRC to Uganda,0,0,0,0,3.3688721820587686,7,27,-4.041666666666667,3.4339872044851463
2016-04-01,2016-04,2016,4,30,30,False,False,DRC to Uganda,0,0,0,0,3.3688721820587686,7,28,-3.9583333333333335,3.4011973816621555
2016-05-01,2016-05,2016,5,31,31,False,False,DRC to Uganda,0,0,0,0,3.3688721820587686,7,29,-3.875,3.4339872044851463
2016-06-01,2016-06,2016,6,30,30,False,False,DRC to Uganda,0,0,0,0,3.3688721820587686,7,30,-3.7916666666666665,3.4011973816621555
2016-07-01,2016-07,2016,7,31,31,False,False,DRC to Uganda,0,0,0,0,3.3688721820587686,7,31,-3.7083333333333335,3.4339872044851463
2016-08-01,2016-08,2016,8,31,31,False,False,DRC to Uganda,0,0,0,0,3.3688721820587686,7,32,-3.625,3.4339872044851463
2016-09-01,2016-09,2016,9,30,30,False,False,DRC to Uganda,0,0,0,0,3.3688721820587686,7,33,-3.5416666666666665,3.4011973816621555
2016-10-01,2016-10,2016,10,31,31,False,False,DRC to Uganda,0,0,0,0,3.3688721820587686,7,34,-3.4583333333333335,3.4339872044851463
2016-11-01,2016-11,2016,11,30,30,False,False,DRC to Uganda,0,0,0,0,3.3688721820587686,7,35,-3.375,3.4011973816621555
2016-12-01,2016-12,2016,12,31,31,False,False,DRC to Uganda,0,0,0,0,3.3688721820587686,7,36,-3.2916666666666665,3.4339872044851463
2017-01-01,2017-01,2017,1,31,31,False,False,DRC to Uganda,0,0,0,0,3.3688721820587686,7,37,-3.2083333333333335,3.4339872044851463
2017-02-01,2017-02,2017,2,28,28,False,False,DRC to Uganda,0,0,0,0,3.3688721820587686,7,38,-3.125,3.332204510175204
2017-03-01,2017-03,2017,3,31,31,False,False,DRC to Uganda,0,0,0,0,3.3688721820587686,7,39,-3.0416666666666665,3.4339872044851463
2017-04-01,2017-04,2017,4,30,30,False,False,DRC to Uganda,0,0,0,0,3.3688721820587686,7,40,-2.9583333333333335,3.4011973816621555
2017-05-01,2017-05,2017,5,31,31,False,False,DRC to Uganda,0,0,0,0,3.3688721820587686,7,41,-2.875,3.4339872044851463
2017-06-01,2017-06,2017,6,30,30,False,False,DRC to Uganda,0,0,0,0,3.3688721820587686,7,42,-2.7916666666666665,3.4011973816621555
2017-07-01,2017-07,2017,7,31,31,False,False,DRC to Uganda,0,0,0,0,3.3688721820587686,7,43,-2.7083333333333335,3.4339872044851463
2017-08-01,2017-08,2017,8,31,31,False,False,DRC to Uganda,0,0,0,0,3.3688721820587686,7,44,-2.625,3.4339872044851463
2017-09-01,2017-09,2017,9,30,30,False,False,DRC to Uganda,0,0,0,0,3.3688721820587686,7,45,-2.5416666666666665,3.4011973816621555
2017-10-01,2017-10,2017,10,31,31,False,False,DRC to Uganda,0,0,0,0,3.3688721820587686,7,46,-2.4583333333333335,3.4339872044851463
2017-11-01,2017-11,2017,11,30,30,False,False,DRC to Uganda,0,0,0,0,3.3688721820587686,7,47,-2.375,3.4011973816621555
2017-12-01,2017-12,2017,12,31,31,False,False,DRC to Uganda,0,0,0,0,3.3688721820587686,7,48,-2.2916666666666665,3.4339872044851463
2018-01-01,2018-01,2018,1,31,31,False,False,DRC to Uganda,0,0,0,0,3.3688721820587686,7,49,-2.2083333333333335,3.4339872044851463
2018-02-01,2018-02,2018,2,28,28,False,False,DRC to Uganda,6,2,4,0,4.0,7,50,-2.125,3.332204510175204
2018-03-01,2018-03,2018,3,31,31,False,False,DRC to Uganda,0,0,0,0,3.3688721820587686,7,51,-2.0416666666666665,3.4339872044851463
2018-04-01,2018-04,2018,4,30,30,False,False,DRC to Uganda,0,0,0,0,3.3688721820587686,7,52,-1.9583333333333333,3.4011973816621555
2018-05-01,2018-05,2018,5,31,31,False,False,DRC to Uganda,0,0,0,0,3.3688721820587686,7,53,-1.875,3.4339872044851463
2018-06-01,2018-06,2018,6,30,30,False,False,DRC to Uganda,0,0,0,0,3.3688721820587686,7,54,-1.7916666666666667,3.4011973816621555
2018-07-01,2018-07,2018,7,31,31,False,False,DRC to Uganda,0,0,0,0,3.3688721820587686,7,55,-1.7083333333333333,3.4339872044851463
2018-08-01,2018-08,2018,8,31,31,False,False,DRC to Uganda,0,0,0,0,3.3688721820587686,7,56,-1.625,3.4339872044851463
2018-09-01,2018-09,2018,9,30,30,False,False,DRC to Uganda,0,0,0,0,3.3688721820587686,7,57,-1.5416666666666667,3.4011973816621555
2018-10-01,2018-10,2018,10,31,31,False,False,DRC to Uganda,0,0,0,0,3.3688721820587686,7,58,-1.4583333333333333,3.4339872044851463
2018-11-01,2018-11,2018,11,30,30,False,False,DRC to Uganda,0,0,0,0,3.3688721820587686,7,59,-1.375,3.4011973816621555
2018-12-01,2018-12,2018,12,31,31,False,False,DRC to Uganda,0,0,0,0,3.3688721820587686,7,60,-1.2916666666666667,3.4339872044851463
2019-01-01,2019-01,2019,1,31,31,False,False,DRC to Uganda,0,0,0,0,3.3688721820587686,7,61,-1.2083333333333333,3.4339872044851463
2019-02-01,2019-02,2019,2,28,28,False,False,DRC to Uganda,0,0,0,0,3.3688721820587686,7,62,-1.125,3.332204510175204
2019-03-01,2019-03,2019,3,31,31,False,False,DRC to Uganda,0,0,0,0,3.3688721820587686,7,63,-1.0416666666666667,3.4339872044851463
2019-04-01,2019-04,2019,4,30,30,False,False,DRC to Uganda,0,0,0,0,3.3688721820587686,7,64,-0.9583333333333334,3.4011973816621555
2019-05-01,2019-05,2019,5,31,31,False,False,DRC to Uganda,0,0,0,0,3.3688721820587686,7,65,-0.875,3.4339872044851463
2019-06-01,2019-06,2019,6,30,30,False,False,DRC to Uganda,0,0,0,0,3.3688721820587686,7,66,-0.7916666666666666,3.4011973816621555
2019-07-01,2019-07,2019,7,31,31,False,False,DRC to Uganda,0,0,0,0,3.3688721820587686,7,67,-0.7083333333333334,3.4339872044851463
2019-08-01,2019-08,2019,8,31,31,False,False,DRC to Uganda,0,0,0,0,3.3688721820587686,7,68,-0.625,3.4339872044851463
2019-09-01,2019-09,2019,9,30,30,False,False,DRC to Uganda,0,0,0,0,3.3688721820587686,7,69,-0.5416666666666666,3.4011973816621555
2019-10-01,2019-10,2019,10,31,31,False,False,DRC to Uganda,0,0,0,0,3.3688721820587686,7,70,-0.4583333333333333,3.4339872044851463
2019-11-01,2019-11,2019,11,30,30,False,False,DRC to Uganda,0,0,0,0,3.3688721820587686,7,71,-0.375,3.4011973816621555
2019-12-01,2019-12,2019,12,31,31,False,False,DRC to Uganda,0,0,0,0,3.3688721820587686,7,72,-0.2916666666666667,3.4339872044851463
2020-01-01,2020-01,2020,1,31,31,False,False,DRC to Uganda,0,0,0,0,3.3688721820587686,7,73,-0.20833333333333334,3.4339872044851463
2020-02-01,2020-02,2020,2,29,29,False,False,DRC to Uganda,0,0,0,0,3.3688721820587686,7,74,-0.125,3.367295829986474
2020-03-01,2020-03,2020,3,31,31,False,False,DRC to Uganda,0,0,0,0,3.3688721820587686,7,75,-0.041666666666666664,3.4339872044851463
2020-04-01,2020-04,2020,4,30,30,False,False,DRC to Uganda,0,0,0,0,3.3688721820587686,7,76,0.041666666666666664,3.4011973816621555
2020-05-01,2020-05,2020,5,31,31,False,False,DRC to Uganda,0,0,0,0,3.3688721820587686,7,77,0.125,3.4339872044851463
2020-06-01,2020-06,2020,6,30,30,False,False,DRC to Uganda,0,0,0,0,3.3688721820587686,7,78,0.20833333333333334,3.4011973816621555
2020-07-01,2020-07,2020,7,31,31,False,False,DRC to Uganda,0,0,0,0,3.3688721820587686,7,79,0.2916666666666667,3.4339872044851463
2020-08-01,2020-08,2020,8,31,31,False,False,DRC to Uganda,0,0,0,0,3.3688721820587686,7,80,0.375,3.4339872044851463
2020-09-01,2020-09,2020,9,30,30,False,False,DRC to Uganda,0,0,0,0,3.3688721820587686,7,81,0.4583333333333333,3.4011973816621555
2020-10-01,2020-10,2020,10,31,31,False,False,DRC to Uganda,0,0,0,0,3.3688721820587686,7,82,0.5416666666666666,3.4339872044851463
2020-11-01,2020-11,2020,11,30,30,False,False,DRC to Uganda,0,0,0,0,3.3688721820587686,7,83,0.625,3.4011973816621555
2020-12-01,2020-12,2020,12,31,31,False,False,DRC to Uganda,0,0,0,0,3.3688721820587686,7,84,0.7083333333333334,3.4339872044851463
2021-01-01,2021-01,2021,1,31,31,False,False,DRC to Uganda,0,0,0,0,3.3688721820587686,7,85,0.7916666666666666,3.4339872044851463
2021-02-01,2021-02,2021,2,28,28,False,False,DRC to Uganda,0,0,0,0,3.3688721820587686,7,86,0.875,3.332204510175204
2021-03-01,2021-03,2021,3,31,31,False,False,DRC to Uganda,0,0,0,0,3.3688721820587686,7,87,0.9583333333333334,3.4339872044851463
2021-04-01,2021-04,2021,4,30,30,False,False,DRC to Uganda,0,0,0,0,3.3688721820587686,7,88,1.0416666666666667,3.4011973816621555
2021-05-01,2021-05,2021,5,31,31,False,False,DRC to Uganda,0,0,0,0,3.3688721820587686,7,89,1.125,3.4339872044851463
2021-06-01,2021-06,2021,6,30,30,False,False,DRC to Uganda,0,0,0,0,3.3688721820587686,7,90,1.2083333333333333,3.4011973816621555
2021-07-01,2021-07,2021,7,31,31,False,False,DRC to Uganda,0,0,0,0,3.3688721820587686,7,91,1.2916666666666667,3.4339872044851463
2021-08-01,2021-08,2021,8,31,31,False,False,DRC to Uganda,0,0,0,0,3.3688721820587686,7,92,1.375,3.4339872044851463
2021-09-01,2021-09,2021,9,30,30,False,False,DRC to Uganda,0,0,0,0,3.3688721820587686,7,93,1.4583333333333333,3.4011973816621555
2021-10-01,2021-10,2021,10,31,31,False,False,DRC to Uganda,0,0,0,0,3.3688721820587686,7,94,1.5416666666666667,3.4339872044851463
2021-11-01,2021-11,2021,11,30,30,False,False,DRC to Uganda,0,0,0,0,3.3688721820587686,7,95,1.625,3.4011973816621555
2021-12-01,2021-12,2021,12,31,31,False,False,DRC to Uganda,0,0,0,0,3.3688721820587686,7,96,1.7083333333333333,3.4339872044851463
2022-01-01,2022-01,2022,1,31,31,False,False,DRC to Uganda,0,0,0,0,3.3688721820587686,7,97,1.7916666666666667,3.4339872044851463
2022-02-01,2022-02,2022,2,28,28,False,False,DRC to Uganda,0,0,0,0,3.3688721820587686,7,98,1.875,3.332204510175204
2022-03-01,2022-03,2022,3,31,31,False,False,DRC to Uganda,0,0,0,0,3.3688721820587686,7,99,1.9583333333333333,3.4339872044851463
2022-04-01,2022-04,2022,4,30,30,False,False,DRC to Uganda,0,0,0,0,3.3688721820587686,7,100,2.0416666666666665,3.4011973816621555
2022-05-01,2022-05,2022,5,31,31,False,False,DRC to Uganda,0,0,0,0,3.3688721820587686,7,101,2.125,3.4339872044851463
2022-06-01,2022-06,2022,6,30,30,False,False,DRC to Uganda,0,0,0,0,3.3688721820587686,7,102,2.2083333333333335,3.4011973816621555
2022-07-01,2022-07,2022,7,31,31,False,False,DRC to Uganda,0,0,0,0,3.3688721820587686,7,103,2.2916666666666665,3.4339872044851463
2022-08-01,2022-08,2022,8,31,31,False,False,DRC to Uganda,0,0,0,0,3.3688721820587686,7,104,2.375,3.4339872044851463
2022-09-01,2022-09,2022,9,30,30,False,False,DRC to Uganda,0,0,0,0,3.3688721820587686,7,105,2.4583333333333335,3.4011973816621555
2022-10-01,2022-10,2022,10,31,31,False,False,DRC to Uganda,0,0,0,0,3.3688721820587686,7,106,2.5416666666666665,3.4339872044851463
2022-11-01,2022-11,2022,11,30,30,False,False,DRC to Uganda,0,0,0,0,3.3688721820587686,7,107,2.625,3.4011973816621555
2022-12-01,2022-12,2022,12,31,31,False,False,DRC to Uganda,0,0,0,0,3.3688721820587686,7,108,2.7083333333333335,3.4339872044851463
2023-01-01,2023-01,2023,1,31,31,False,False,DRC to Uganda,0,0,0,0,3.3688721820587686,7,109,2.7916666666666665,3.4339872044851463
2023-02-01,2023-02,2023,2,28,28,False,False,DRC to Uganda,0,0,0,0,3.3688721820587686,7,110,2.875,3.332204510175204
2023-03-01,2023-03,2023,3,31,31,False,False,DRC to Uganda,0,0,0,0,3.3688721820587686,7,111,2.9583333333333335,3.4339872044851463
2023-04-01,2023-04,2023,4,30,30,False,False,DRC to Uganda,0,0,0,0,3.3688721820587686,7,112,3.0416666666666665,3.4011973816621555
2023-05-01,2023-05,2023,5,31,31,False,False,DRC to Uganda,0,0,0,0,3.3688721820587686,7,113,3.125,3.4339872044851463
2023-06-01,2023-06,2023,6,30,30,False,False,DRC to Uganda,0,0,0,0,3.3688721820587686,7,114,3.2083333333333335,3.4011973816621555
2023-07-01,2023-07,2023,7,31,31,False,False,DRC to Uganda,0,0,0,0,3.3688721820587686,7,115,3.2916666666666665,3.4339872044851463
2023-08-01,2023-08,2023,8,31,31,False,False,DRC to Uganda,0,0,0,0,3.3688721820587686,7,116,3.375,3.4339872044851463
2023-09-01,2023-09,2023,9,30,30,False,False,DRC to Uganda,0,0,0,0,3.3688721820587686,7,117,3.4583333333333335,3.4011973816621555
2023-10-01,2023-10,2023,10,31,31,False,False,DRC to Uganda,0,0,0,0,3.3688721820587686,7,118,3.5416666666666665,3.4339872044851463
2023-11-01,2023-11,2023,11,30,30,False,False,DRC to Uganda,0,0,0,0,3.3688721820587686,7,119,3.625,3.4011973816621555
2023-12-01,2023-12,2023,12,31,31,False,False,DRC to Uganda,0,0,0,0,3.3688721820587686,7,120,3.7083333333333335,3.4339872044851463
2024-01-01,2024-01,2024,1,31,31,False,False,DRC to Uganda,0,0,0,0,3.3688721820587686,7,121,3.7916666666666665,3.4339872044851463
2024-02-01,2024-02,2024,2,29,29,False,False,DRC to Uganda,0,0,0,0,3.3688721820587686,7,122,3.875,3.367295829986474
2024-03-01,2024-03,2024,3,31,31,False,False,DRC to Uganda,0,0,0,0,3.3688721820587686,7,123,3.9583333333333335,3.4339872044851463
2024-04-01,2024-04,2024,4,30,30,False,False,DRC to Uganda,0,0,0,0,3.3688721820587686,7,124,4.041666666666667,3.4011973816621555
2024-05-01,2024-05,2024,5,31,31,False,False,DRC to Uganda,0,0,0,0,3.3688721820587686,7,125,4.125,3.4339872044851463
2024-06-01,2024-06,2024,6,30,30,False,False,DRC to Uganda,0,0,0,0,3.3688721820587686,7,126,4.208333333333333,3.4011973816621555
2024-07-01,2024-07,2024,7,31,31,False,False,DRC to Uganda,0,0,0,0,3.3688721820587686,7,127,4.291666666666667,3.4339872044851463
2024-08-01,2024-08,2024,8,31,31,False,False,DRC to Uganda,0,0,0,0,3.3688721820587686,7,128,4.375,3.4339872044851463
2024-09-01,2024-09,2024,9,30,30,False,False,DRC to Uganda,0,0,0,0,3.3688721820587686,7,129,4.458333333333333,3.4011973816621555
2024-10-01,2024-10,2024,10,31,31,False,False,DRC to Uganda,0,0,0,0,3.3688721820587686,7,130,4.541666666666667,3.4339872044851463
2024-11-01,2024-11,2024,11,30,30,False,False,DRC to Uganda,0,0,0,0,3.3688721820587686,7,131,4.625,3.4011973816621555
2024-12-01,2024-12,2024,12,31,31,False,False,DRC to Uganda,0,0,0,0,3.3688721820587686,7,132,4.708333333333333,3.4339872044851463
2025-01-01,2025-01,2025,1,31,31,False,False,DRC to Uganda,0,0,0,0,3.3688721820587686,7,133,4.791666666666667,3.4339872044851463
2025-02-01,2025-02,2025,2,28,28,False,False,DRC to Uganda,0,0,0,0,3.3688721820587686,7,134,4.875,3.332204510175204
2025-03-01,2025-03,2025,3,31,31,False,False,DRC to Uganda,0,0,0,0,3.3688721820587686,7,135,4.958333333333333,3.4339872044851463
2025-04-01,2025-04,2025,4,30,30,False,False,DRC to Uganda,0,0,0,0,3.3688721820587686,7,136,5.041666666666667,3.4011973816621555
2025-05-01,2025-05,2025,5,31,31,False,False,DRC to Uganda,0,0,0,0,3.3688721820587686,7,137,5.125,3.4339872044851463
2025-06-01,2025-06,2025,6,30,30,False,False,DRC to Uganda,0,0,0,0,3.3688721820587686,7,138,5.208333333333333,3.4011973816621555
2025-07-01,2025-07,2025,7,31,31,False,False,DRC to Uganda,0,0,0,0,3.3688721820587686,7,139,5.291666666666667,3.4339872044851463
2025-08-01,2025-08,2025,8,31,31,False,False,DRC to Uganda,0,0,0,0,3.3688721820587686,7,140,5.375,3.4339872044851463
2025-09-01,2025-09,2025,9,30,30,False,False,DRC to Uganda,0,0,0,0,3.3688721820587686,7,141,5.458333333333333,3.4011973816621555
2025-10-01,2025-10,2025,10,31,31,False,False,DRC to Uganda,0,0,0,0,3.3688721820587686,7,142,5.541666666666667,3.4339872044851463
2025-11-01,2025-11,2025,11,30,30,False,False,DRC to Uganda,0,0,0,0,3.3688721820587686,7,143,5.625,3.4011973816621555
2025-12-01,2025-12,2025,12,31,31,False,False,DRC to Uganda,0,0,0,0,3.3688721820587686,7,144,5.708333333333333,3.4339872044851463
2026-01-01,2026-01,2026,1,31,31,False,True,DRC to Uganda,0,0,0,0,3.3688721820587686,7,145,5.791666666666667,3.4339872044851463
2026-02-01,2026-02,2026,2,28,28,False,True,DRC to Uganda,0,0,0,0,3.3688721820587686,7,146,5.875,3.332204510175204
2026-03-01,2026-03,2026,3,31,31,False,True,DRC to Uganda,0,0,0,0,3.3688721820587686,7,147,5.958333333333333,3.4339872044851463
2026-04-01,2026-04,2026,4,30,30,False,True,DRC to Uganda,0,0,0,0,3.3688721820587686,7,148,6.041666666666667,3.4011973816621555
2026-05-01,2026-05,2026,5,31,31,False,True,DRC to Uganda,0,0,0,0,3.3688721820587686,7,149,6.125,3.4339872044851463
2026-06-01,2026-06,2026,6,16,30,True,True,DRC to Uganda,0,0,0,0,3.3688721820587686,7,150,6.208333333333333,2.772588722239781
2014-01-01,2014-01,2014,1,31,31,False,False,Darien,0,0,0,0,3.3688721820587686,8,1,-6.208333333333333,3.4339872044851463
2014-02-01,2014-02,2014,2,28,28,False,False,Darien,0,0,0,0,3.3688721820587686,8,2,-6.125,3.332204510175204
2014-03-01,2014-03,2014,3,31,31,False,False,Darien,0,0,0,0,3.3688721820587686,8,3,-6.041666666666667,3.4339872044851463
2014-04-01,2014-04,2014,4,30,30,False,False,Darien,0,0,0,0,3.3688721820587686,8,4,-5.958333333333333,3.4011973816621555
2014-05-01,2014-05,2014,5,31,31,False,False,Darien,0,0,0,0,3.3688721820587686,8,5,-5.875,3.4339872044851463
2014-06-01,2014-06,2014,6,30,30,False,False,Darien,0,0,0,0,3.3688721820587686,8,6,-5.791666666666667,3.4011973816621555
2014-07-01,2014-07,2014,7,31,31,False,False,Darien,0,0,0,0,3.3688721820587686,8,7,-5.708333333333333,3.4339872044851463
2014-08-01,2014-08,2014,8,31,31,False,False,Darien,0,0,0,0,3.3688721820587686,8,8,-5.625,3.4339872044851463
2014-09-01,2014-09,2014,9,30,30,False,False,Darien,0,0,0,0,3.3688721820587686,8,9,-5.541666666666667,3.4011973816621555
2014-10-01,2014-10,2014,10,31,31,False,False,Darien,0,0,0,0,3.3688721820587686,8,10,-5.458333333333333,3.4339872044851463
2014-11-01,2014-11,2014,11,30,30,False,False,Darien,0,0,0,0,3.3688721820587686,8,11,-5.375,3.4011973816621555
2014-12-01,2014-12,2014,12,31,31,False,False,Darien,0,0,0,0,3.3688721820587686,8,12,-5.291666666666667,3.4339872044851463
2015-01-01,2015-01,2015,1,31,31,False,False,Darien,0,0,0,0,3.3688721820587686,8,13,-5.208333333333333,3.4339872044851463
2015-02-01,2015-02,2015,2,28,28,False,False,Darien,0,0,0,0,3.3688721820587686,8,14,-5.125,3.332204510175204
2015-03-01,2015-03,2015,3,31,31,False,False,Darien,0,0,0,0,3.3688721820587686,8,15,-5.041666666666667,3.4339872044851463
2015-04-01,2015-04,2015,4,30,30,False,False,Darien,0,0,0,0,3.3688721820587686,8,16,-4.958333333333333,3.4011973816621555
2015-05-01,2015-05,2015,5,31,31,False,False,Darien,1,1,1,0,3.0,8,17,-4.875,3.4339872044851463
2015-06-01,2015-06,2015,6,30,30,False,False,Darien,5,1,5,0,3.0,8,18,-4.791666666666667,3.4011973816621555
2015-07-01,2015-07,2015,7,31,31,False,False,Darien,0,0,0,0,3.3688721820587686,8,19,-4.708333333333333,3.4339872044851463
2015-08-01,2015-08,2015,8,31,31,False,False,Darien,1,1,1,0,1.0,8,20,-4.625,3.4339872044851463
2015-09-01,2015-09,2015,9,30,30,False,False,Darien,0,0,0,0,3.3688721820587686,8,21,-4.541666666666667,3.4011973816621555
2015-10-01,2015-10,2015,10,31,31,False,False,Darien,0,0,0,0,3.3688721820587686,8,22,-4.458333333333333,3.4339872044851463
2015-11-01,2015-11,2015,11,30,30,False,False,Darien,0,0,0,0,3.3688721820587686,8,23,-4.375,3.4011973816621555
2015-12-01,2015-12,2015,12,31,31,False,False,Darien,0,0,0,0,3.3688721820587686,8,24,-4.291666666666667,3.4339872044851463
2016-01-01,2016-01,2016,1,31,31,False,False,Darien,15,1,15,0,3.0,8,25,-4.208333333333333,3.4339872044851463
2016-02-01,2016-02,2016,2,29,29,False,False,Darien,0,0,0,0,3.3688721820587686,8,26,-4.125,3.367295829986474
2016-03-01,2016-03,2016,3,31,31,False,False,Darien,0,0,0,0,3.3688721820587686,8,27,-4.041666666666667,3.4339872044851463
2016-04-01,2016-04,2016,4,30,30,False,False,Darien,0,0,0,0,3.3688721820587686,8,28,-3.9583333333333335,3.4011973816621555
2016-05-01,2016-05,2016,5,31,31,False,False,Darien,0,0,0,0,3.3688721820587686,8,29,-3.875,3.4339872044851463
2016-06-01,2016-06,2016,6,30,30,False,False,Darien,0,0,0,0,3.3688721820587686,8,30,-3.7916666666666665,3.4011973816621555
2016-07-01,2016-07,2016,7,31,31,False,False,Darien,0,0,0,0,3.3688721820587686,8,31,-3.7083333333333335,3.4339872044851463
2016-08-01,2016-08,2016,8,31,31,False,False,Darien,8,3,6,0,1.0,8,32,-3.625,3.4339872044851463
2016-09-01,2016-09,2016,9,30,30,False,False,Darien,7,4,3,0,1.5,8,33,-3.5416666666666665,3.4011973816621555
2016-10-01,2016-10,2016,10,31,31,False,False,Darien,0,0,0,0,3.3688721820587686,8,34,-3.4583333333333335,3.4339872044851463
2016-11-01,2016-11,2016,11,30,30,False,False,Darien,0,0,0,0,3.3688721820587686,8,35,-3.375,3.4011973816621555
2016-12-01,2016-12,2016,12,31,31,False,False,Darien,0,0,0,0,3.3688721820587686,8,36,-3.2916666666666665,3.4339872044851463
2017-01-01,2017-01,2017,1,31,31,False,False,Darien,0,0,0,0,3.3688721820587686,8,37,-3.2083333333333335,3.4339872044851463
2017-02-01,2017-02,2017,2,28,28,False,False,Darien,0,0,0,0,3.3688721820587686,8,38,-3.125,3.332204510175204
2017-03-01,2017-03,2017,3,31,31,False,False,Darien,0,0,0,0,3.3688721820587686,8,39,-3.0416666666666665,3.4339872044851463
2017-04-01,2017-04,2017,4,30,30,False,False,Darien,0,0,0,0,3.3688721820587686,8,40,-2.9583333333333335,3.4011973816621555
2017-05-01,2017-05,2017,5,31,31,False,False,Darien,0,0,0,0,3.3688721820587686,8,41,-2.875,3.4339872044851463
2017-06-01,2017-06,2017,6,30,30,False,False,Darien,0,0,0,0,3.3688721820587686,8,42,-2.7916666666666665,3.4011973816621555
2017-07-01,2017-07,2017,7,31,31,False,False,Darien,0,0,0,0,3.3688721820587686,8,43,-2.7083333333333335,3.4339872044851463
2017-08-01,2017-08,2017,8,31,31,False,False,Darien,0,0,0,0,3.3688721820587686,8,44,-2.625,3.4339872044851463
2017-09-01,2017-09,2017,9,30,30,False,False,Darien,0,0,0,0,3.3688721820587686,8,45,-2.5416666666666665,3.4011973816621555
2017-10-01,2017-10,2017,10,31,31,False,False,Darien,0,0,0,0,3.3688721820587686,8,46,-2.4583333333333335,3.4339872044851463
2017-11-01,2017-11,2017,11,30,30,False,False,Darien,0,0,0,0,3.3688721820587686,8,47,-2.375,3.4011973816621555
2017-12-01,2017-12,2017,12,31,31,False,False,Darien,0,0,0,0,3.3688721820587686,8,48,-2.2916666666666665,3.4339872044851463
2018-01-01,2018-01,2018,1,31,31,False,False,Darien,0,0,0,0,3.3688721820587686,8,49,-2.2083333333333335,3.4339872044851463
2018-02-01,2018-02,2018,2,28,28,False,False,Darien,0,0,0,0,3.3688721820587686,8,50,-2.125,3.332204510175204
2018-03-01,2018-03,2018,3,31,31,False,False,Darien,0,0,0,0,3.3688721820587686,8,51,-2.0416666666666665,3.4339872044851463
2018-04-01,2018-04,2018,4,30,30,False,False,Darien,0,0,0,0,3.3688721820587686,8,52,-1.9583333333333333,3.4011973816621555
2018-05-01,2018-05,2018,5,31,31,False,False,Darien,0,0,0,0,3.3688721820587686,8,53,-1.875,3.4339872044851463
2018-06-01,2018-06,2018,6,30,30,False,False,Darien,0,0,0,0,3.3688721820587686,8,54,-1.7916666666666667,3.4011973816621555
2018-07-01,2018-07,2018,7,31,31,False,False,Darien,1,1,1,0,3.0,8,55,-1.7083333333333333,3.4339872044851463
2018-08-01,2018-08,2018,8,31,31,False,False,Darien,0,0,0,0,3.3688721820587686,8,56,-1.625,3.4339872044851463
2018-09-01,2018-09,2018,9,30,30,False,False,Darien,0,0,0,0,3.3688721820587686,8,57,-1.5416666666666667,3.4011973816621555
2018-10-01,2018-10,2018,10,31,31,False,False,Darien,0,0,0,0,3.3688721820587686,8,58,-1.4583333333333333,3.4339872044851463
2018-11-01,2018-11,2018,11,30,30,False,False,Darien,0,0,0,0,3.3688721820587686,8,59,-1.375,3.4011973816621555
2018-12-01,2018-12,2018,12,31,31,False,False,Darien,0,0,0,0,3.3688721820587686,8,60,-1.2916666666666667,3.4339872044851463
2019-01-01,2019-01,2019,1,31,31,False,False,Darien,24,1,24,0,3.0,8,61,-1.2083333333333333,3.4339872044851463
2019-02-01,2019-02,2019,2,28,28,False,False,Darien,0,0,0,0,3.3688721820587686,8,62,-1.125,3.332204510175204
2019-03-01,2019-03,2019,3,31,31,False,False,Darien,1,1,1,0,1.0,8,63,-1.0416666666666667,3.4339872044851463
2019-04-01,2019-04,2019,4,30,30,False,False,Darien,0,0,0,0,3.3688721820587686,8,64,-0.9583333333333334,3.4011973816621555
2019-05-01,2019-05,2019,5,31,31,False,False,Darien,1,1,1,0,1.0,8,65,-0.875,3.4339872044851463
2019-06-01,2019-06,2019,6,30,30,False,False,Darien,0,0,0,0,3.3688721820587686,8,66,-0.7916666666666666,3.4011973816621555
2019-07-01,2019-07,2019,7,31,31,False,False,Darien,0,0,0,0,3.3688721820587686,8,67,-0.7083333333333334,3.4339872044851463
2019-08-01,2019-08,2019,8,31,31,False,False,Darien,0,0,0,0,3.3688721820587686,8,68,-0.625,3.4339872044851463
2019-09-01,2019-09,2019,9,30,30,False,False,Darien,0,0,0,0,3.3688721820587686,8,69,-0.5416666666666666,3.4011973816621555
2019-10-01,2019-10,2019,10,31,31,False,False,Darien,0,0,0,0,3.3688721820587686,8,70,-0.4583333333333333,3.4339872044851463
2019-11-01,2019-11,2019,11,30,30,False,False,Darien,0,0,0,0,3.3688721820587686,8,71,-0.375,3.4011973816621555
2019-12-01,2019-12,2019,12,31,31,False,False,Darien,0,0,0,0,3.3688721820587686,8,72,-0.2916666666666667,3.4339872044851463
2020-01-01,2020-01,2020,1,31,31,False,False,Darien,0,0,0,0,3.3688721820587686,8,73,-0.20833333333333334,3.4339872044851463
2020-02-01,2020-02,2020,2,29,29,False,False,Darien,0,0,0,0,3.3688721820587686,8,74,-0.125,3.367295829986474
2020-03-01,2020-03,2020,3,31,31,False,False,Darien,0,0,0,0,3.3688721820587686,8,75,-0.041666666666666664,3.4339872044851463
2020-04-01,2020-04,2020,4,30,30,False,False,Darien,0,0,0,0,3.3688721820587686,8,76,0.041666666666666664,3.4011973816621555
2020-05-01,2020-05,2020,5,31,31,False,False,Darien,0,0,0,0,3.3688721820587686,8,77,0.125,3.4339872044851463
2020-06-01,2020-06,2020,6,30,30,False,False,Darien,0,0,0,0,3.3688721820587686,8,78,0.20833333333333334,3.4011973816621555
2020-07-01,2020-07,2020,7,31,31,False,False,Darien,0,0,0,0,3.3688721820587686,8,79,0.2916666666666667,3.4339872044851463
2020-08-01,2020-08,2020,8,31,31,False,False,Darien,1,1,1,0,5.0,8,80,0.375,3.4339872044851463
2020-09-01,2020-09,2020,9,30,30,False,False,Darien,0,0,0,0,3.3688721820587686,8,81,0.4583333333333333,3.4011973816621555
2020-10-01,2020-10,2020,10,31,31,False,False,Darien,2,2,1,0,5.0,8,82,0.5416666666666666,3.4339872044851463
2020-11-01,2020-11,2020,11,30,30,False,False,Darien,0,0,0,0,3.3688721820587686,8,83,0.625,3.4011973816621555
2020-12-01,2020-12,2020,12,31,31,False,False,Darien,2,1,2,0,3.0,8,84,0.7083333333333334,3.4339872044851463
2021-01-01,2021-01,2021,1,31,31,False,False,Darien,7,1,7,0,3.0,8,85,0.7916666666666666,3.4339872044851463
2021-02-01,2021-02,2021,2,28,28,False,False,Darien,0,0,0,0,3.3688721820587686,8,86,0.875,3.332204510175204
2021-03-01,2021-03,2021,3,31,31,False,False,Darien,1,1,1,0,1.0,8,87,0.9583333333333334,3.4339872044851463
2021-04-01,2021-04,2021,4,30,30,False,False,Darien,0,0,0,0,3.3688721820587686,8,88,1.0416666666666667,3.4011973816621555
2021-05-01,2021-05,2021,5,31,31,False,False,Darien,3,1,3,0,5.0,8,89,1.125,3.4339872044851463
2021-06-01,2021-06,2021,6,30,30,False,False,Darien,1,1,1,0,3.0,8,90,1.2083333333333333,3.4011973816621555
2021-07-01,2021-07,2021,7,31,31,False,False,Darien,0,0,0,0,3.3688721820587686,8,91,1.2916666666666667,3.4339872044851463
2021-08-01,2021-08,2021,8,31,31,False,False,Darien,1,1,1,0,1.0,8,92,1.375,3.4339872044851463
2021-09-01,2021-09,2021,9,30,30,False,False,Darien,13,3,9,0,3.6666666666666665,8,93,1.4583333333333333,3.4011973816621555
2021-10-01,2021-10,2021,10,31,31,False,False,Darien,2,1,2,0,1.0,8,94,1.5416666666666667,3.4339872044851463
2021-11-01,2021-11,2021,11,30,30,False,False,Darien,1,1,1,0,5.0,8,95,1.625,3.4011973816621555
2021-12-01,2021-12,2021,12,31,31,False,False,Darien,9,1,9,0,5.0,8,96,1.7083333333333333,3.4339872044851463
2022-01-01,2022-01,2022,1,31,31,False,False,Darien,3,1,3,0,1.0,8,97,1.7916666666666667,3.4339872044851463
2022-02-01,2022-02,2022,2,28,28,False,False,Darien,1,1,1,0,4.0,8,98,1.875,3.332204510175204
2022-03-01,2022-03,2022,3,31,31,False,False,Darien,59,12,11,0,2.0,8,99,1.9583333333333333,3.4339872044851463
2022-04-01,2022-04,2022,4,30,30,False,False,Darien,22,10,4,0,2.0,8,100,2.0416666666666665,3.4011973816621555
2022-05-01,2022-05,2022,5,31,31,False,False,Darien,14,8,5,0,2.0,8,101,2.125,3.4339872044851463
2022-06-01,2022-06,2022,6,30,30,False,False,Darien,1,1,1,0,1.0,8,102,2.2083333333333335,3.4011973816621555
2022-07-01,2022-07,2022,7,31,31,False,False,Darien,7,6,2,0,3.6666666666666665,8,103,2.2916666666666665,3.4339872044851463
2022-08-01,2022-08,2022,8,31,31,False,False,Darien,0,0,0,0,3.3688721820587686,8,104,2.375,3.4339872044851463
2022-09-01,2022-09,2022,9,30,30,False,False,Darien,10,8,3,0,3.25,8,105,2.4583333333333335,3.4011973816621555
2022-10-01,2022-10,2022,10,31,31,False,False,Darien,2,2,1,0,2.0,8,106,2.5416666666666665,3.4339872044851463
2022-11-01,2022-11,2022,11,30,30,False,False,Darien,2,2,1,0,1.0,8,107,2.625,3.4011973816621555
2022-12-01,2022-12,2022,12,31,31,False,False,Darien,15,10,3,0,1.9,8,108,2.7083333333333335,3.4339872044851463
2023-01-01,2023-01,2023,1,31,31,False,False,Darien,8,8,1,0,2.0,8,109,2.7916666666666665,3.4339872044851463
2023-02-01,2023-02,2023,2,28,28,False,False,Darien,7,4,4,0,2.5,8,110,2.875,3.332204510175204
2023-03-01,2023-03,2023,3,31,31,False,False,Darien,7,6,2,0,1.5,8,111,2.9583333333333335,3.4339872044851463
2023-04-01,2023-04,2023,4,30,30,False,False,Darien,2,1,2,0,1.0,8,112,3.0416666666666665,3.4011973816621555
2023-05-01,2023-05,2023,5,31,31,False,False,Darien,4,2,3,0,2.5,8,113,3.125,3.4339872044851463
2023-06-01,2023-06,2023,6,30,30,False,False,Darien,5,2,4,0,2.5,8,114,3.2083333333333335,3.4011973816621555
2023-07-01,2023-07,2023,7,31,31,False,False,Darien,0,0,0,0,3.3688721820587686,8,115,3.2916666666666665,3.4339872044851463
2023-08-01,2023-08,2023,8,31,31,False,False,Darien,10,10,1,0,2.0,8,116,3.375,3.4339872044851463
2023-09-01,2023-09,2023,9,30,30,False,False,Darien,1,1,1,0,1.0,8,117,3.4583333333333335,3.4011973816621555
2023-10-01,2023-10,2023,10,31,31,False,False,Darien,1,1,1,0,1.0,8,118,3.5416666666666665,3.4339872044851463
2023-11-01,2023-11,2023,11,30,30,False,False,Darien,1,1,1,0,1.0,8,119,3.625,3.4011973816621555
2023-12-01,2023-12,2023,12,31,31,False,False,Darien,0,0,0,0,3.3688721820587686,8,120,3.7083333333333335,3.4339872044851463
2024-01-01,2024-01,2024,1,31,31,False,False,Darien,68,59,4,0,4.0,8,121,3.7916666666666665,3.4339872044851463
2024-02-01,2024-02,2024,2,29,29,False,False,Darien,51,29,13,0,4.068965517241379,8,122,3.875,3.367295829986474
2024-03-01,2024-03,2024,3,31,31,False,False,Darien,7,6,2,0,4.0,8,123,3.9583333333333335,3.4339872044851463
2024-04-01,2024-04,2024,4,30,30,False,False,Darien,0,0,0,0,3.3688721820587686,8,124,4.041666666666667,3.4011973816621555
2024-05-01,2024-05,2024,5,31,31,False,False,Darien,2,2,1,0,4.0,8,125,4.125,3.4339872044851463
2024-06-01,2024-06,2024,6,30,30,False,False,Darien,0,0,0,0,3.3688721820587686,8,126,4.208333333333333,3.4011973816621555
2024-07-01,2024-07,2024,7,31,31,False,False,Darien,14,4,10,0,2.5,8,127,4.291666666666667,3.4339872044851463
2024-08-01,2024-08,2024,8,31,31,False,False,Darien,0,0,0,0,3.3688721820587686,8,128,4.375,3.4339872044851463
2024-09-01,2024-09,2024,9,30,30,False,False,Darien,2,2,1,0,4.5,8,129,4.458333333333333,3.4011973816621555
2024-10-01,2024-10,2024,10,31,31,False,False,Darien,1,1,1,0,1.0,8,130,4.541666666666667,3.4339872044851463
2024-11-01,2024-11,2024,11,30,30,False,False,Darien,0,0,0,0,3.3688721820587686,8,131,4.625,3.4011973816621555
2024-12-01,2024-12,2024,12,31,31,False,False,Darien,1,1,1,0,1.0,8,132,4.708333333333333,3.4339872044851463
2025-01-01,2025-01,2025,1,31,31,False,False,Darien,0,0,0,0,3.3688721820587686,8,133,4.791666666666667,3.4339872044851463
2025-02-01,2025-02,2025,2,28,28,False,False,Darien,4,2,3,0,3.0,8,134,4.875,3.332204510175204
2025-03-01,2025-03,2025,3,31,31,False,False,Darien,0,0,0,0,3.3688721820587686,8,135,4.958333333333333,3.4339872044851463
2025-04-01,2025-04,2025,4,30,30,False,False,Darien,0,0,0,0,3.3688721820587686,8,136,5.041666666666667,3.4011973816621555
2025-05-01,2025-05,2025,5,31,31,False,False,Darien,0,0,0,0,3.3688721820587686,8,137,5.125,3.4339872044851463
2025-06-01,2025-06,2025,6,30,30,False,False,Darien,0,0,0,0,3.3688721820587686,8,138,5.208333333333333,3.4011973816621555
2025-07-01,2025-07,2025,7,31,31,False,False,Darien,4,3,2,0,1.0,8,139,5.291666666666667,3.4339872044851463
2025-08-01,2025-08,2025,8,31,31,False,False,Darien,0,0,0,0,3.3688721820587686,8,140,5.375,3.4339872044851463
2025-09-01,2025-09,2025,9,30,30,False,False,Darien,0,0,0,0,3.3688721820587686,8,141,5.458333333333333,3.4011973816621555
2025-10-01,2025-10,2025,10,31,31,False,False,Darien,0,0,0,0,3.3688721820587686,8,142,5.541666666666667,3.4339872044851463
2025-11-01,2025-11,2025,11,30,30,False,False,Darien,1,1,1,0,3.0,8,143,5.625,3.4011973816621555
2025-12-01,2025-12,2025,12,31,31,False,False,Darien,1,1,1,0,3.0,8,144,5.708333333333333,3.4339872044851463
2026-01-01,2026-01,2026,1,31,31,False,True,Darien,0,0,0,0,3.3688721820587686,8,145,5.791666666666667,3.4339872044851463
2026-02-01,2026-02,2026,2,28,28,False,True,Darien,0,0,0,0,3.3688721820587686,8,146,5.875,3.332204510175204
2026-03-01,2026-03,2026,3,31,31,False,True,Darien,0,0,0,0,3.3688721820587686,8,147,5.958333333333333,3.4339872044851463
2026-04-01,2026-04,2026,4,30,30,False,True,Darien,0,0,0,0,3.3688721820587686,8,148,6.041666666666667,3.4011973816621555
2026-05-01,2026-05,2026,5,31,31,False,True,Darien,0,0,0,0,3.3688721820587686,8,149,6.125,3.4339872044851463
2026-06-01,2026-06,2026,6,16,30,True,True,Darien,0,0,0,0,3.3688721820587686,8,150,6.208333333333333,2.772588722239781
2014-01-01,2014-01,2014,1,31,31,False,False,Dominican Republic to Puerto Rico,0,0,0,0,3.3688721820587686,9,1,-6.208333333333333,3.4339872044851463
2014-02-01,2014-02,2014,2,28,28,False,False,Dominican Republic to Puerto Rico,0,0,0,0,3.3688721820587686,9,2,-6.125,3.332204510175204
2014-03-01,2014-03,2014,3,31,31,False,False,Dominican Republic to Puerto Rico,0,0,0,0,3.3688721820587686,9,3,-6.041666666666667,3.4339872044851463
2014-04-01,2014-04,2014,4,30,30,False,False,Dominican Republic to Puerto Rico,0,0,0,0,3.3688721820587686,9,4,-5.958333333333333,3.4011973816621555
2014-05-01,2014-05,2014,5,31,31,False,False,Dominican Republic to Puerto Rico,0,0,0,0,3.3688721820587686,9,5,-5.875,3.4339872044851463
2014-06-01,2014-06,2014,6,30,30,False,False,Dominican Republic to Puerto Rico,0,0,0,0,3.3688721820587686,9,6,-5.791666666666667,3.4011973816621555
2014-07-01,2014-07,2014,7,31,31,False,False,Dominican Republic to Puerto Rico,0,0,0,0,3.3688721820587686,9,7,-5.708333333333333,3.4339872044851463
2014-08-01,2014-08,2014,8,31,31,False,False,Dominican Republic to Puerto Rico,0,0,0,0,3.3688721820587686,9,8,-5.625,3.4339872044851463
2014-09-01,2014-09,2014,9,30,30,False,False,Dominican Republic to Puerto Rico,0,0,0,0,3.3688721820587686,9,9,-5.541666666666667,3.4011973816621555
2014-10-01,2014-10,2014,10,31,31,False,False,Dominican Republic to Puerto Rico,0,0,0,0,3.3688721820587686,9,10,-5.458333333333333,3.4339872044851463
2014-11-01,2014-11,2014,11,30,30,False,False,Dominican Republic to Puerto Rico,0,0,0,0,3.3688721820587686,9,11,-5.375,3.4011973816621555
2014-12-01,2014-12,2014,12,31,31,False,False,Dominican Republic to Puerto Rico,0,0,0,0,3.3688721820587686,9,12,-5.291666666666667,3.4339872044851463
2015-01-01,2015-01,2015,1,31,31,False,False,Dominican Republic to Puerto Rico,0,0,0,0,3.3688721820587686,9,13,-5.208333333333333,3.4339872044851463
2015-02-01,2015-02,2015,2,28,28,False,False,Dominican Republic to Puerto Rico,0,0,0,0,3.3688721820587686,9,14,-5.125,3.332204510175204
2015-03-01,2015-03,2015,3,31,31,False,False,Dominican Republic to Puerto Rico,0,0,0,0,3.3688721820587686,9,15,-5.041666666666667,3.4339872044851463
2015-04-01,2015-04,2015,4,30,30,False,False,Dominican Republic to Puerto Rico,1,1,1,0,1.0,9,16,-4.958333333333333,3.4011973816621555
2015-05-01,2015-05,2015,5,31,31,False,False,Dominican Republic to Puerto Rico,0,0,0,0,3.3688721820587686,9,17,-4.875,3.4339872044851463
2015-06-01,2015-06,2015,6,30,30,False,False,Dominican Republic to Puerto Rico,0,0,0,0,3.3688721820587686,9,18,-4.791666666666667,3.4011973816621555
2015-07-01,2015-07,2015,7,31,31,False,False,Dominican Republic to Puerto Rico,0,0,0,0,3.3688721820587686,9,19,-4.708333333333333,3.4339872044851463
2015-08-01,2015-08,2015,8,31,31,False,False,Dominican Republic to Puerto Rico,0,0,0,0,3.3688721820587686,9,20,-4.625,3.4339872044851463
2015-09-01,2015-09,2015,9,30,30,False,False,Dominican Republic to Puerto Rico,0,0,0,0,3.3688721820587686,9,21,-4.541666666666667,3.4011973816621555
2015-10-01,2015-10,2015,10,31,31,False,False,Dominican Republic to Puerto Rico,0,0,0,0,3.3688721820587686,9,22,-4.458333333333333,3.4339872044851463
2015-11-01,2015-11,2015,11,30,30,False,False,Dominican Republic to Puerto Rico,0,0,0,0,3.3688721820587686,9,23,-4.375,3.4011973816621555
2015-12-01,2015-12,2015,12,31,31,False,False,Dominican Republic to Puerto Rico,0,0,0,0,3.3688721820587686,9,24,-4.291666666666667,3.4339872044851463
2016-01-01,2016-01,2016,1,31,31,False,False,Dominican Republic to Puerto Rico,0,0,0,0,3.3688721820587686,9,25,-4.208333333333333,3.4339872044851463
2016-02-01,2016-02,2016,2,29,29,False,False,Dominican Republic to Puerto Rico,0,0,0,0,3.3688721820587686,9,26,-4.125,3.367295829986474
2016-03-01,2016-03,2016,3,31,31,False,False,Dominican Republic to Puerto Rico,0,0,0,0,3.3688721820587686,9,27,-4.041666666666667,3.4339872044851463
2016-04-01,2016-04,2016,4,30,30,False,False,Dominican Republic to Puerto Rico,0,0,0,0,3.3688721820587686,9,28,-3.9583333333333335,3.4011973816621555
2016-05-01,2016-05,2016,5,31,31,False,False,Dominican Republic to Puerto Rico,0,0,0,0,3.3688721820587686,9,29,-3.875,3.4339872044851463
2016-06-01,2016-06,2016,6,30,30,False,False,Dominican Republic to Puerto Rico,1,1,1,0,1.0,9,30,-3.7916666666666665,3.4011973816621555
2016-07-01,2016-07,2016,7,31,31,False,False,Dominican Republic to Puerto Rico,0,0,0,0,3.3688721820587686,9,31,-3.7083333333333335,3.4339872044851463
2016-08-01,2016-08,2016,8,31,31,False,False,Dominican Republic to Puerto Rico,0,0,0,0,3.3688721820587686,9,32,-3.625,3.4339872044851463
2016-09-01,2016-09,2016,9,30,30,False,False,Dominican Republic to Puerto Rico,0,0,0,0,3.3688721820587686,9,33,-3.5416666666666665,3.4011973816621555
2016-10-01,2016-10,2016,10,31,31,False,False,Dominican Republic to Puerto Rico,0,0,0,0,3.3688721820587686,9,34,-3.4583333333333335,3.4339872044851463
2016-11-01,2016-11,2016,11,30,30,False,False,Dominican Republic to Puerto Rico,0,0,0,0,3.3688721820587686,9,35,-3.375,3.4011973816621555
2016-12-01,2016-12,2016,12,31,31,False,False,Dominican Republic to Puerto Rico,0,0,0,0,3.3688721820587686,9,36,-3.2916666666666665,3.4339872044851463
2017-01-01,2017-01,2017,1,31,31,False,False,Dominican Republic to Puerto Rico,2,1,2,0,3.0,9,37,-3.2083333333333335,3.4339872044851463
2017-02-01,2017-02,2017,2,28,28,False,False,Dominican Republic to Puerto Rico,12,1,12,0,3.0,9,38,-3.125,3.332204510175204
2017-03-01,2017-03,2017,3,31,31,False,False,Dominican Republic to Puerto Rico,0,0,0,0,3.3688721820587686,9,39,-3.0416666666666665,3.4339872044851463
2017-04-01,2017-04,2017,4,30,30,False,False,Dominican Republic to Puerto Rico,8,1,8,0,3.0,9,40,-2.9583333333333335,3.4011973816621555
2017-05-01,2017-05,2017,5,31,31,False,False,Dominican Republic to Puerto Rico,0,0,0,0,3.3688721820587686,9,41,-2.875,3.4339872044851463
2017-06-01,2017-06,2017,6,30,30,False,False,Dominican Republic to Puerto Rico,1,1,1,0,3.0,9,42,-2.7916666666666665,3.4011973816621555
2017-07-01,2017-07,2017,7,31,31,False,False,Dominican Republic to Puerto Rico,0,0,0,0,3.3688721820587686,9,43,-2.7083333333333335,3.4339872044851463
2017-08-01,2017-08,2017,8,31,31,False,False,Dominican Republic to Puerto Rico,0,0,0,0,3.3688721820587686,9,44,-2.625,3.4339872044851463
2017-09-01,2017-09,2017,9,30,30,False,False,Dominican Republic to Puerto Rico,0,0,0,0,3.3688721820587686,9,45,-2.5416666666666665,3.4011973816621555
2017-10-01,2017-10,2017,10,31,31,False,False,Dominican Republic to Puerto Rico,1,1,1,0,3.0,9,46,-2.4583333333333335,3.4339872044851463
2017-11-01,2017-11,2017,11,30,30,False,False,Dominican Republic to Puerto Rico,0,0,0,0,3.3688721820587686,9,47,-2.375,3.4011973816621555
2017-12-01,2017-12,2017,12,31,31,False,False,Dominican Republic to Puerto Rico,12,1,12,0,3.0,9,48,-2.2916666666666665,3.4339872044851463
2018-01-01,2018-01,2018,1,31,31,False,False,Dominican Republic to Puerto Rico,0,0,0,0,3.3688721820587686,9,49,-2.2083333333333335,3.4339872044851463
2018-02-01,2018-02,2018,2,28,28,False,False,Dominican Republic to Puerto Rico,0,0,0,0,3.3688721820587686,9,50,-2.125,3.332204510175204
2018-03-01,2018-03,2018,3,31,31,False,False,Dominican Republic to Puerto Rico,0,0,0,0,3.3688721820587686,9,51,-2.0416666666666665,3.4339872044851463
2018-04-01,2018-04,2018,4,30,30,False,False,Dominican Republic to Puerto Rico,0,0,0,0,3.3688721820587686,9,52,-1.9583333333333333,3.4011973816621555
2018-05-01,2018-05,2018,5,31,31,False,False,Dominican Republic to Puerto Rico,0,0,0,0,3.3688721820587686,9,53,-1.875,3.4339872044851463
2018-06-01,2018-06,2018,6,30,30,False,False,Dominican Republic to Puerto Rico,0,0,0,0,3.3688721820587686,9,54,-1.7916666666666667,3.4011973816621555
2018-07-01,2018-07,2018,7,31,31,False,False,Dominican Republic to Puerto Rico,0,0,0,0,3.3688721820587686,9,55,-1.7083333333333333,3.4339872044851463
2018-08-01,2018-08,2018,8,31,31,False,False,Dominican Republic to Puerto Rico,3,1,3,0,5.0,9,56,-1.625,3.4339872044851463
2018-09-01,2018-09,2018,9,30,30,False,False,Dominican Republic to Puerto Rico,0,0,0,0,3.3688721820587686,9,57,-1.5416666666666667,3.4011973816621555
2018-10-01,2018-10,2018,10,31,31,False,False,Dominican Republic to Puerto Rico,0,0,0,0,3.3688721820587686,9,58,-1.4583333333333333,3.4339872044851463
2018-11-01,2018-11,2018,11,30,30,False,False,Dominican Republic to Puerto Rico,0,0,0,0,3.3688721820587686,9,59,-1.375,3.4011973816621555
2018-12-01,2018-12,2018,12,31,31,False,False,Dominican Republic to Puerto Rico,13,2,7,0,4.0,9,60,-1.2916666666666667,3.4339872044851463
2019-01-01,2019-01,2019,1,31,31,False,False,Dominican Republic to Puerto Rico,0,0,0,0,3.3688721820587686,9,61,-1.2083333333333333,3.4339872044851463
2019-02-01,2019-02,2019,2,28,28,False,False,Dominican Republic to Puerto Rico,0,0,0,0,3.3688721820587686,9,62,-1.125,3.332204510175204
2019-03-01,2019-03,2019,3,31,31,False,False,Dominican Republic to Puerto Rico,0,0,0,0,3.3688721820587686,9,63,-1.0416666666666667,3.4339872044851463
2019-04-01,2019-04,2019,4,30,30,False,False,Dominican Republic to Puerto Rico,0,0,0,0,3.3688721820587686,9,64,-0.9583333333333334,3.4011973816621555
2019-05-01,2019-05,2019,5,31,31,False,False,Dominican Republic to Puerto Rico,0,0,0,0,3.3688721820587686,9,65,-0.875,3.4339872044851463
2019-06-01,2019-06,2019,6,30,30,False,False,Dominican Republic to Puerto Rico,0,0,0,0,3.3688721820587686,9,66,-0.7916666666666666,3.4011973816621555
2019-07-01,2019-07,2019,7,31,31,False,False,Dominican Republic to Puerto Rico,0,0,0,0,3.3688721820587686,9,67,-0.7083333333333334,3.4339872044851463
2019-08-01,2019-08,2019,8,31,31,False,False,Dominican Republic to Puerto Rico,0,0,0,0,3.3688721820587686,9,68,-0.625,3.4339872044851463
2019-09-01,2019-09,2019,9,30,30,False,False,Dominican Republic to Puerto Rico,3,1,3,0,5.0,9,69,-0.5416666666666666,3.4011973816621555
2019-10-01,2019-10,2019,10,31,31,False,False,Dominican Republic to Puerto Rico,0,0,0,0,3.3688721820587686,9,70,-0.4583333333333333,3.4339872044851463
2019-11-01,2019-11,2019,11,30,30,False,False,Dominican Republic to Puerto Rico,3,1,3,0,5.0,9,71,-0.375,3.4011973816621555
2019-12-01,2019-12,2019,12,31,31,False,False,Dominican Republic to Puerto Rico,0,0,0,0,3.3688721820587686,9,72,-0.2916666666666667,3.4339872044851463
2020-01-01,2020-01,2020,1,31,31,False,False,Dominican Republic to Puerto Rico,0,0,0,0,3.3688721820587686,9,73,-0.20833333333333334,3.4339872044851463
2020-02-01,2020-02,2020,2,29,29,False,False,Dominican Republic to Puerto Rico,0,0,0,0,3.3688721820587686,9,74,-0.125,3.367295829986474
2020-03-01,2020-03,2020,3,31,31,False,False,Dominican Republic to Puerto Rico,0,0,0,0,3.3688721820587686,9,75,-0.041666666666666664,3.4339872044851463
2020-04-01,2020-04,2020,4,30,30,False,False,Dominican Republic to Puerto Rico,0,0,0,0,3.3688721820587686,9,76,0.041666666666666664,3.4011973816621555
2020-05-01,2020-05,2020,5,31,31,False,False,Dominican Republic to Puerto Rico,4,1,4,0,3.0,9,77,0.125,3.4339872044851463
2020-06-01,2020-06,2020,6,30,30,False,False,Dominican Republic to Puerto Rico,0,0,0,0,3.3688721820587686,9,78,0.20833333333333334,3.4011973816621555
2020-07-01,2020-07,2020,7,31,31,False,False,Dominican Republic to Puerto Rico,12,1,12,0,5.0,9,79,0.2916666666666667,3.4339872044851463
2020-08-01,2020-08,2020,8,31,31,False,False,Dominican Republic to Puerto Rico,0,0,0,0,3.3688721820587686,9,80,0.375,3.4339872044851463
2020-09-01,2020-09,2020,9,30,30,False,False,Dominican Republic to Puerto Rico,0,0,0,0,3.3688721820587686,9,81,0.4583333333333333,3.4011973816621555
2020-10-01,2020-10,2020,10,31,31,False,False,Dominican Republic to Puerto Rico,0,0,0,0,3.3688721820587686,9,82,0.5416666666666666,3.4339872044851463
2020-11-01,2020-11,2020,11,30,30,False,False,Dominican Republic to Puerto Rico,21,2,15,0,4.0,9,83,0.625,3.4011973816621555
2020-12-01,2020-12,2020,12,31,31,False,False,Dominican Republic to Puerto Rico,21,1,21,0,3.0,9,84,0.7083333333333334,3.4339872044851463
2021-01-01,2021-01,2021,1,31,31,False,False,Dominican Republic to Puerto Rico,0,0,0,0,3.3688721820587686,9,85,0.7916666666666666,3.4339872044851463
2021-02-01,2021-02,2021,2,28,28,False,False,Dominican Republic to Puerto Rico,0,0,0,0,3.3688721820587686,9,86,0.875,3.332204510175204
2021-03-01,2021-03,2021,3,31,31,False,False,Dominican Republic to Puerto Rico,0,0,0,0,3.3688721820587686,9,87,0.9583333333333334,3.4339872044851463
2021-04-01,2021-04,2021,4,30,30,False,False,Dominican Republic to Puerto Rico,0,0,0,0,3.3688721820587686,9,88,1.0416666666666667,3.4011973816621555
2021-05-01,2021-05,2021,5,31,31,False,False,Dominican Republic to Puerto Rico,0,0,0,0,3.3688721820587686,9,89,1.125,3.4339872044851463
2021-06-01,2021-06,2021,6,30,30,False,False,Dominican Republic to Puerto Rico,0,0,0,0,3.3688721820587686,9,90,1.2083333333333333,3.4011973816621555
2021-07-01,2021-07,2021,7,31,31,False,False,Dominican Republic to Puerto Rico,32,2,20,0,4.0,9,91,1.2916666666666667,3.4339872044851463
2021-08-01,2021-08,2021,8,31,31,False,False,Dominican Republic to Puerto Rico,0,0,0,0,3.3688721820587686,9,92,1.375,3.4339872044851463
2021-09-01,2021-09,2021,9,30,30,False,False,Dominican Republic to Puerto Rico,23,1,23,0,3.0,9,93,1.4583333333333333,3.4011973816621555
2021-10-01,2021-10,2021,10,31,31,False,False,Dominican Republic to Puerto Rico,2,1,2,0,3.0,9,94,1.5416666666666667,3.4339872044851463
2021-11-01,2021-11,2021,11,30,30,False,False,Dominican Republic to Puerto Rico,8,1,8,0,5.0,9,95,1.625,3.4011973816621555
2021-12-01,2021-12,2021,12,31,31,False,False,Dominican Republic to Puerto Rico,0,0,0,0,3.3688721820587686,9,96,1.7083333333333333,3.4339872044851463
2022-01-01,2022-01,2022,1,31,31,False,False,Dominican Republic to Puerto Rico,15,1,15,0,3.0,9,97,1.7916666666666667,3.4339872044851463
2022-02-01,2022-02,2022,2,28,28,False,False,Dominican Republic to Puerto Rico,12,3,9,0,4.333333333333333,9,98,1.875,3.332204510175204
2022-03-01,2022-03,2022,3,31,31,False,False,Dominican Republic to Puerto Rico,8,2,7,0,3.0,9,99,1.9583333333333333,3.4339872044851463
2022-04-01,2022-04,2022,4,30,30,False,False,Dominican Republic to Puerto Rico,31,2,27,0,5.0,9,100,2.0416666666666665,3.4011973816621555
2022-05-01,2022-05,2022,5,31,31,False,False,Dominican Republic to Puerto Rico,12,2,11,0,4.0,9,101,2.125,3.4339872044851463
2022-06-01,2022-06,2022,6,30,30,False,False,Dominican Republic to Puerto Rico,2,1,2,0,1.0,9,102,2.2083333333333335,3.4011973816621555
2022-07-01,2022-07,2022,7,31,31,False,False,Dominican Republic to Puerto Rico,5,1,5,0,5.0,9,103,2.2916666666666665,3.4339872044851463
2022-08-01,2022-08,2022,8,31,31,False,False,Dominican Republic to Puerto Rico,0,0,0,0,3.3688721820587686,9,104,2.375,3.4339872044851463
2022-09-01,2022-09,2022,9,30,30,False,False,Dominican Republic to Puerto Rico,0,0,0,0,3.3688721820587686,9,105,2.4583333333333335,3.4011973816621555
2022-10-01,2022-10,2022,10,31,31,False,False,Dominican Republic to Puerto Rico,17,1,17,0,5.0,9,106,2.5416666666666665,3.4339872044851463
2022-11-01,2022-11,2022,11,30,30,False,False,Dominican Republic to Puerto Rico,1,1,1,0,3.0,9,107,2.625,3.4011973816621555
2022-12-01,2022-12,2022,12,31,31,False,False,Dominican Republic to Puerto Rico,1,1,1,0,5.0,9,108,2.7083333333333335,3.4339872044851463
2023-01-01,2023-01,2023,1,31,31,False,False,Dominican Republic to Puerto Rico,13,1,13,0,3.0,9,109,2.7916666666666665,3.4339872044851463
2023-02-01,2023-02,2023,2,28,28,False,False,Dominican Republic to Puerto Rico,0,0,0,0,3.3688721820587686,9,110,2.875,3.332204510175204
2023-03-01,2023-03,2023,3,31,31,False,False,Dominican Republic to Puerto Rico,3,1,3,0,3.0,9,111,2.9583333333333335,3.4339872044851463
2023-04-01,2023-04,2023,4,30,30,False,False,Dominican Republic to Puerto Rico,0,0,0,0,3.3688721820587686,9,112,3.0416666666666665,3.4011973816621555
2023-05-01,2023-05,2023,5,31,31,False,False,Dominican Republic to Puerto Rico,0,0,0,0,3.3688721820587686,9,113,3.125,3.4339872044851463
2023-06-01,2023-06,2023,6,30,30,False,False,Dominican Republic to Puerto Rico,2,2,1,0,4.0,9,114,3.2083333333333335,3.4011973816621555
2023-07-01,2023-07,2023,7,31,31,False,False,Dominican Republic to Puerto Rico,23,1,23,0,3.0,9,115,3.2916666666666665,3.4339872044851463
2023-08-01,2023-08,2023,8,31,31,False,False,Dominican Republic to Puerto Rico,0,0,0,0,3.3688721820587686,9,116,3.375,3.4339872044851463
2023-09-01,2023-09,2023,9,30,30,False,False,Dominican Republic to Puerto Rico,0,0,0,0,3.3688721820587686,9,117,3.4583333333333335,3.4011973816621555
2023-10-01,2023-10,2023,10,31,31,False,False,Dominican Republic to Puerto Rico,0,0,0,0,3.3688721820587686,9,118,3.5416666666666665,3.4339872044851463
2023-11-01,2023-11,2023,11,30,30,False,False,Dominican Republic to Puerto Rico,0,0,0,0,3.3688721820587686,9,119,3.625,3.4011973816621555
2023-12-01,2023-12,2023,12,31,31,False,False,Dominican Republic to Puerto Rico,0,0,0,0,3.3688721820587686,9,120,3.7083333333333335,3.4339872044851463
2024-01-01,2024-01,2024,1,31,31,False,False,Dominican Republic to Puerto Rico,0,0,0,0,3.3688721820587686,9,121,3.7916666666666665,3.4339872044851463
2024-02-01,2024-02,2024,2,29,29,False,False,Dominican Republic to Puerto Rico,67,2,37,0,4.0,9,122,3.875,3.367295829986474
2024-03-01,2024-03,2024,3,31,31,False,False,Dominican Republic to Puerto Rico,20,2,16,0,4.0,9,123,3.9583333333333335,3.4339872044851463
2024-04-01,2024-04,2024,4,30,30,False,False,Dominican Republic to Puerto Rico,0,0,0,0,3.3688721820587686,9,124,4.041666666666667,3.4011973816621555
2024-05-01,2024-05,2024,5,31,31,False,False,Dominican Republic to Puerto Rico,1,1,1,0,3.0,9,125,4.125,3.4339872044851463
2024-06-01,2024-06,2024,6,30,30,False,False,Dominican Republic to Puerto Rico,0,0,0,0,3.3688721820587686,9,126,4.208333333333333,3.4011973816621555
2024-07-01,2024-07,2024,7,31,31,False,False,Dominican Republic to Puerto Rico,4,1,4,0,5.0,9,127,4.291666666666667,3.4339872044851463
2024-08-01,2024-08,2024,8,31,31,False,False,Dominican Republic to Puerto Rico,0,0,0,0,3.3688721820587686,9,128,4.375,3.4339872044851463
2024-09-01,2024-09,2024,9,30,30,False,False,Dominican Republic to Puerto Rico,0,0,0,0,3.3688721820587686,9,129,4.458333333333333,3.4011973816621555
2024-10-01,2024-10,2024,10,31,31,False,False,Dominican Republic to Puerto Rico,3,1,3,0,3.0,9,130,4.541666666666667,3.4339872044851463
2024-11-01,2024-11,2024,11,30,30,False,False,Dominican Republic to Puerto Rico,0,0,0,0,3.3688721820587686,9,131,4.625,3.4011973816621555
2024-12-01,2024-12,2024,12,31,31,False,False,Dominican Republic to Puerto Rico,0,0,0,0,3.3688721820587686,9,132,4.708333333333333,3.4339872044851463
2025-01-01,2025-01,2025,1,31,31,False,False,Dominican Republic to Puerto Rico,5,1,5,0,5.0,9,133,4.791666666666667,3.4339872044851463
2025-02-01,2025-02,2025,2,28,28,False,False,Dominican Republic to Puerto Rico,0,0,0,0,3.3688721820587686,9,134,4.875,3.332204510175204
2025-03-01,2025-03,2025,3,31,31,False,False,Dominican Republic to Puerto Rico,0,0,0,0,3.3688721820587686,9,135,4.958333333333333,3.4339872044851463
2025-04-01,2025-04,2025,4,30,30,False,False,Dominican Republic to Puerto Rico,0,0,0,0,3.3688721820587686,9,136,5.041666666666667,3.4011973816621555
2025-05-01,2025-05,2025,5,31,31,False,False,Dominican Republic to Puerto Rico,0,0,0,0,3.3688721820587686,9,137,5.125,3.4339872044851463
2025-06-01,2025-06,2025,6,30,30,False,False,Dominican Republic to Puerto Rico,0,0,0,0,3.3688721820587686,9,138,5.208333333333333,3.4011973816621555
2025-07-01,2025-07,2025,7,31,31,False,False,Dominican Republic to Puerto Rico,0,0,0,0,3.3688721820587686,9,139,5.291666666666667,3.4339872044851463
2025-08-01,2025-08,2025,8,31,31,False,False,Dominican Republic to Puerto Rico,0,0,0,0,3.3688721820587686,9,140,5.375,3.4339872044851463
2025-09-01,2025-09,2025,9,30,30,False,False,Dominican Republic to Puerto Rico,0,0,0,0,3.3688721820587686,9,141,5.458333333333333,3.4011973816621555
2025-10-01,2025-10,2025,10,31,31,False,False,Dominican Republic to Puerto Rico,5,2,3,0,4.0,9,142,5.541666666666667,3.4339872044851463
2025-11-01,2025-11,2025,11,30,30,False,False,Dominican Republic to Puerto Rico,0,0,0,0,3.3688721820587686,9,143,5.625,3.4011973816621555
2025-12-01,2025-12,2025,12,31,31,False,False,Dominican Republic to Puerto Rico,0,0,0,0,3.3688721820587686,9,144,5.708333333333333,3.4339872044851463
2026-01-01,2026-01,2026,1,31,31,False,True,Dominican Republic to Puerto Rico,0,0,0,0,3.3688721820587686,9,145,5.791666666666667,3.4339872044851463
2026-02-01,2026-02,2026,2,28,28,False,True,Dominican Republic to Puerto Rico,0,0,0,0,3.3688721820587686,9,146,5.875,3.332204510175204
2026-03-01,2026-03,2026,3,31,31,False,True,Dominican Republic to Puerto Rico,0,0,0,0,3.3688721820587686,9,147,5.958333333333333,3.4339872044851463
2026-04-01,2026-04,2026,4,30,30,False,True,Dominican Republic to Puerto Rico,0,0,0,0,3.3688721820587686,9,148,6.041666666666667,3.4011973816621555
2026-05-01,2026-05,2026,5,31,31,False,True,Dominican Republic to Puerto Rico,1,1,1,0,3.0,9,149,6.125,3.4339872044851463
2026-06-01,2026-06,2026,6,16,30,True,True,Dominican Republic to Puerto Rico,0,0,0,0,3.3688721820587686,9,150,6.208333333333333,2.772588722239781
2014-01-01,2014-01,2014,1,31,31,False,False,Eastern Mediterranean,12,1,12,0,5.0,10,1,-6.208333333333333,3.4339872044851463
2014-02-01,2014-02,2014,2,28,28,False,False,Eastern Mediterranean,0,0,0,0,3.3688721820587686,10,2,-6.125,3.332204510175204
2014-03-01,2014-03,2014,3,31,31,False,False,Eastern Mediterranean,9,1,9,0,1.0,10,3,-6.041666666666667,3.4339872044851463
2014-04-01,2014-04,2014,4,30,30,False,False,Eastern Mediterranean,9,1,9,0,1.0,10,4,-5.958333333333333,3.4011973816621555
2014-05-01,2014-05,2014,5,31,31,False,False,Eastern Mediterranean,30,2,29,0,1.0,10,5,-5.875,3.4339872044851463
2014-06-01,2014-06,2014,6,30,30,False,False,Eastern Mediterranean,0,0,0,0,3.3688721820587686,10,6,-5.791666666666667,3.4011973816621555
2014-07-01,2014-07,2014,7,31,31,False,False,Eastern Mediterranean,25,1,25,0,1.0,10,7,-5.708333333333333,3.4339872044851463
2014-08-01,2014-08,2014,8,31,31,False,False,Eastern Mediterranean,0,0,0,0,3.3688721820587686,10,8,-5.625,3.4339872044851463
2014-09-01,2014-09,2014,9,30,30,False,False,Eastern Mediterranean,0,0,0,0,3.3688721820587686,10,9,-5.541666666666667,3.4011973816621555
2014-10-01,2014-10,2014,10,31,31,False,False,Eastern Mediterranean,0,0,0,0,3.3688721820587686,10,10,-5.458333333333333,3.4339872044851463
2014-11-01,2014-11,2014,11,30,30,False,False,Eastern Mediterranean,4,1,4,0,1.0,10,11,-5.375,3.4011973816621555
2014-12-01,2014-12,2014,12,31,31,False,False,Eastern Mediterranean,9,1,9,0,4.0,10,12,-5.291666666666667,3.4339872044851463
2015-01-01,2015-01,2015,1,31,31,False,False,Eastern Mediterranean,0,0,0,0,3.3688721820587686,10,13,-5.208333333333333,3.4339872044851463
2015-02-01,2015-02,2015,2,28,28,False,False,Eastern Mediterranean,9,1,9,0,1.0,10,14,-5.125,3.332204510175204
2015-03-01,2015-03,2015,3,31,31,False,False,Eastern Mediterranean,8,1,8,0,4.0,10,15,-5.041666666666667,3.4339872044851463
2015-04-01,2015-04,2015,4,30,30,False,False,Eastern Mediterranean,11,1,11,0,5.0,10,16,-4.958333333333333,3.4011973816621555
2015-05-01,2015-05,2015,5,31,31,False,False,Eastern Mediterranean,0,0,0,0,3.3688721820587686,10,17,-4.875,3.4339872044851463
2015-06-01,2015-06,2015,6,30,30,False,False,Eastern Mediterranean,6,1,6,0,3.0,10,18,-4.791666666666667,3.4011973816621555
2015-07-01,2015-07,2015,7,31,31,False,False,Eastern Mediterranean,24,2,18,0,4.5,10,19,-4.708333333333333,3.4339872044851463
2015-08-01,2015-08,2015,8,31,31,False,False,Eastern Mediterranean,29,9,9,0,2.6666666666666665,10,20,-4.625,3.4339872044851463
2015-09-01,2015-09,2015,9,30,30,False,False,Eastern Mediterranean,176,21,38,0,3.1904761904761907,10,21,-4.541666666666667,3.4011973816621555
2015-10-01,2015-10,2015,10,31,31,False,False,Eastern Mediterranean,151,33,23,0,3.4545454545454546,10,22,-4.458333333333333,3.4339872044851463
2015-11-01,2015-11,2015,11,30,30,False,False,Eastern Mediterranean,87,18,15,0,3.9444444444444446,10,23,-4.375,3.4011973816621555
2015-12-01,2015-12,2015,12,31,31,False,False,Eastern Mediterranean,206,37,33,0,3.081081081081081,10,24,-4.291666666666667,3.4339872044851463
2016-01-01,2016-01,2016,1,31,31,False,False,Eastern Mediterranean,236,32,44,0,4.0625,10,25,-4.208333333333333,3.4339872044851463
2016-02-01,2016-02,2016,2,29,29,False,False,Eastern Mediterranean,46,3,36,0,1.6666666666666667,10,26,-4.125,3.367295829986474
2016-03-01,2016-03,2016,3,31,31,False,False,Eastern Mediterranean,45,6,25,0,3.3333333333333335,10,27,-4.041666666666667,3.4339872044851463
2016-04-01,2016-04,2016,4,30,30,False,False,Eastern Mediterranean,10,2,9,0,3.0,10,28,-3.9583333333333335,3.4011973816621555
2016-05-01,2016-05,2016,5,31,31,False,False,Eastern Mediterranean,0,0,0,0,3.3688721820587686,10,29,-3.875,3.4339872044851463
2016-06-01,2016-06,2016,6,30,30,False,False,Eastern Mediterranean,0,0,0,0,3.3688721820587686,10,30,-3.7916666666666665,3.4011973816621555
2016-07-01,2016-07,2016,7,31,31,False,False,Eastern Mediterranean,7,1,7,0,4.0,10,31,-3.7083333333333335,3.4339872044851463
2016-08-01,2016-08,2016,8,31,31,False,False,Eastern Mediterranean,3,1,3,0,4.0,10,32,-3.625,3.4339872044851463
2016-09-01,2016-09,2016,9,30,30,False,False,Eastern Mediterranean,27,1,27,0,4.0,10,33,-3.5416666666666665,3.4011973816621555
2016-10-01,2016-10,2016,10,31,31,False,False,Eastern Mediterranean,2,2,1,0,2.5,10,34,-3.4583333333333335,3.4339872044851463
2016-11-01,2016-11,2016,11,30,30,False,False,Eastern Mediterranean,14,3,9,0,4.333333333333333,10,35,-3.375,3.4011973816621555
2016-12-01,2016-12,2016,12,31,31,False,False,Eastern Mediterranean,5,1,5,0,4.0,10,36,-3.2916666666666665,3.4339872044851463
2017-01-01,2017-01,2017,1,31,31,False,False,Eastern Mediterranean,1,1,1,0,4.0,10,37,-3.2083333333333335,3.4339872044851463
2017-02-01,2017-02,2017,2,28,28,False,False,Eastern Mediterranean,1,1,1,0,1.0,10,38,-3.125,3.332204510175204
2017-03-01,2017-03,2017,3,31,31,False,False,Eastern Mediterranean,11,1,11,0,4.0,10,39,-3.0416666666666665,3.4339872044851463
2017-04-01,2017-04,2017,4,30,30,False,False,Eastern Mediterranean,24,2,23,0,4.5,10,40,-2.9583333333333335,3.4011973816621555
2017-05-01,2017-05,2017,5,31,31,False,False,Eastern Mediterranean,0,0,0,0,3.3688721820587686,10,41,-2.875,3.4339872044851463
2017-06-01,2017-06,2017,6,30,30,False,False,Eastern Mediterranean,0,0,0,0,3.3688721820587686,10,42,-2.7916666666666665,3.4011973816621555
2017-07-01,2017-07,2017,7,31,31,False,False,Eastern Mediterranean,8,1,8,0,5.0,10,43,-2.7083333333333335,3.4339872044851463
2017-08-01,2017-08,2017,8,31,31,False,False,Eastern Mediterranean,0,0,0,0,3.3688721820587686,10,44,-2.625,3.4339872044851463
2017-09-01,2017-09,2017,9,30,30,False,False,Eastern Mediterranean,1,1,1,0,4.0,10,45,-2.5416666666666665,3.4011973816621555
2017-10-01,2017-10,2017,10,31,31,False,False,Eastern Mediterranean,0,0,0,0,3.3688721820587686,10,46,-2.4583333333333335,3.4339872044851463
2017-11-01,2017-11,2017,11,30,30,False,False,Eastern Mediterranean,15,3,10,0,4.666666666666667,10,47,-2.375,3.4011973816621555
2017-12-01,2017-12,2017,12,31,31,False,False,Eastern Mediterranean,1,1,1,0,1.0,10,48,-2.2916666666666665,3.4339872044851463
2018-01-01,2018-01,2018,1,31,31,False,False,Eastern Mediterranean,0,0,0,0,3.3688721820587686,10,49,-2.2083333333333335,3.4339872044851463
2018-02-01,2018-02,2018,2,28,28,False,False,Eastern Mediterranean,1,1,1,0,4.0,10,50,-2.125,3.332204510175204
2018-03-01,2018-03,2018,3,31,31,False,False,Eastern Mediterranean,0,0,0,0,3.3688721820587686,10,51,-2.0416666666666665,3.4339872044851463
2018-04-01,2018-04,2018,4,30,30,False,False,Eastern Mediterranean,0,0,0,0,3.3688721820587686,10,52,-1.9583333333333333,3.4011973816621555
2018-05-01,2018-05,2018,5,31,31,False,False,Eastern Mediterranean,16,2,9,0,4.5,10,53,-1.875,3.4339872044851463
2018-06-01,2018-06,2018,6,30,30,False,False,Eastern Mediterranean,10,1,10,0,5.0,10,54,-1.7916666666666667,3.4011973816621555
2018-07-01,2018-07,2018,7,31,31,False,False,Eastern Mediterranean,50,2,44,0,5.0,10,55,-1.7083333333333333,3.4339872044851463
2018-08-01,2018-08,2018,8,31,31,False,False,Eastern Mediterranean,10,2,9,0,4.5,10,56,-1.625,3.4339872044851463
2018-09-01,2018-09,2018,9,30,30,False,False,Eastern Mediterranean,12,4,7,0,4.0,10,57,-1.5416666666666667,3.4011973816621555
2018-10-01,2018-10,2018,10,31,31,False,False,Eastern Mediterranean,4,2,3,0,5.0,10,58,-1.4583333333333333,3.4339872044851463
2018-11-01,2018-11,2018,11,30,30,False,False,Eastern Mediterranean,11,2,10,0,5.0,10,59,-1.375,3.4011973816621555
2018-12-01,2018-12,2018,12,31,31,False,False,Eastern Mediterranean,7,1,7,0,4.0,10,60,-1.2916666666666667,3.4339872044851463
2019-01-01,2019-01,2019,1,31,31,False,False,Eastern Mediterranean,2,2,1,0,4.5,10,61,-1.2083333333333333,3.4339872044851463
2019-02-01,2019-02,2019,2,28,28,False,False,Eastern Mediterranean,1,1,1,0,4.0,10,62,-1.125,3.332204510175204
2019-03-01,2019-03,2019,3,31,31,False,False,Eastern Mediterranean,9,4,4,0,4.75,10,63,-1.0416666666666667,3.4339872044851463
2019-04-01,2019-04,2019,4,30,30,False,False,Eastern Mediterranean,5,4,2,0,4.75,10,64,-0.9583333333333334,3.4011973816621555
2019-05-01,2019-05,2019,5,31,31,False,False,Eastern Mediterranean,18,3,12,0,4.0,10,65,-0.875,3.4339872044851463
2019-06-01,2019-06,2019,6,30,30,False,False,Eastern Mediterranean,7,1,7,0,4.0,10,66,-0.7916666666666666,3.4011973816621555
2019-07-01,2019-07,2019,7,31,31,False,False,Eastern Mediterranean,1,1,1,0,5.0,10,67,-0.7083333333333334,3.4339872044851463
2019-08-01,2019-08,2019,8,31,31,False,False,Eastern Mediterranean,0,0,0,0,3.3688721820587686,10,68,-0.625,3.4339872044851463
2019-09-01,2019-09,2019,9,30,30,False,False,Eastern Mediterranean,9,3,7,0,4.333333333333333,10,69,-0.5416666666666666,3.4011973816621555
2019-10-01,2019-10,2019,10,31,31,False,False,Eastern Mediterranean,5,3,2,0,4.666666666666667,10,70,-0.4583333333333333,3.4339872044851463
2019-11-01,2019-11,2019,11,30,30,False,False,Eastern Mediterranean,0,0,0,0,3.3688721820587686,10,71,-0.375,3.4011973816621555
2019-12-01,2019-12,2019,12,31,31,False,False,Eastern Mediterranean,0,0,0,0,3.3688721820587686,10,72,-0.2916666666666667,3.4339872044851463
2020-01-01,2020-01,2020,1,31,31,False,False,Eastern Mediterranean,36,4,15,0,4.25,10,73,-0.20833333333333334,3.4339872044851463
2020-02-01,2020-02,2020,2,29,29,False,False,Eastern Mediterranean,0,0,0,0,3.3688721820587686,10,74,-0.125,3.367295829986474
2020-03-01,2020-03,2020,3,31,31,False,False,Eastern Mediterranean,4,2,3,0,5.0,10,75,-0.041666666666666664,3.4339872044851463
2020-04-01,2020-04,2020,4,30,30,False,False,Eastern Mediterranean,0,0,0,0,3.3688721820587686,10,76,0.041666666666666664,3.4011973816621555
2020-05-01,2020-05,2020,5,31,31,False,False,Eastern Mediterranean,0,0,0,0,3.3688721820587686,10,77,0.125,3.4339872044851463
2020-06-01,2020-06,2020,6,30,30,False,False,Eastern Mediterranean,4,1,4,0,5.0,10,78,0.20833333333333334,3.4011973816621555
2020-07-01,2020-07,2020,7,31,31,False,False,Eastern Mediterranean,0,0,0,0,3.3688721820587686,10,79,0.2916666666666667,3.4339872044851463
2020-08-01,2020-08,2020,8,31,31,False,False,Eastern Mediterranean,2,1,2,0,3.0,10,80,0.375,3.4339872044851463
2020-09-01,2020-09,2020,9,30,30,False,False,Eastern Mediterranean,8,3,4,0,5.0,10,81,0.4583333333333333,3.4011973816621555
2020-10-01,2020-10,2020,10,31,31,False,False,Eastern Mediterranean,0,0,0,0,3.3688721820587686,10,82,0.5416666666666666,3.4339872044851463
2020-11-01,2020-11,2020,11,30,30,False,False,Eastern Mediterranean,2,2,1,0,4.0,10,83,0.625,3.4011973816621555
2020-12-01,2020-12,2020,12,31,31,False,False,Eastern Mediterranean,6,3,3,0,4.666666666666667,10,84,0.7083333333333334,3.4339872044851463
2021-01-01,2021-01,2021,1,31,31,False,False,Eastern Mediterranean,2,2,1,0,2.5,10,85,0.7916666666666666,3.4339872044851463
2021-02-01,2021-02,2021,2,28,28,False,False,Eastern Mediterranean,0,0,0,0,3.3688721820587686,10,86,0.875,3.332204510175204
2021-03-01,2021-03,2021,3,31,31,False,False,Eastern Mediterranean,0,0,0,0,3.3688721820587686,10,87,0.9583333333333334,3.4339872044851463
2021-04-01,2021-04,2021,4,30,30,False,False,Eastern Mediterranean,0,0,0,0,3.3688721820587686,10,88,1.0416666666666667,3.4011973816621555
2021-05-01,2021-05,2021,5,31,31,False,False,Eastern Mediterranean,0,0,0,0,3.3688721820587686,10,89,1.125,3.4339872044851463
2021-06-01,2021-06,2021,6,30,30,False,False,Eastern Mediterranean,0,0,0,0,3.3688721820587686,10,90,1.2083333333333333,3.4011973816621555
2021-07-01,2021-07,2021,7,31,31,False,False,Eastern Mediterranean,3,1,3,0,5.0,10,91,1.2916666666666667,3.4339872044851463
2021-08-01,2021-08,2021,8,31,31,False,False,Eastern Mediterranean,0,0,0,0,3.3688721820587686,10,92,1.375,3.4339872044851463
2021-09-01,2021-09,2021,9,30,30,False,False,Eastern Mediterranean,2,1,2,0,5.0,10,93,1.4583333333333333,3.4011973816621555
2021-10-01,2021-10,2021,10,31,31,False,False,Eastern Mediterranean,5,1,5,0,5.0,10,94,1.5416666666666667,3.4339872044851463
2021-11-01,2021-11,2021,11,30,30,False,False,Eastern Mediterranean,6,4,3,0,4.5,10,95,1.625,3.4011973816621555
2021-12-01,2021-12,2021,12,31,31,False,False,Eastern Mediterranean,42,5,25,0,5.0,10,96,1.7083333333333333,3.4339872044851463
2022-01-01,2022-01,2022,1,31,31,False,False,Eastern Mediterranean,2,2,1,0,5.0,10,97,1.7916666666666667,3.4339872044851463
2022-02-01,2022-02,2022,2,28,28,False,False,Eastern Mediterranean,2,2,1,0,5.0,10,98,1.875,3.332204510175204
2022-03-01,2022-03,2022,3,31,31,False,False,Eastern Mediterranean,0,0,0,0,3.3688721820587686,10,99,1.9583333333333333,3.4339872044851463
2022-04-01,2022-04,2022,4,30,30,False,False,Eastern Mediterranean,5,1,5,0,5.0,10,100,2.0416666666666665,3.4011973816621555
2022-05-01,2022-05,2022,5,31,31,False,False,Eastern Mediterranean,1,1,1,0,5.0,10,101,2.125,3.4339872044851463
2022-06-01,2022-06,2022,6,30,30,False,False,Eastern Mediterranean,9,2,8,0,4.5,10,102,2.2083333333333335,3.4011973816621555
2022-07-01,2022-07,2022,7,31,31,False,False,Eastern Mediterranean,2,2,1,0,3.5,10,103,2.2916666666666665,3.4339872044851463
2022-08-01,2022-08,2022,8,31,31,False,False,Eastern Mediterranean,32,2,31,0,5.0,10,104,2.375,3.4339872044851463
2022-09-01,2022-09,2022,9,30,30,False,False,Eastern Mediterranean,152,8,127,1,5.0,10,105,2.4583333333333335,3.4011973816621555
2022-10-01,2022-10,2022,10,31,31,False,False,Eastern Mediterranean,49,9,18,0,4.666666666666667,10,106,2.5416666666666665,3.4339872044851463
2022-11-01,2022-11,2022,11,30,30,False,False,Eastern Mediterranean,4,3,2,0,5.0,10,107,2.625,3.4011973816621555
2022-12-01,2022-12,2022,12,31,31,False,False,Eastern Mediterranean,8,4,4,0,4.5,10,108,2.7083333333333335,3.4339872044851463
2023-01-01,2023-01,2023,1,31,31,False,False,Eastern Mediterranean,3,3,1,0,4.0,10,109,2.7916666666666665,3.4339872044851463
2023-02-01,2023-02,2023,2,28,28,False,False,Eastern Mediterranean,8,3,4,0,5.0,10,110,2.875,3.332204510175204
2023-03-01,2023-03,2023,3,31,31,False,False,Eastern Mediterranean,18,2,15,0,5.0,10,111,2.9583333333333335,3.4339872044851463
2023-04-01,2023-04,2023,4,30,30,False,False,Eastern Mediterranean,1,1,1,0,5.0,10,112,3.0416666666666665,3.4011973816621555
2023-05-01,2023-05,2023,5,31,31,False,False,Eastern Mediterranean,12,2,9,0,5.0,10,113,3.125,3.4339872044851463
2023-06-01,2023-06,2023,6,30,30,False,False,Eastern Mediterranean,0,0,0,0,3.3688721820587686,10,114,3.2083333333333335,3.4011973816621555
2023-07-01,2023-07,2023,7,31,31,False,False,Eastern Mediterranean,0,0,0,0,3.3688721820587686,10,115,3.2916666666666665,3.4339872044851463
2023-08-01,2023-08,2023,8,31,31,False,False,Eastern Mediterranean,5,2,4,0,5.0,10,116,3.375,3.4339872044851463
2023-09-01,2023-09,2023,9,30,30,False,False,Eastern Mediterranean,4,4,1,0,4.5,10,117,3.4583333333333335,3.4011973816621555
2023-10-01,2023-10,2023,10,31,31,False,False,Eastern Mediterranean,8,6,3,0,4.5,10,118,3.5416666666666665,3.4339872044851463
2023-11-01,2023-11,2023,11,30,30,False,False,Eastern Mediterranean,3,3,1,0,5.0,10,119,3.625,3.4011973816621555
2023-12-01,2023-12,2023,12,31,31,False,False,Eastern Mediterranean,85,1,85,1,5.0,10,120,3.7083333333333335,3.4339872044851463
2024-01-01,2024-01,2024,1,31,31,False,False,Eastern Mediterranean,29,9,11,0,4.222222222222222,10,121,3.7916666666666665,3.4339872044851463
2024-02-01,2024-02,2024,2,29,29,False,False,Eastern Mediterranean,4,1,4,0,3.0,10,122,3.875,3.367295829986474
2024-03-01,2024-03,2024,3,31,31,False,False,Eastern Mediterranean,22,1,22,0,5.0,10,123,3.9583333333333335,3.4339872044851463
2024-04-01,2024-04,2024,4,30,30,False,False,Eastern Mediterranean,6,2,5,0,5.0,10,124,4.041666666666667,3.4011973816621555
2024-05-01,2024-05,2024,5,31,31,False,False,Eastern Mediterranean,6,5,2,0,4.8,10,125,4.125,3.4339872044851463
2024-06-01,2024-06,2024,6,30,30,False,False,Eastern Mediterranean,1,1,1,0,4.0,10,126,4.208333333333333,3.4011973816621555
2024-07-01,2024-07,2024,7,31,31,False,False,Eastern Mediterranean,0,0,0,0,3.3688721820587686,10,127,4.291666666666667,3.4339872044851463
2024-08-01,2024-08,2024,8,31,31,False,False,Eastern Mediterranean,4,4,1,0,5.0,10,128,4.375,3.4339872044851463
2024-09-01,2024-09,2024,9,30,30,False,False,Eastern Mediterranean,2,2,1,0,5.0,10,129,4.458333333333333,3.4011973816621555
2024-10-01,2024-10,2024,10,31,31,False,False,Eastern Mediterranean,7,3,4,0,4.666666666666667,10,130,4.541666666666667,3.4339872044851463
2024-11-01,2024-11,2024,11,30,30,False,False,Eastern Mediterranean,11,5,4,0,4.2,10,131,4.625,3.4011973816621555
2024-12-01,2024-12,2024,12,31,31,False,False,Eastern Mediterranean,14,3,8,0,5.0,10,132,4.708333333333333,3.4339872044851463
2025-01-01,2025-01,2025,1,31,31,False,False,Eastern Mediterranean,5,4,2,0,4.0,10,133,4.791666666666667,3.4339872044851463
2025-02-01,2025-02,2025,2,28,28,False,False,Eastern Mediterranean,7,2,6,0,5.0,10,134,4.875,3.332204510175204
2025-03-01,2025-03,2025,3,31,31,False,False,Eastern Mediterranean,24,3,21,0,5.0,10,135,4.958333333333333,3.4339872044851463
2025-04-01,2025-04,2025,4,30,30,False,False,Eastern Mediterranean,23,6,10,0,4.833333333333333,10,136,5.041666666666667,3.4011973816621555
2025-05-01,2025-05,2025,5,31,31,False,False,Eastern Mediterranean,1,1,1,0,5.0,10,137,5.125,3.4339872044851463
2025-06-01,2025-06,2025,6,30,30,False,False,Eastern Mediterranean,43,4,40,0,4.5,10,138,5.208333333333333,3.4011973816621555
2025-07-01,2025-07,2025,7,31,31,False,False,Eastern Mediterranean,85,10,71,0,4.1,10,139,5.291666666666667,3.4339872044851463
2025-08-01,2025-08,2025,8,31,31,False,False,Eastern Mediterranean,10,6,4,0,4.5,10,140,5.375,3.4339872044851463
2025-09-01,2025-09,2025,9,30,30,False,False,Eastern Mediterranean,72,6,61,0,4.333333333333333,10,141,5.458333333333333,3.4011973816621555
2025-10-01,2025-10,2025,10,31,31,False,False,Eastern Mediterranean,32,9,16,0,4.777777777777778,10,142,5.541666666666667,3.4339872044851463
2025-11-01,2025-11,2025,11,30,30,False,False,Eastern Mediterranean,15,3,12,0,5.0,10,143,5.625,3.4011973816621555
2025-12-01,2025-12,2025,12,31,31,False,False,Eastern Mediterranean,6,4,3,0,4.75,10,144,5.708333333333333,3.4339872044851463
2026-01-01,2026-01,2026,1,31,31,False,True,Eastern Mediterranean,15,4,8,0,3.75,10,145,5.791666666666667,3.4339872044851463
2026-02-01,2026-02,2026,2,28,28,False,True,Eastern Mediterranean,40,3,18,0,4.333333333333333,10,146,5.875,3.332204510175204
2026-03-01,2026-03,2026,3,31,31,False,True,Eastern Mediterranean,16,2,14,0,4.0,10,147,5.958333333333333,3.4339872044851463
2026-04-01,2026-04,2026,4,30,30,False,True,Eastern Mediterranean,39,2,26,0,4.0,10,148,6.041666666666667,3.4011973816621555
2026-05-01,2026-05,2026,5,31,31,False,True,Eastern Mediterranean,6,3,4,0,4.666666666666667,10,149,6.125,3.4339872044851463
2026-06-01,2026-06,2026,6,16,30,True,True,Eastern Mediterranean,3,2,2,0,4.0,10,150,6.208333333333333,2.772588722239781
2014-01-01,2014-01,2014,1,31,31,False,False,Eastern Route to/from EHOA,0,0,0,0,3.3688721820587686,11,1,-6.208333333333333,3.4339872044851463
2014-02-01,2014-02,2014,2,28,28,False,False,Eastern Route to/from EHOA,17,1,17,0,4.0,11,2,-6.125,3.332204510175204
2014-03-01,2014-03,2014,3,31,31,False,False,Eastern Route to/from EHOA,44,1,44,0,4.0,11,3,-6.041666666666667,3.4339872044851463
2014-04-01,2014-04,2014,4,30,30,False,False,Eastern Route to/from EHOA,0,0,0,0,3.3688721820587686,11,4,-5.958333333333333,3.4011973816621555
2014-05-01,2014-05,2014,5,31,31,False,False,Eastern Route to/from EHOA,62,1,62,0,1.0,11,5,-5.875,3.4339872044851463
2014-06-01,2014-06,2014,6,30,30,False,False,Eastern Route to/from EHOA,0,0,0,0,3.3688721820587686,11,6,-5.791666666666667,3.4011973816621555
2014-07-01,2014-07,2014,7,31,31,False,False,Eastern Route to/from EHOA,0,0,0,0,3.3688721820587686,11,7,-5.708333333333333,3.4339872044851463
2014-08-01,2014-08,2014,8,31,31,False,False,Eastern Route to/from EHOA,0,0,0,0,3.3688721820587686,11,8,-5.625,3.4339872044851463
2014-09-01,2014-09,2014,9,30,30,False,False,Eastern Route to/from EHOA,0,0,0,0,3.3688721820587686,11,9,-5.541666666666667,3.4011973816621555
2014-10-01,2014-10,2014,10,31,31,False,False,Eastern Route to/from EHOA,72,9,64,0,4.0,11,10,-5.458333333333333,3.4339872044851463
2014-11-01,2014-11,2014,11,30,30,False,False,Eastern Route to/from EHOA,30,1,30,0,4.0,11,11,-5.375,3.4011973816621555
2014-12-01,2014-12,2014,12,31,31,False,False,Eastern Route to/from EHOA,24,1,24,0,4.0,11,12,-5.291666666666667,3.4339872044851463
2015-01-01,2015-01,2015,1,31,31,False,False,Eastern Route to/from EHOA,5,4,2,0,3.0,11,13,-5.208333333333333,3.4339872044851463
2015-02-01,2015-02,2015,2,28,28,False,False,Eastern Route to/from EHOA,39,2,36,0,4.0,11,14,-5.125,3.332204510175204
2015-03-01,2015-03,2015,3,31,31,False,False,Eastern Route to/from EHOA,42,1,42,0,1.0,11,15,-5.041666666666667,3.4339872044851463
2015-04-01,2015-04,2015,4,30,30,False,False,Eastern Route to/from EHOA,1,1,1,0,2.0,11,16,-4.958333333333333,3.4011973816621555
2015-05-01,2015-05,2015,5,31,31,False,False,Eastern Route to/from EHOA,3,3,1,0,2.0,11,17,-4.875,3.4339872044851463
2015-06-01,2015-06,2015,6,30,30,False,False,Eastern Route to/from EHOA,1,1,1,0,2.0,11,18,-4.791666666666667,3.4011973816621555
2015-07-01,2015-07,2015,7,31,31,False,False,Eastern Route to/from EHOA,0,0,0,0,3.3688721820587686,11,19,-4.708333333333333,3.4339872044851463
2015-08-01,2015-08,2015,8,31,31,False,False,Eastern Route to/from EHOA,0,0,0,0,3.3688721820587686,11,20,-4.625,3.4339872044851463
2015-09-01,2015-09,2015,9,30,30,False,False,Eastern Route to/from EHOA,3,3,1,0,2.0,11,21,-4.541666666666667,3.4011973816621555
2015-10-01,2015-10,2015,10,31,31,False,False,Eastern Route to/from EHOA,17,7,8,0,1.8571428571428572,11,22,-4.458333333333333,3.4339872044851463
2015-11-01,2015-11,2015,11,30,30,False,False,Eastern Route to/from EHOA,2,2,1,0,3.0,11,23,-4.375,3.4011973816621555
2015-12-01,2015-12,2015,12,31,31,False,False,Eastern Route to/from EHOA,9,8,2,0,2.0,11,24,-4.291666666666667,3.4339872044851463
2016-01-01,2016-01,2016,1,31,31,False,False,Eastern Route to/from EHOA,43,7,36,0,2.2857142857142856,11,25,-4.208333333333333,3.4339872044851463
2016-02-01,2016-02,2016,2,29,29,False,False,Eastern Route to/from EHOA,25,6,20,0,2.3333333333333335,11,26,-4.125,3.367295829986474
2016-03-01,2016-03,2016,3,31,31,False,False,Eastern Route to/from EHOA,6,3,4,0,2.6666666666666665,11,27,-4.041666666666667,3.4339872044851463
2016-04-01,2016-04,2016,4,30,30,False,False,Eastern Route to/from EHOA,1,1,1,0,2.0,11,28,-3.9583333333333335,3.4011973816621555
2016-05-01,2016-05,2016,5,31,31,False,False,Eastern Route to/from EHOA,1,1,1,0,2.0,11,29,-3.875,3.4339872044851463
2016-06-01,2016-06,2016,6,30,30,False,False,Eastern Route to/from EHOA,4,4,1,0,2.0,11,30,-3.7916666666666665,3.4011973816621555
2016-07-01,2016-07,2016,7,31,31,False,False,Eastern Route to/from EHOA,11,6,4,0,2.6666666666666665,11,31,-3.7083333333333335,3.4339872044851463
2016-08-01,2016-08,2016,8,31,31,False,False,Eastern Route to/from EHOA,2,2,1,0,2.0,11,32,-3.625,3.4339872044851463
2016-09-01,2016-09,2016,9,30,30,False,False,Eastern Route to/from EHOA,4,3,2,0,2.6666666666666665,11,33,-3.5416666666666665,3.4011973816621555
2016-10-01,2016-10,2016,10,31,31,False,False,Eastern Route to/from EHOA,32,10,14,0,2.4,11,34,-3.4583333333333335,3.4339872044851463
2016-11-01,2016-11,2016,11,30,30,False,False,Eastern Route to/from EHOA,4,3,2,0,2.0,11,35,-3.375,3.4011973816621555
2016-12-01,2016-12,2016,12,31,31,False,False,Eastern Route to/from EHOA,29,7,20,0,2.2857142857142856,11,36,-3.2916666666666665,3.4339872044851463
2017-01-01,2017-01,2017,1,31,31,False,False,Eastern Route to/from EHOA,1,1,1,0,2.0,11,37,-3.2083333333333335,3.4339872044851463
2017-02-01,2017-02,2017,2,28,28,False,False,Eastern Route to/from EHOA,16,5,7,0,2.8,11,38,-3.125,3.332204510175204
2017-03-01,2017-03,2017,3,31,31,False,False,Eastern Route to/from EHOA,74,3,42,0,4.0,11,39,-3.0416666666666665,3.4339872044851463
2017-04-01,2017-04,2017,4,30,30,False,False,Eastern Route to/from EHOA,0,0,0,0,3.3688721820587686,11,40,-2.9583333333333335,3.4011973816621555
2017-05-01,2017-05,2017,5,31,31,False,False,Eastern Route to/from EHOA,0,0,0,0,3.3688721820587686,11,41,-2.875,3.4339872044851463
2017-06-01,2017-06,2017,6,30,30,False,False,Eastern Route to/from EHOA,0,0,0,0,3.3688721820587686,11,42,-2.7916666666666665,3.4011973816621555
2017-07-01,2017-07,2017,7,31,31,False,False,Eastern Route to/from EHOA,0,0,0,0,3.3688721820587686,11,43,-2.7083333333333335,3.4339872044851463
2017-08-01,2017-08,2017,8,31,31,False,False,Eastern Route to/from EHOA,18,1,18,0,4.0,11,44,-2.625,3.4339872044851463
2017-09-01,2017-09,2017,9,30,30,False,False,Eastern Route to/from EHOA,0,0,0,0,3.3688721820587686,11,45,-2.5416666666666665,3.4011973816621555
2017-10-01,2017-10,2017,10,31,31,False,False,Eastern Route to/from EHOA,0,0,0,0,3.3688721820587686,11,46,-2.4583333333333335,3.4339872044851463
2017-11-01,2017-11,2017,11,30,30,False,False,Eastern Route to/from EHOA,0,0,0,0,3.3688721820587686,11,47,-2.375,3.4011973816621555
2017-12-01,2017-12,2017,12,31,31,False,False,Eastern Route to/from EHOA,0,0,0,0,3.3688721820587686,11,48,-2.2916666666666665,3.4339872044851463
2018-01-01,2018-01,2018,1,31,31,False,False,Eastern Route to/from EHOA,0,0,0,0,3.3688721820587686,11,49,-2.2083333333333335,3.4339872044851463
2018-02-01,2018-02,2018,2,28,28,False,False,Eastern Route to/from EHOA,26,2,25,0,4.0,11,50,-2.125,3.332204510175204
2018-03-01,2018-03,2018,3,31,31,False,False,Eastern Route to/from EHOA,0,0,0,0,3.3688721820587686,11,51,-2.0416666666666665,3.4339872044851463
2018-04-01,2018-04,2018,4,30,30,False,False,Eastern Route to/from EHOA,0,0,0,0,3.3688721820587686,11,52,-1.9583333333333333,3.4011973816621555
2018-05-01,2018-05,2018,5,31,31,False,False,Eastern Route to/from EHOA,5,3,2,0,2.0,11,53,-1.875,3.4339872044851463
2018-06-01,2018-06,2018,6,30,30,False,False,Eastern Route to/from EHOA,67,2,62,0,3.0,11,54,-1.7916666666666667,3.4011973816621555
2018-07-01,2018-07,2018,7,31,31,False,False,Eastern Route to/from EHOA,8,3,6,0,1.6666666666666667,11,55,-1.7083333333333333,3.4339872044851463
2018-08-01,2018-08,2018,8,31,31,False,False,Eastern Route to/from EHOA,8,6,2,0,2.0,11,56,-1.625,3.4339872044851463
2018-09-01,2018-09,2018,9,30,30,False,False,Eastern Route to/from EHOA,17,3,15,0,2.0,11,57,-1.5416666666666667,3.4011973816621555
2018-10-01,2018-10,2018,10,31,31,False,False,Eastern Route to/from EHOA,7,5,2,0,2.0,11,58,-1.4583333333333333,3.4339872044851463
2018-11-01,2018-11,2018,11,30,30,False,False,Eastern Route to/from EHOA,0,0,0,0,3.3688721820587686,11,59,-1.375,3.4011973816621555
2018-12-01,2018-12,2018,12,31,31,False,False,Eastern Route to/from EHOA,4,2,2,0,3.0,11,60,-1.2916666666666667,3.4339872044851463
2019-01-01,2019-01,2019,1,31,31,False,False,Eastern Route to/from EHOA,71,2,70,0,4.0,11,61,-1.2083333333333333,3.4339872044851463
2019-02-01,2019-02,2019,2,28,28,False,False,Eastern Route to/from EHOA,2,2,1,0,4.0,11,62,-1.125,3.332204510175204
2019-03-01,2019-03,2019,3,31,31,False,False,Eastern Route to/from EHOA,2,1,2,0,4.0,11,63,-1.0416666666666667,3.4339872044851463
2019-04-01,2019-04,2019,4,30,30,False,False,Eastern Route to/from EHOA,2,2,1,0,4.0,11,64,-0.9583333333333334,3.4011973816621555
2019-05-01,2019-05,2019,5,31,31,False,False,Eastern Route to/from EHOA,2,2,1,0,2.0,11,65,-0.875,3.4339872044851463
2019-06-01,2019-06,2019,6,30,30,False,False,Eastern Route to/from EHOA,5,3,3,0,2.6666666666666665,11,66,-0.7916666666666666,3.4011973816621555
2019-07-01,2019-07,2019,7,31,31,False,False,Eastern Route to/from EHOA,32,5,15,0,2.8,11,67,-0.7083333333333334,3.4339872044851463
2019-08-01,2019-08,2019,8,31,31,False,False,Eastern Route to/from EHOA,18,4,6,0,3.0,11,68,-0.625,3.4339872044851463
2019-09-01,2019-09,2019,9,30,30,False,False,Eastern Route to/from EHOA,3,2,2,0,3.0,11,69,-0.5416666666666666,3.4011973816621555
2019-10-01,2019-10,2019,10,31,31,False,False,Eastern Route to/from EHOA,17,2,11,0,4.0,11,70,-0.4583333333333333,3.4339872044851463
2019-11-01,2019-11,2019,11,30,30,False,False,Eastern Route to/from EHOA,37,3,26,0,4.0,11,71,-0.375,3.4011973816621555
2019-12-01,2019-12,2019,12,31,31,False,False,Eastern Route to/from EHOA,14,3,12,0,4.0,11,72,-0.2916666666666667,3.4339872044851463
2020-01-01,2020-01,2020,1,31,31,False,False,Eastern Route to/from EHOA,0,0,0,0,3.3688721820587686,11,73,-0.20833333333333334,3.4339872044851463
2020-02-01,2020-02,2020,2,29,29,False,False,Eastern Route to/from EHOA,2,2,1,0,4.0,11,74,-0.125,3.367295829986474
2020-03-01,2020-03,2020,3,31,31,False,False,Eastern Route to/from EHOA,0,0,0,0,3.3688721820587686,11,75,-0.041666666666666664,3.4339872044851463
2020-04-01,2020-04,2020,4,30,30,False,False,Eastern Route to/from EHOA,0,0,0,0,3.3688721820587686,11,76,0.041666666666666664,3.4011973816621555
2020-05-01,2020-05,2020,5,31,31,False,False,Eastern Route to/from EHOA,0,0,0,0,3.3688721820587686,11,77,0.125,3.4339872044851463
2020-06-01,2020-06,2020,6,30,30,False,False,Eastern Route to/from EHOA,0,0,0,0,3.3688721820587686,11,78,0.20833333333333334,3.4011973816621555
2020-07-01,2020-07,2020,7,31,31,False,False,Eastern Route to/from EHOA,6,3,3,0,5.0,11,79,0.2916666666666667,3.4339872044851463
2020-08-01,2020-08,2020,8,31,31,False,False,Eastern Route to/from EHOA,20,7,14,0,4.714285714285714,11,80,0.375,3.4339872044851463
2020-09-01,2020-09,2020,9,30,30,False,False,Eastern Route to/from EHOA,1,1,1,0,4.0,11,81,0.4583333333333333,3.4011973816621555
2020-10-01,2020-10,2020,10,31,31,False,False,Eastern Route to/from EHOA,26,2,18,0,4.0,11,82,0.5416666666666666,3.4339872044851463
2020-11-01,2020-11,2020,11,30,30,False,False,Eastern Route to/from EHOA,1,1,1,0,4.0,11,83,0.625,3.4011973816621555
2020-12-01,2020-12,2020,12,31,31,False,False,Eastern Route to/from EHOA,1,1,1,0,4.0,11,84,0.7083333333333334,3.4339872044851463
2021-01-01,2021-01,2021,1,31,31,False,False,Eastern Route to/from EHOA,0,0,0,0,3.3688721820587686,11,85,0.7916666666666666,3.4339872044851463
2021-02-01,2021-02,2021,2,28,28,False,False,Eastern Route to/from EHOA,0,0,0,0,3.3688721820587686,11,86,0.875,3.332204510175204
2021-03-01,2021-03,2021,3,31,31,False,False,Eastern Route to/from EHOA,20,1,20,0,4.0,11,87,0.9583333333333334,3.4339872044851463
2021-04-01,2021-04,2021,4,30,30,False,False,Eastern Route to/from EHOA,48,5,44,0,4.0,11,88,1.0416666666666667,3.4011973816621555
2021-05-01,2021-05,2021,5,31,31,False,False,Eastern Route to/from EHOA,1,1,1,0,4.0,11,89,1.125,3.4339872044851463
2021-06-01,2021-06,2021,6,30,30,False,False,Eastern Route to/from EHOA,33,4,30,0,4.0,11,90,1.2083333333333333,3.4011973816621555
2021-07-01,2021-07,2021,7,31,31,False,False,Eastern Route to/from EHOA,2,2,1,0,4.0,11,91,1.2916666666666667,3.4339872044851463
2021-08-01,2021-08,2021,8,31,31,False,False,Eastern Route to/from EHOA,3,3,1,0,4.0,11,92,1.375,3.4339872044851463
2021-09-01,2021-09,2021,9,30,30,False,False,Eastern Route to/from EHOA,2,2,1,0,4.0,11,93,1.4583333333333333,3.4011973816621555
2021-10-01,2021-10,2021,10,31,31,False,False,Eastern Route to/from EHOA,0,0,0,0,3.3688721820587686,11,94,1.5416666666666667,3.4339872044851463
2021-11-01,2021-11,2021,11,30,30,False,False,Eastern Route to/from EHOA,2,2,1,0,5.0,11,95,1.625,3.4011973816621555
2021-12-01,2021-12,2021,12,31,31,False,False,Eastern Route to/from EHOA,2,2,1,0,4.0,11,96,1.7083333333333333,3.4339872044851463
2022-01-01,2022-01,2022,1,31,31,False,False,Eastern Route to/from EHOA,51,5,25,0,4.0,11,97,1.7916666666666667,3.4339872044851463
2022-02-01,2022-02,2022,2,28,28,False,False,Eastern Route to/from EHOA,272,10,160,1,4.1,11,98,1.875,3.332204510175204
2022-03-01,2022-03,2022,3,31,31,False,False,Eastern Route to/from EHOA,46,12,9,0,4.0,11,99,1.9583333333333333,3.4339872044851463
2022-04-01,2022-04,2022,4,30,30,False,False,Eastern Route to/from EHOA,165,9,39,0,3.7777777777777777,11,100,2.0416666666666665,3.4011973816621555
2022-05-01,2022-05,2022,5,31,31,False,False,Eastern Route to/from EHOA,66,13,20,0,3.8461538461538463,11,101,2.125,3.4339872044851463
2022-06-01,2022-06,2022,6,30,30,False,False,Eastern Route to/from EHOA,82,13,60,0,3.6153846153846154,11,102,2.2083333333333335,3.4011973816621555
2022-07-01,2022-07,2022,7,31,31,False,False,Eastern Route to/from EHOA,57,10,23,0,3.9,11,103,2.2916666666666665,3.4339872044851463
2022-08-01,2022-08,2022,8,31,31,False,False,Eastern Route to/from EHOA,40,10,10,0,4.0,11,104,2.375,3.4339872044851463
2022-09-01,2022-09,2022,9,30,30,False,False,Eastern Route to/from EHOA,27,8,7,0,3.75,11,105,2.4583333333333335,3.4011973816621555
2022-10-01,2022-10,2022,10,31,31,False,False,Eastern Route to/from EHOA,53,12,28,0,3.8333333333333335,11,106,2.5416666666666665,3.4339872044851463
2022-11-01,2022-11,2022,11,30,30,False,False,Eastern Route to/from EHOA,14,7,3,0,4.0,11,107,2.625,3.4011973816621555
2022-12-01,2022-12,2022,12,31,31,False,False,Eastern Route to/from EHOA,9,5,3,0,3.2,11,108,2.7083333333333335,3.4339872044851463
2023-01-01,2023-01,2023,1,31,31,False,False,Eastern Route to/from EHOA,12,8,3,0,3.5,11,109,2.7916666666666665,3.4339872044851463
2023-02-01,2023-02,2023,2,28,28,False,False,Eastern Route to/from EHOA,42,16,6,0,2.75,11,110,2.875,3.332204510175204
2023-03-01,2023-03,2023,3,31,31,False,False,Eastern Route to/from EHOA,58,17,11,0,4.0,11,111,2.9583333333333335,3.4339872044851463
2023-04-01,2023-04,2023,4,30,30,False,False,Eastern Route to/from EHOA,24,13,5,0,3.8461538461538463,11,112,3.0416666666666665,3.4011973816621555
2023-05-01,2023-05,2023,5,31,31,False,False,Eastern Route to/from EHOA,20,11,6,0,3.8181818181818183,11,113,3.125,3.4339872044851463
2023-06-01,2023-06,2023,6,30,30,False,False,Eastern Route to/from EHOA,263,15,227,1,4.0,11,114,3.2083333333333335,3.4011973816621555
2023-07-01,2023-07,2023,7,31,31,False,False,Eastern Route to/from EHOA,22,20,2,0,3.7,11,115,3.2916666666666665,3.4339872044851463
2023-08-01,2023-08,2023,8,31,31,False,False,Eastern Route to/from EHOA,64,15,37,0,4.066666666666666,11,116,3.375,3.4339872044851463
2023-09-01,2023-09,2023,9,30,30,False,False,Eastern Route to/from EHOA,66,17,19,0,3.6470588235294117,11,117,3.4583333333333335,3.4011973816621555
2023-10-01,2023-10,2023,10,31,31,False,False,Eastern Route to/from EHOA,16,9,4,0,4.0,11,118,3.5416666666666665,3.4339872044851463
2023-11-01,2023-11,2023,11,30,30,False,False,Eastern Route to/from EHOA,89,10,64,0,3.9,11,119,3.625,3.4011973816621555
2023-12-01,2023-12,2023,12,31,31,False,False,Eastern Route to/from EHOA,25,9,5,0,4.0,11,120,3.7083333333333335,3.4339872044851463
2024-01-01,2024-01,2024,1,31,31,False,False,Eastern Route to/from EHOA,8,4,3,0,4.0,11,121,3.7916666666666665,3.4339872044851463
2024-02-01,2024-02,2024,2,29,29,False,False,Eastern Route to/from EHOA,3,3,1,0,4.333333333333333,11,122,3.875,3.367295829986474
2024-03-01,2024-03,2024,3,31,31,False,False,Eastern Route to/from EHOA,1,1,1,0,4.0,11,123,3.9583333333333335,3.4339872044851463
2024-04-01,2024-04,2024,4,30,30,False,False,Eastern Route to/from EHOA,88,3,44,0,4.0,11,124,4.041666666666667,3.4011973816621555
2024-05-01,2024-05,2024,5,31,31,False,False,Eastern Route to/from EHOA,2,1,2,0,5.0,11,125,4.125,3.4339872044851463
2024-06-01,2024-06,2024,6,30,30,False,False,Eastern Route to/from EHOA,8,7,2,0,4.0,11,126,4.208333333333333,3.4011973816621555
2024-07-01,2024-07,2024,7,31,31,False,False,Eastern Route to/from EHOA,49,17,16,0,4.117647058823529,11,127,4.291666666666667,3.4339872044851463
2024-08-01,2024-08,2024,8,31,31,False,False,Eastern Route to/from EHOA,30,4,27,0,4.0,11,128,4.375,3.4339872044851463
2024-09-01,2024-09,2024,9,30,30,False,False,Eastern Route to/from EHOA,32,21,8,0,4.238095238095238,11,129,4.458333333333333,3.4011973816621555
2024-10-01,2024-10,2024,10,31,31,False,False,Eastern Route to/from EHOA,131,8,122,1,4.0,11,130,4.541666666666667,3.4339872044851463
2024-11-01,2024-11,2024,11,30,30,False,False,Eastern Route to/from EHOA,6,4,3,0,4.0,11,131,4.625,3.4011973816621555
2024-12-01,2024-12,2024,12,31,31,False,False,Eastern Route to/from EHOA,0,0,0,0,3.3688721820587686,11,132,4.708333333333333,3.4339872044851463
2025-01-01,2025-01,2025,1,31,31,False,False,Eastern Route to/from EHOA,22,3,20,0,3.6666666666666665,11,133,4.791666666666667,3.4339872044851463
2025-02-01,2025-02,2025,2,28,28,False,False,Eastern Route to/from EHOA,2,1,2,0,4.0,11,134,4.875,3.332204510175204
2025-03-01,2025-03,2025,3,31,31,False,False,Eastern Route to/from EHOA,261,8,181,1,3.875,11,135,4.958333333333333,3.4339872044851463
2025-04-01,2025-04,2025,4,30,30,False,False,Eastern Route to/from EHOA,3,2,2,0,3.5,11,136,5.041666666666667,3.4011973816621555
2025-05-01,2025-05,2025,5,31,31,False,False,Eastern Route to/from EHOA,14,10,3,0,4.1,11,137,5.125,3.4339872044851463
2025-06-01,2025-06,2025,6,30,30,False,False,Eastern Route to/from EHOA,247,25,185,1,4.24,11,138,5.208333333333333,3.4011973816621555
2025-07-01,2025-07,2025,7,31,31,False,False,Eastern Route to/from EHOA,68,47,16,0,4.319148936170213,11,139,5.291666666666667,3.4339872044851463
2025-08-01,2025-08,2025,8,31,31,False,False,Eastern Route to/from EHOA,261,18,188,1,4.222222222222222,11,140,5.375,3.4339872044851463
2025-09-01,2025-09,2025,9,30,30,False,False,Eastern Route to/from EHOA,12,9,2,0,4.444444444444445,11,141,5.458333333333333,3.4011973816621555
2025-10-01,2025-10,2025,10,31,31,False,False,Eastern Route to/from EHOA,6,6,1,0,4.0,11,142,5.541666666666667,3.4339872044851463
2025-11-01,2025-11,2025,11,30,30,False,False,Eastern Route to/from EHOA,20,10,10,0,4.1,11,143,5.625,3.4011973816621555
2025-12-01,2025-12,2025,12,31,31,False,False,Eastern Route to/from EHOA,2,2,1,0,4.0,11,144,5.708333333333333,3.4339872044851463
2026-01-01,2026-01,2026,1,31,31,False,True,Eastern Route to/from EHOA,24,3,22,0,4.333333333333333,11,145,5.791666666666667,3.4339872044851463
2026-02-01,2026-02,2026,2,28,28,False,True,Eastern Route to/from EHOA,0,0,0,0,3.3688721820587686,11,146,5.875,3.332204510175204
2026-03-01,2026-03,2026,3,31,31,False,True,Eastern Route to/from EHOA,70,10,54,0,3.6,11,147,5.958333333333333,3.4339872044851463
2026-04-01,2026-04,2026,4,30,30,False,True,Eastern Route to/from EHOA,11,3,6,0,4.0,11,148,6.041666666666667,3.4011973816621555
2026-05-01,2026-05,2026,5,31,31,False,True,Eastern Route to/from EHOA,22,18,5,0,3.611111111111111,11,149,6.125,3.4339872044851463
2026-06-01,2026-06,2026,6,16,30,True,True,Eastern Route to/from EHOA,5,2,4,0,4.0,11,150,6.208333333333333,2.772588722239781
2014-01-01,2014-01,2014,1,31,31,False,False,Haiti to Dominican Republic,0,0,0,0,3.3688721820587686,12,1,-6.208333333333333,3.4339872044851463
2014-02-01,2014-02,2014,2,28,28,False,False,Haiti to Dominican Republic,8,1,8,0,1.0,12,2,-6.125,3.332204510175204
2014-03-01,2014-03,2014,3,31,31,False,False,Haiti to Dominican Republic,0,0,0,0,3.3688721820587686,12,3,-6.041666666666667,3.4339872044851463
2014-04-01,2014-04,2014,4,30,30,False,False,Haiti to Dominican Republic,0,0,0,0,3.3688721820587686,12,4,-5.958333333333333,3.4011973816621555
2014-05-01,2014-05,2014,5,31,31,False,False,Haiti to Dominican Republic,0,0,0,0,3.3688721820587686,12,5,-5.875,3.4339872044851463
2014-06-01,2014-06,2014,6,30,30,False,False,Haiti to Dominican Republic,0,0,0,0,3.3688721820587686,12,6,-5.791666666666667,3.4011973816621555
2014-07-01,2014-07,2014,7,31,31,False,False,Haiti to Dominican Republic,0,0,0,0,3.3688721820587686,12,7,-5.708333333333333,3.4339872044851463
2014-08-01,2014-08,2014,8,31,31,False,False,Haiti to Dominican Republic,0,0,0,0,3.3688721820587686,12,8,-5.625,3.4339872044851463
2014-09-01,2014-09,2014,9,30,30,False,False,Haiti to Dominican Republic,0,0,0,0,3.3688721820587686,12,9,-5.541666666666667,3.4011973816621555
2014-10-01,2014-10,2014,10,31,31,False,False,Haiti to Dominican Republic,0,0,0,0,3.3688721820587686,12,10,-5.458333333333333,3.4339872044851463
2014-11-01,2014-11,2014,11,30,30,False,False,Haiti to Dominican Republic,0,0,0,0,3.3688721820587686,12,11,-5.375,3.4011973816621555
2014-12-01,2014-12,2014,12,31,31,False,False,Haiti to Dominican Republic,0,0,0,0,3.3688721820587686,12,12,-5.291666666666667,3.4339872044851463
2015-01-01,2015-01,2015,1,31,31,False,False,Haiti to Dominican Republic,1,1,1,0,3.0,12,13,-5.208333333333333,3.4339872044851463
2015-02-01,2015-02,2015,2,28,28,False,False,Haiti to Dominican Republic,0,0,0,0,3.3688721820587686,12,14,-5.125,3.332204510175204
2015-03-01,2015-03,2015,3,31,31,False,False,Haiti to Dominican Republic,1,1,1,0,3.0,12,15,-5.041666666666667,3.4339872044851463
2015-04-01,2015-04,2015,4,30,30,False,False,Haiti to Dominican Republic,0,0,0,0,3.3688721820587686,12,16,-4.958333333333333,3.4011973816621555
2015-05-01,2015-05,2015,5,31,31,False,False,Haiti to Dominican Republic,0,0,0,0,3.3688721820587686,12,17,-4.875,3.4339872044851463
2015-06-01,2015-06,2015,6,30,30,False,False,Haiti to Dominican Republic,0,0,0,0,3.3688721820587686,12,18,-4.791666666666667,3.4011973816621555
2015-07-01,2015-07,2015,7,31,31,False,False,Haiti to Dominican Republic,0,0,0,0,3.3688721820587686,12,19,-4.708333333333333,3.4339872044851463
2015-08-01,2015-08,2015,8,31,31,False,False,Haiti to Dominican Republic,0,0,0,0,3.3688721820587686,12,20,-4.625,3.4339872044851463
2015-09-01,2015-09,2015,9,30,30,False,False,Haiti to Dominican Republic,0,0,0,0,3.3688721820587686,12,21,-4.541666666666667,3.4011973816621555
2015-10-01,2015-10,2015,10,31,31,False,False,Haiti to Dominican Republic,3,1,3,0,1.0,12,22,-4.458333333333333,3.4339872044851463
2015-11-01,2015-11,2015,11,30,30,False,False,Haiti to Dominican Republic,0,0,0,0,3.3688721820587686,12,23,-4.375,3.4011973816621555
2015-12-01,2015-12,2015,12,31,31,False,False,Haiti to Dominican Republic,0,0,0,0,3.3688721820587686,12,24,-4.291666666666667,3.4339872044851463
2016-01-01,2016-01,2016,1,31,31,False,False,Haiti to Dominican Republic,0,0,0,0,3.3688721820587686,12,25,-4.208333333333333,3.4339872044851463
2016-02-01,2016-02,2016,2,29,29,False,False,Haiti to Dominican Republic,1,1,1,0,1.0,12,26,-4.125,3.367295829986474
2016-03-01,2016-03,2016,3,31,31,False,False,Haiti to Dominican Republic,0,0,0,0,3.3688721820587686,12,27,-4.041666666666667,3.4339872044851463
2016-04-01,2016-04,2016,4,30,30,False,False,Haiti to Dominican Republic,0,0,0,0,3.3688721820587686,12,28,-3.9583333333333335,3.4011973816621555
2016-05-01,2016-05,2016,5,31,31,False,False,Haiti to Dominican Republic,0,0,0,0,3.3688721820587686,12,29,-3.875,3.4339872044851463
2016-06-01,2016-06,2016,6,30,30,False,False,Haiti to Dominican Republic,0,0,0,0,3.3688721820587686,12,30,-3.7916666666666665,3.4011973816621555
2016-07-01,2016-07,2016,7,31,31,False,False,Haiti to Dominican Republic,1,1,1,0,1.0,12,31,-3.7083333333333335,3.4339872044851463
2016-08-01,2016-08,2016,8,31,31,False,False,Haiti to Dominican Republic,0,0,0,0,3.3688721820587686,12,32,-3.625,3.4339872044851463
2016-09-01,2016-09,2016,9,30,30,False,False,Haiti to Dominican Republic,0,0,0,0,3.3688721820587686,12,33,-3.5416666666666665,3.4011973816621555
2016-10-01,2016-10,2016,10,31,31,False,False,Haiti to Dominican Republic,0,0,0,0,3.3688721820587686,12,34,-3.4583333333333335,3.4339872044851463
2016-11-01,2016-11,2016,11,30,30,False,False,Haiti to Dominican Republic,0,0,0,0,3.3688721820587686,12,35,-3.375,3.4011973816621555
2016-12-01,2016-12,2016,12,31,31,False,False,Haiti to Dominican Republic,0,0,0,0,3.3688721820587686,12,36,-3.2916666666666665,3.4339872044851463
2017-01-01,2017-01,2017,1,31,31,False,False,Haiti to Dominican Republic,1,1,1,0,1.0,12,37,-3.2083333333333335,3.4339872044851463
2017-02-01,2017-02,2017,2,28,28,False,False,Haiti to Dominican Republic,0,0,0,0,3.3688721820587686,12,38,-3.125,3.332204510175204
2017-03-01,2017-03,2017,3,31,31,False,False,Haiti to Dominican Republic,0,0,0,0,3.3688721820587686,12,39,-3.0416666666666665,3.4339872044851463
2017-04-01,2017-04,2017,4,30,30,False,False,Haiti to Dominican Republic,0,0,0,0,3.3688721820587686,12,40,-2.9583333333333335,3.4011973816621555
2017-05-01,2017-05,2017,5,31,31,False,False,Haiti to Dominican Republic,0,0,0,0,3.3688721820587686,12,41,-2.875,3.4339872044851463
2017-06-01,2017-06,2017,6,30,30,False,False,Haiti to Dominican Republic,0,0,0,0,3.3688721820587686,12,42,-2.7916666666666665,3.4011973816621555
2017-07-01,2017-07,2017,7,31,31,False,False,Haiti to Dominican Republic,6,1,6,0,4.0,12,43,-2.7083333333333335,3.4339872044851463
2017-08-01,2017-08,2017,8,31,31,False,False,Haiti to Dominican Republic,0,0,0,0,3.3688721820587686,12,44,-2.625,3.4339872044851463
2017-09-01,2017-09,2017,9,30,30,False,False,Haiti to Dominican Republic,0,0,0,0,3.3688721820587686,12,45,-2.5416666666666665,3.4011973816621555
2017-10-01,2017-10,2017,10,31,31,False,False,Haiti to Dominican Republic,0,0,0,0,3.3688721820587686,12,46,-2.4583333333333335,3.4339872044851463
2017-11-01,2017-11,2017,11,30,30,False,False,Haiti to Dominican Republic,3,1,3,0,3.0,12,47,-2.375,3.4011973816621555
2017-12-01,2017-12,2017,12,31,31,False,False,Haiti to Dominican Republic,0,0,0,0,3.3688721820587686,12,48,-2.2916666666666665,3.4339872044851463
2018-01-01,2018-01,2018,1,31,31,False,False,Haiti to Dominican Republic,0,0,0,0,3.3688721820587686,12,49,-2.2083333333333335,3.4339872044851463
2018-02-01,2018-02,2018,2,28,28,False,False,Haiti to Dominican Republic,0,0,0,0,3.3688721820587686,12,50,-2.125,3.332204510175204
2018-03-01,2018-03,2018,3,31,31,False,False,Haiti to Dominican Republic,0,0,0,0,3.3688721820587686,12,51,-2.0416666666666665,3.4339872044851463
2018-04-01,2018-04,2018,4,30,30,False,False,Haiti to Dominican Republic,1,1,1,0,3.0,12,52,-1.9583333333333333,3.4011973816621555
2018-05-01,2018-05,2018,5,31,31,False,False,Haiti to Dominican Republic,0,0,0,0,3.3688721820587686,12,53,-1.875,3.4339872044851463
2018-06-01,2018-06,2018,6,30,30,False,False,Haiti to Dominican Republic,0,0,0,0,3.3688721820587686,12,54,-1.7916666666666667,3.4011973816621555
2018-07-01,2018-07,2018,7,31,31,False,False,Haiti to Dominican Republic,0,0,0,0,3.3688721820587686,12,55,-1.7083333333333333,3.4339872044851463
2018-08-01,2018-08,2018,8,31,31,False,False,Haiti to Dominican Republic,0,0,0,0,3.3688721820587686,12,56,-1.625,3.4339872044851463
2018-09-01,2018-09,2018,9,30,30,False,False,Haiti to Dominican Republic,0,0,0,0,3.3688721820587686,12,57,-1.5416666666666667,3.4011973816621555
2018-10-01,2018-10,2018,10,31,31,False,False,Haiti to Dominican Republic,0,0,0,0,3.3688721820587686,12,58,-1.4583333333333333,3.4339872044851463
2018-11-01,2018-11,2018,11,30,30,False,False,Haiti to Dominican Republic,0,0,0,0,3.3688721820587686,12,59,-1.375,3.4011973816621555
2018-12-01,2018-12,2018,12,31,31,False,False,Haiti to Dominican Republic,0,0,0,0,3.3688721820587686,12,60,-1.2916666666666667,3.4339872044851463
2019-01-01,2019-01,2019,1,31,31,False,False,Haiti to Dominican Republic,0,0,0,0,3.3688721820587686,12,61,-1.2083333333333333,3.4339872044851463
2019-02-01,2019-02,2019,2,28,28,False,False,Haiti to Dominican Republic,0,0,0,0,3.3688721820587686,12,62,-1.125,3.332204510175204
2019-03-01,2019-03,2019,3,31,31,False,False,Haiti to Dominican Republic,0,0,0,0,3.3688721820587686,12,63,-1.0416666666666667,3.4339872044851463
2019-04-01,2019-04,2019,4,30,30,False,False,Haiti to Dominican Republic,0,0,0,0,3.3688721820587686,12,64,-0.9583333333333334,3.4011973816621555
2019-05-01,2019-05,2019,5,31,31,False,False,Haiti to Dominican Republic,0,0,0,0,3.3688721820587686,12,65,-0.875,3.4339872044851463
2019-06-01,2019-06,2019,6,30,30,False,False,Haiti to Dominican Republic,0,0,0,0,3.3688721820587686,12,66,-0.7916666666666666,3.4011973816621555
2019-07-01,2019-07,2019,7,31,31,False,False,Haiti to Dominican Republic,8,1,8,0,3.0,12,67,-0.7083333333333334,3.4339872044851463
2019-08-01,2019-08,2019,8,31,31,False,False,Haiti to Dominican Republic,0,0,0,0,3.3688721820587686,12,68,-0.625,3.4339872044851463
2019-09-01,2019-09,2019,9,30,30,False,False,Haiti to Dominican Republic,0,0,0,0,3.3688721820587686,12,69,-0.5416666666666666,3.4011973816621555
2019-10-01,2019-10,2019,10,31,31,False,False,Haiti to Dominican Republic,3,1,3,0,3.0,12,70,-0.4583333333333333,3.4339872044851463
2019-11-01,2019-11,2019,11,30,30,False,False,Haiti to Dominican Republic,0,0,0,0,3.3688721820587686,12,71,-0.375,3.4011973816621555
2019-12-01,2019-12,2019,12,31,31,False,False,Haiti to Dominican Republic,0,0,0,0,3.3688721820587686,12,72,-0.2916666666666667,3.4339872044851463
2020-01-01,2020-01,2020,1,31,31,False,False,Haiti to Dominican Republic,0,0,0,0,3.3688721820587686,12,73,-0.20833333333333334,3.4339872044851463
2020-02-01,2020-02,2020,2,29,29,False,False,Haiti to Dominican Republic,0,0,0,0,3.3688721820587686,12,74,-0.125,3.367295829986474
2020-03-01,2020-03,2020,3,31,31,False,False,Haiti to Dominican Republic,0,0,0,0,3.3688721820587686,12,75,-0.041666666666666664,3.4339872044851463
2020-04-01,2020-04,2020,4,30,30,False,False,Haiti to Dominican Republic,0,0,0,0,3.3688721820587686,12,76,0.041666666666666664,3.4011973816621555
2020-05-01,2020-05,2020,5,31,31,False,False,Haiti to Dominican Republic,0,0,0,0,3.3688721820587686,12,77,0.125,3.4339872044851463
2020-06-01,2020-06,2020,6,30,30,False,False,Haiti to Dominican Republic,0,0,0,0,3.3688721820587686,12,78,0.20833333333333334,3.4011973816621555
2020-07-01,2020-07,2020,7,31,31,False,False,Haiti to Dominican Republic,0,0,0,0,3.3688721820587686,12,79,0.2916666666666667,3.4339872044851463
2020-08-01,2020-08,2020,8,31,31,False,False,Haiti to Dominican Republic,0,0,0,0,3.3688721820587686,12,80,0.375,3.4339872044851463
2020-09-01,2020-09,2020,9,30,30,False,False,Haiti to Dominican Republic,0,0,0,0,3.3688721820587686,12,81,0.4583333333333333,3.4011973816621555
2020-10-01,2020-10,2020,10,31,31,False,False,Haiti to Dominican Republic,0,0,0,0,3.3688721820587686,12,82,0.5416666666666666,3.4339872044851463
2020-11-01,2020-11,2020,11,30,30,False,False,Haiti to Dominican Republic,0,0,0,0,3.3688721820587686,12,83,0.625,3.4011973816621555
2020-12-01,2020-12,2020,12,31,31,False,False,Haiti to Dominican Republic,0,0,0,0,3.3688721820587686,12,84,0.7083333333333334,3.4339872044851463
2021-01-01,2021-01,2021,1,31,31,False,False,Haiti to Dominican Republic,0,0,0,0,3.3688721820587686,12,85,0.7916666666666666,3.4339872044851463
2021-02-01,2021-02,2021,2,28,28,False,False,Haiti to Dominican Republic,1,1,1,0,1.0,12,86,0.875,3.332204510175204
2021-03-01,2021-03,2021,3,31,31,False,False,Haiti to Dominican Republic,0,0,0,0,3.3688721820587686,12,87,0.9583333333333334,3.4339872044851463
2021-04-01,2021-04,2021,4,30,30,False,False,Haiti to Dominican Republic,0,0,0,0,3.3688721820587686,12,88,1.0416666666666667,3.4011973816621555
2021-05-01,2021-05,2021,5,31,31,False,False,Haiti to Dominican Republic,0,0,0,0,3.3688721820587686,12,89,1.125,3.4339872044851463
2021-06-01,2021-06,2021,6,30,30,False,False,Haiti to Dominican Republic,0,0,0,0,3.3688721820587686,12,90,1.2083333333333333,3.4011973816621555
2021-07-01,2021-07,2021,7,31,31,False,False,Haiti to Dominican Republic,0,0,0,0,3.3688721820587686,12,91,1.2916666666666667,3.4339872044851463
2021-08-01,2021-08,2021,8,31,31,False,False,Haiti to Dominican Republic,0,0,0,0,3.3688721820587686,12,92,1.375,3.4339872044851463
2021-09-01,2021-09,2021,9,30,30,False,False,Haiti to Dominican Republic,0,0,0,0,3.3688721820587686,12,93,1.4583333333333333,3.4011973816621555
2021-10-01,2021-10,2021,10,31,31,False,False,Haiti to Dominican Republic,0,0,0,0,3.3688721820587686,12,94,1.5416666666666667,3.4339872044851463
2021-11-01,2021-11,2021,11,30,30,False,False,Haiti to Dominican Republic,0,0,0,0,3.3688721820587686,12,95,1.625,3.4011973816621555
2021-12-01,2021-12,2021,12,31,31,False,False,Haiti to Dominican Republic,0,0,0,0,3.3688721820587686,12,96,1.7083333333333333,3.4339872044851463
2022-01-01,2022-01,2022,1,31,31,False,False,Haiti to Dominican Republic,0,0,0,0,3.3688721820587686,12,97,1.7916666666666667,3.4339872044851463
2022-02-01,2022-02,2022,2,28,28,False,False,Haiti to Dominican Republic,6,2,4,0,4.0,12,98,1.875,3.332204510175204
2022-03-01,2022-03,2022,3,31,31,False,False,Haiti to Dominican Republic,0,0,0,0,3.3688721820587686,12,99,1.9583333333333333,3.4339872044851463
2022-04-01,2022-04,2022,4,30,30,False,False,Haiti to Dominican Republic,0,0,0,0,3.3688721820587686,12,100,2.0416666666666665,3.4011973816621555
2022-05-01,2022-05,2022,5,31,31,False,False,Haiti to Dominican Republic,0,0,0,0,3.3688721820587686,12,101,2.125,3.4339872044851463
2022-06-01,2022-06,2022,6,30,30,False,False,Haiti to Dominican Republic,0,0,0,0,3.3688721820587686,12,102,2.2083333333333335,3.4011973816621555
2022-07-01,2022-07,2022,7,31,31,False,False,Haiti to Dominican Republic,0,0,0,0,3.3688721820587686,12,103,2.2916666666666665,3.4339872044851463
2022-08-01,2022-08,2022,8,31,31,False,False,Haiti to Dominican Republic,0,0,0,0,3.3688721820587686,12,104,2.375,3.4339872044851463
2022-09-01,2022-09,2022,9,30,30,False,False,Haiti to Dominican Republic,0,0,0,0,3.3688721820587686,12,105,2.4583333333333335,3.4011973816621555
2022-10-01,2022-10,2022,10,31,31,False,False,Haiti to Dominican Republic,0,0,0,0,3.3688721820587686,12,106,2.5416666666666665,3.4339872044851463
2022-11-01,2022-11,2022,11,30,30,False,False,Haiti to Dominican Republic,0,0,0,0,3.3688721820587686,12,107,2.625,3.4011973816621555
2022-12-01,2022-12,2022,12,31,31,False,False,Haiti to Dominican Republic,0,0,0,0,3.3688721820587686,12,108,2.7083333333333335,3.4339872044851463
2023-01-01,2023-01,2023,1,31,31,False,False,Haiti to Dominican Republic,4,1,4,0,3.0,12,109,2.7916666666666665,3.4339872044851463
2023-02-01,2023-02,2023,2,28,28,False,False,Haiti to Dominican Republic,0,0,0,0,3.3688721820587686,12,110,2.875,3.332204510175204
2023-03-01,2023-03,2023,3,31,31,False,False,Haiti to Dominican Republic,0,0,0,0,3.3688721820587686,12,111,2.9583333333333335,3.4339872044851463
2023-04-01,2023-04,2023,4,30,30,False,False,Haiti to Dominican Republic,0,0,0,0,3.3688721820587686,12,112,3.0416666666666665,3.4011973816621555
2023-05-01,2023-05,2023,5,31,31,False,False,Haiti to Dominican Republic,0,0,0,0,3.3688721820587686,12,113,3.125,3.4339872044851463
2023-06-01,2023-06,2023,6,30,30,False,False,Haiti to Dominican Republic,0,0,0,0,3.3688721820587686,12,114,3.2083333333333335,3.4011973816621555
2023-07-01,2023-07,2023,7,31,31,False,False,Haiti to Dominican Republic,0,0,0,0,3.3688721820587686,12,115,3.2916666666666665,3.4339872044851463
2023-08-01,2023-08,2023,8,31,31,False,False,Haiti to Dominican Republic,0,0,0,0,3.3688721820587686,12,116,3.375,3.4339872044851463
2023-09-01,2023-09,2023,9,30,30,False,False,Haiti to Dominican Republic,0,0,0,0,3.3688721820587686,12,117,3.4583333333333335,3.4011973816621555
2023-10-01,2023-10,2023,10,31,31,False,False,Haiti to Dominican Republic,0,0,0,0,3.3688721820587686,12,118,3.5416666666666665,3.4339872044851463
2023-11-01,2023-11,2023,11,30,30,False,False,Haiti to Dominican Republic,0,0,0,0,3.3688721820587686,12,119,3.625,3.4011973816621555
2023-12-01,2023-12,2023,12,31,31,False,False,Haiti to Dominican Republic,0,0,0,0,3.3688721820587686,12,120,3.7083333333333335,3.4339872044851463
2024-01-01,2024-01,2024,1,31,31,False,False,Haiti to Dominican Republic,1,1,1,0,3.0,12,121,3.7916666666666665,3.4339872044851463
2024-02-01,2024-02,2024,2,29,29,False,False,Haiti to Dominican Republic,0,0,0,0,3.3688721820587686,12,122,3.875,3.367295829986474
2024-03-01,2024-03,2024,3,31,31,False,False,Haiti to Dominican Republic,0,0,0,0,3.3688721820587686,12,123,3.9583333333333335,3.4339872044851463
2024-04-01,2024-04,2024,4,30,30,False,False,Haiti to Dominican Republic,0,0,0,0,3.3688721820587686,12,124,4.041666666666667,3.4011973816621555
2024-05-01,2024-05,2024,5,31,31,False,False,Haiti to Dominican Republic,0,0,0,0,3.3688721820587686,12,125,4.125,3.4339872044851463
2024-06-01,2024-06,2024,6,30,30,False,False,Haiti to Dominican Republic,0,0,0,0,3.3688721820587686,12,126,4.208333333333333,3.4011973816621555
2024-07-01,2024-07,2024,7,31,31,False,False,Haiti to Dominican Republic,0,0,0,0,3.3688721820587686,12,127,4.291666666666667,3.4339872044851463
2024-08-01,2024-08,2024,8,31,31,False,False,Haiti to Dominican Republic,0,0,0,0,3.3688721820587686,12,128,4.375,3.4339872044851463
2024-09-01,2024-09,2024,9,30,30,False,False,Haiti to Dominican Republic,0,0,0,0,3.3688721820587686,12,129,4.458333333333333,3.4011973816621555
2024-10-01,2024-10,2024,10,31,31,False,False,Haiti to Dominican Republic,0,0,0,0,3.3688721820587686,12,130,4.541666666666667,3.4339872044851463
2024-11-01,2024-11,2024,11,30,30,False,False,Haiti to Dominican Republic,0,0,0,0,3.3688721820587686,12,131,4.625,3.4011973816621555
2024-12-01,2024-12,2024,12,31,31,False,False,Haiti to Dominican Republic,0,0,0,0,3.3688721820587686,12,132,4.708333333333333,3.4339872044851463
2025-01-01,2025-01,2025,1,31,31,False,False,Haiti to Dominican Republic,0,0,0,0,3.3688721820587686,12,133,4.791666666666667,3.4339872044851463
2025-02-01,2025-02,2025,2,28,28,False,False,Haiti to Dominican Republic,0,0,0,0,3.3688721820587686,12,134,4.875,3.332204510175204
2025-03-01,2025-03,2025,3,31,31,False,False,Haiti to Dominican Republic,0,0,0,0,3.3688721820587686,12,135,4.958333333333333,3.4339872044851463
2025-04-01,2025-04,2025,4,30,30,False,False,Haiti to Dominican Republic,0,0,0,0,3.3688721820587686,12,136,5.041666666666667,3.4011973816621555
2025-05-01,2025-05,2025,5,31,31,False,False,Haiti to Dominican Republic,0,0,0,0,3.3688721820587686,12,137,5.125,3.4339872044851463
2025-06-01,2025-06,2025,6,30,30,False,False,Haiti to Dominican Republic,0,0,0,0,3.3688721820587686,12,138,5.208333333333333,3.4011973816621555
2025-07-01,2025-07,2025,7,31,31,False,False,Haiti to Dominican Republic,0,0,0,0,3.3688721820587686,12,139,5.291666666666667,3.4339872044851463
2025-08-01,2025-08,2025,8,31,31,False,False,Haiti to Dominican Republic,0,0,0,0,3.3688721820587686,12,140,5.375,3.4339872044851463
2025-09-01,2025-09,2025,9,30,30,False,False,Haiti to Dominican Republic,0,0,0,0,3.3688721820587686,12,141,5.458333333333333,3.4011973816621555
2025-10-01,2025-10,2025,10,31,31,False,False,Haiti to Dominican Republic,0,0,0,0,3.3688721820587686,12,142,5.541666666666667,3.4339872044851463
2025-11-01,2025-11,2025,11,30,30,False,False,Haiti to Dominican Republic,0,0,0,0,3.3688721820587686,12,143,5.625,3.4011973816621555
2025-12-01,2025-12,2025,12,31,31,False,False,Haiti to Dominican Republic,0,0,0,0,3.3688721820587686,12,144,5.708333333333333,3.4339872044851463
2026-01-01,2026-01,2026,1,31,31,False,True,Haiti to Dominican Republic,5,1,5,0,3.0,12,145,5.791666666666667,3.4339872044851463
2026-02-01,2026-02,2026,2,28,28,False,True,Haiti to Dominican Republic,0,0,0,0,3.3688721820587686,12,146,5.875,3.332204510175204
2026-03-01,2026-03,2026,3,31,31,False,True,Haiti to Dominican Republic,0,0,0,0,3.3688721820587686,12,147,5.958333333333333,3.4339872044851463
2026-04-01,2026-04,2026,4,30,30,False,True,Haiti to Dominican Republic,0,0,0,0,3.3688721820587686,12,148,6.041666666666667,3.4011973816621555
2026-05-01,2026-05,2026,5,31,31,False,True,Haiti to Dominican Republic,0,0,0,0,3.3688721820587686,12,149,6.125,3.4339872044851463
2026-06-01,2026-06,2026,6,16,30,True,True,Haiti to Dominican Republic,0,0,0,0,3.3688721820587686,12,150,6.208333333333333,2.772588722239781
2014-01-01,2014-01,2014,1,31,31,False,False,Horn of Africa Route,0,0,0,0,3.3688721820587686,13,1,-6.208333333333333,3.4339872044851463
2014-02-01,2014-02,2014,2,28,28,False,False,Horn of Africa Route,0,0,0,0,3.3688721820587686,13,2,-6.125,3.332204510175204
2014-03-01,2014-03,2014,3,31,31,False,False,Horn of Africa Route,0,0,0,0,3.3688721820587686,13,3,-6.041666666666667,3.4339872044851463
2014-04-01,2014-04,2014,4,30,30,False,False,Horn of Africa Route,0,0,0,0,3.3688721820587686,13,4,-5.958333333333333,3.4011973816621555
2014-05-01,2014-05,2014,5,31,31,False,False,Horn of Africa Route,0,0,0,0,3.3688721820587686,13,5,-5.875,3.4339872044851463
2014-06-01,2014-06,2014,6,30,30,False,False,Horn of Africa Route,0,0,0,0,3.3688721820587686,13,6,-5.791666666666667,3.4011973816621555
2014-07-01,2014-07,2014,7,31,31,False,False,Horn of Africa Route,0,0,0,0,3.3688721820587686,13,7,-5.708333333333333,3.4339872044851463
2014-08-01,2014-08,2014,8,31,31,False,False,Horn of Africa Route,0,0,0,0,3.3688721820587686,13,8,-5.625,3.4339872044851463
2014-09-01,2014-09,2014,9,30,30,False,False,Horn of Africa Route,0,0,0,0,3.3688721820587686,13,9,-5.541666666666667,3.4011973816621555
2014-10-01,2014-10,2014,10,31,31,False,False,Horn of Africa Route,0,0,0,0,3.3688721820587686,13,10,-5.458333333333333,3.4339872044851463
2014-11-01,2014-11,2014,11,30,30,False,False,Horn of Africa Route,0,0,0,0,3.3688721820587686,13,11,-5.375,3.4011973816621555
2014-12-01,2014-12,2014,12,31,31,False,False,Horn of Africa Route,0,0,0,0,3.3688721820587686,13,12,-5.291666666666667,3.4339872044851463
2015-01-01,2015-01,2015,1,31,31,False,False,Horn of Africa Route,0,0,0,0,3.3688721820587686,13,13,-5.208333333333333,3.4339872044851463
2015-02-01,2015-02,2015,2,28,28,False,False,Horn of Africa Route,0,0,0,0,3.3688721820587686,13,14,-5.125,3.332204510175204
2015-03-01,2015-03,2015,3,31,31,False,False,Horn of Africa Route,0,0,0,0,3.3688721820587686,13,15,-5.041666666666667,3.4339872044851463
2015-04-01,2015-04,2015,4,30,30,False,False,Horn of Africa Route,0,0,0,0,3.3688721820587686,13,16,-4.958333333333333,3.4011973816621555
2015-05-01,2015-05,2015,5,31,31,False,False,Horn of Africa Route,0,0,0,0,3.3688721820587686,13,17,-4.875,3.4339872044851463
2015-06-01,2015-06,2015,6,30,30,False,False,Horn of Africa Route,0,0,0,0,3.3688721820587686,13,18,-4.791666666666667,3.4011973816621555
2015-07-01,2015-07,2015,7,31,31,False,False,Horn of Africa Route,0,0,0,0,3.3688721820587686,13,19,-4.708333333333333,3.4339872044851463
2015-08-01,2015-08,2015,8,31,31,False,False,Horn of Africa Route,0,0,0,0,3.3688721820587686,13,20,-4.625,3.4339872044851463
2015-09-01,2015-09,2015,9,30,30,False,False,Horn of Africa Route,0,0,0,0,3.3688721820587686,13,21,-4.541666666666667,3.4011973816621555
2015-10-01,2015-10,2015,10,31,31,False,False,Horn of Africa Route,0,0,0,0,3.3688721820587686,13,22,-4.458333333333333,3.4339872044851463
2015-11-01,2015-11,2015,11,30,30,False,False,Horn of Africa Route,0,0,0,0,3.3688721820587686,13,23,-4.375,3.4011973816621555
2015-12-01,2015-12,2015,12,31,31,False,False,Horn of Africa Route,0,0,0,0,3.3688721820587686,13,24,-4.291666666666667,3.4339872044851463
2016-01-01,2016-01,2016,1,31,31,False,False,Horn of Africa Route,4,2,2,0,2.0,13,25,-4.208333333333333,3.4339872044851463
2016-02-01,2016-02,2016,2,29,29,False,False,Horn of Africa Route,0,0,0,0,3.3688721820587686,13,26,-4.125,3.367295829986474
2016-03-01,2016-03,2016,3,31,31,False,False,Horn of Africa Route,2,2,1,0,2.0,13,27,-4.041666666666667,3.4339872044851463
2016-04-01,2016-04,2016,4,30,30,False,False,Horn of Africa Route,0,0,0,0,3.3688721820587686,13,28,-3.9583333333333335,3.4011973816621555
2016-05-01,2016-05,2016,5,31,31,False,False,Horn of Africa Route,1,1,1,0,2.0,13,29,-3.875,3.4339872044851463
2016-06-01,2016-06,2016,6,30,30,False,False,Horn of Africa Route,2,1,2,0,2.0,13,30,-3.7916666666666665,3.4011973816621555
2016-07-01,2016-07,2016,7,31,31,False,False,Horn of Africa Route,0,0,0,0,3.3688721820587686,13,31,-3.7083333333333335,3.4339872044851463
2016-08-01,2016-08,2016,8,31,31,False,False,Horn of Africa Route,1,1,1,0,2.0,13,32,-3.625,3.4339872044851463
2016-09-01,2016-09,2016,9,30,30,False,False,Horn of Africa Route,3,3,1,0,2.0,13,33,-3.5416666666666665,3.4011973816621555
2016-10-01,2016-10,2016,10,31,31,False,False,Horn of Africa Route,0,0,0,0,3.3688721820587686,13,34,-3.4583333333333335,3.4339872044851463
2016-11-01,2016-11,2016,11,30,30,False,False,Horn of Africa Route,3,3,1,0,2.0,13,35,-3.375,3.4011973816621555
2016-12-01,2016-12,2016,12,31,31,False,False,Horn of Africa Route,3,3,1,0,2.0,13,36,-3.2916666666666665,3.4339872044851463
2017-01-01,2017-01,2017,1,31,31,False,False,Horn of Africa Route,3,2,2,0,2.0,13,37,-3.2083333333333335,3.4339872044851463
2017-02-01,2017-02,2017,2,28,28,False,False,Horn of Africa Route,0,0,0,0,3.3688721820587686,13,38,-3.125,3.332204510175204
2017-03-01,2017-03,2017,3,31,31,False,False,Horn of Africa Route,0,0,0,0,3.3688721820587686,13,39,-3.0416666666666665,3.4339872044851463
2017-04-01,2017-04,2017,4,30,30,False,False,Horn of Africa Route,0,0,0,0,3.3688721820587686,13,40,-2.9583333333333335,3.4011973816621555
2017-05-01,2017-05,2017,5,31,31,False,False,Horn of Africa Route,0,0,0,0,3.3688721820587686,13,41,-2.875,3.4339872044851463
2017-06-01,2017-06,2017,6,30,30,False,False,Horn of Africa Route,0,0,0,0,3.3688721820587686,13,42,-2.7916666666666665,3.4011973816621555
2017-07-01,2017-07,2017,7,31,31,False,False,Horn of Africa Route,4,1,4,0,2.0,13,43,-2.7083333333333335,3.4339872044851463
2017-08-01,2017-08,2017,8,31,31,False,False,Horn of Africa Route,2,2,1,0,2.0,13,44,-2.625,3.4339872044851463
2017-09-01,2017-09,2017,9,30,30,False,False,Horn of Africa Route,1,1,1,0,2.0,13,45,-2.5416666666666665,3.4011973816621555
2017-10-01,2017-10,2017,10,31,31,False,False,Horn of Africa Route,0,0,0,0,3.3688721820587686,13,46,-2.4583333333333335,3.4339872044851463
2017-11-01,2017-11,2017,11,30,30,False,False,Horn of Africa Route,0,0,0,0,3.3688721820587686,13,47,-2.375,3.4011973816621555
2017-12-01,2017-12,2017,12,31,31,False,False,Horn of Africa Route,0,0,0,0,3.3688721820587686,13,48,-2.2916666666666665,3.4339872044851463
2018-01-01,2018-01,2018,1,31,31,False,False,Horn of Africa Route,1,1,1,0,2.0,13,49,-2.2083333333333335,3.4339872044851463
2018-02-01,2018-02,2018,2,28,28,False,False,Horn of Africa Route,1,1,1,0,2.0,13,50,-2.125,3.332204510175204
2018-03-01,2018-03,2018,3,31,31,False,False,Horn of Africa Route,2,2,1,0,2.0,13,51,-2.0416666666666665,3.4339872044851463
2018-04-01,2018-04,2018,4,30,30,False,False,Horn of Africa Route,0,0,0,0,3.3688721820587686,13,52,-1.9583333333333333,3.4011973816621555
2018-05-01,2018-05,2018,5,31,31,False,False,Horn of Africa Route,3,2,2,0,2.0,13,53,-1.875,3.4339872044851463
2018-06-01,2018-06,2018,6,30,30,False,False,Horn of Africa Route,5,4,2,0,2.0,13,54,-1.7916666666666667,3.4011973816621555
2018-07-01,2018-07,2018,7,31,31,False,False,Horn of Africa Route,9,8,2,0,2.0,13,55,-1.7083333333333333,3.4339872044851463
2018-08-01,2018-08,2018,8,31,31,False,False,Horn of Africa Route,5,4,2,0,2.0,13,56,-1.625,3.4339872044851463
2018-09-01,2018-09,2018,9,30,30,False,False,Horn of Africa Route,5,2,3,0,2.0,13,57,-1.5416666666666667,3.4011973816621555
2018-10-01,2018-10,2018,10,31,31,False,False,Horn of Africa Route,1,1,1,0,2.0,13,58,-1.4583333333333333,3.4339872044851463
2018-11-01,2018-11,2018,11,30,30,False,False,Horn of Africa Route,0,0,0,0,3.3688721820587686,13,59,-1.375,3.4011973816621555
2018-12-01,2018-12,2018,12,31,31,False,False,Horn of Africa Route,0,0,0,0,3.3688721820587686,13,60,-1.2916666666666667,3.4339872044851463
2019-01-01,2019-01,2019,1,31,31,False,False,Horn of Africa Route,0,0,0,0,3.3688721820587686,13,61,-1.2083333333333333,3.4339872044851463
2019-02-01,2019-02,2019,2,28,28,False,False,Horn of Africa Route,3,2,2,0,2.0,13,62,-1.125,3.332204510175204
2019-03-01,2019-03,2019,3,31,31,False,False,Horn of Africa Route,2,2,1,0,2.0,13,63,-1.0416666666666667,3.4339872044851463
2019-04-01,2019-04,2019,4,30,30,False,False,Horn of Africa Route,2,2,1,0,2.0,13,64,-0.9583333333333334,3.4011973816621555
2019-05-01,2019-05,2019,5,31,31,False,False,Horn of Africa Route,1,1,1,0,2.0,13,65,-0.875,3.4339872044851463
2019-06-01,2019-06,2019,6,30,30,False,False,Horn of Africa Route,0,0,0,0,3.3688721820587686,13,66,-0.7916666666666666,3.4011973816621555
2019-07-01,2019-07,2019,7,31,31,False,False,Horn of Africa Route,0,0,0,0,3.3688721820587686,13,67,-0.7083333333333334,3.4339872044851463
2019-08-01,2019-08,2019,8,31,31,False,False,Horn of Africa Route,0,0,0,0,3.3688721820587686,13,68,-0.625,3.4339872044851463
2019-09-01,2019-09,2019,9,30,30,False,False,Horn of Africa Route,0,0,0,0,3.3688721820587686,13,69,-0.5416666666666666,3.4011973816621555
2019-10-01,2019-10,2019,10,31,31,False,False,Horn of Africa Route,0,0,0,0,3.3688721820587686,13,70,-0.4583333333333333,3.4339872044851463
2019-11-01,2019-11,2019,11,30,30,False,False,Horn of Africa Route,0,0,0,0,3.3688721820587686,13,71,-0.375,3.4011973816621555
2019-12-01,2019-12,2019,12,31,31,False,False,Horn of Africa Route,0,0,0,0,3.3688721820587686,13,72,-0.2916666666666667,3.4339872044851463
2020-01-01,2020-01,2020,1,31,31,False,False,Horn of Africa Route,0,0,0,0,3.3688721820587686,13,73,-0.20833333333333334,3.4339872044851463
2020-02-01,2020-02,2020,2,29,29,False,False,Horn of Africa Route,0,0,0,0,3.3688721820587686,13,74,-0.125,3.367295829986474
2020-03-01,2020-03,2020,3,31,31,False,False,Horn of Africa Route,0,0,0,0,3.3688721820587686,13,75,-0.041666666666666664,3.4339872044851463
2020-04-01,2020-04,2020,4,30,30,False,False,Horn of Africa Route,0,0,0,0,3.3688721820587686,13,76,0.041666666666666664,3.4011973816621555
2020-05-01,2020-05,2020,5,31,31,False,False,Horn of Africa Route,0,0,0,0,3.3688721820587686,13,77,0.125,3.4339872044851463
2020-06-01,2020-06,2020,6,30,30,False,False,Horn of Africa Route,0,0,0,0,3.3688721820587686,13,78,0.20833333333333334,3.4011973816621555
2020-07-01,2020-07,2020,7,31,31,False,False,Horn of Africa Route,0,0,0,0,3.3688721820587686,13,79,0.2916666666666667,3.4339872044851463
2020-08-01,2020-08,2020,8,31,31,False,False,Horn of Africa Route,0,0,0,0,3.3688721820587686,13,80,0.375,3.4339872044851463
2020-09-01,2020-09,2020,9,30,30,False,False,Horn of Africa Route,0,0,0,0,3.3688721820587686,13,81,0.4583333333333333,3.4011973816621555
2020-10-01,2020-10,2020,10,31,31,False,False,Horn of Africa Route,0,0,0,0,3.3688721820587686,13,82,0.5416666666666666,3.4339872044851463
2020-11-01,2020-11,2020,11,30,30,False,False,Horn of Africa Route,0,0,0,0,3.3688721820587686,13,83,0.625,3.4011973816621555
2020-12-01,2020-12,2020,12,31,31,False,False,Horn of Africa Route,0,0,0,0,3.3688721820587686,13,84,0.7083333333333334,3.4339872044851463
2021-01-01,2021-01,2021,1,31,31,False,False,Horn of Africa Route,0,0,0,0,3.3688721820587686,13,85,0.7916666666666666,3.4339872044851463
2021-02-01,2021-02,2021,2,28,28,False,False,Horn of Africa Route,0,0,0,0,3.3688721820587686,13,86,0.875,3.332204510175204
2021-03-01,2021-03,2021,3,31,31,False,False,Horn of Africa Route,0,0,0,0,3.3688721820587686,13,87,0.9583333333333334,3.4339872044851463
2021-04-01,2021-04,2021,4,30,30,False,False,Horn of Africa Route,0,0,0,0,3.3688721820587686,13,88,1.0416666666666667,3.4011973816621555
2021-05-01,2021-05,2021,5,31,31,False,False,Horn of Africa Route,0,0,0,0,3.3688721820587686,13,89,1.125,3.4339872044851463
2021-06-01,2021-06,2021,6,30,30,False,False,Horn of Africa Route,0,0,0,0,3.3688721820587686,13,90,1.2083333333333333,3.4011973816621555
2021-07-01,2021-07,2021,7,31,31,False,False,Horn of Africa Route,0,0,0,0,3.3688721820587686,13,91,1.2916666666666667,3.4339872044851463
2021-08-01,2021-08,2021,8,31,31,False,False,Horn of Africa Route,0,0,0,0,3.3688721820587686,13,92,1.375,3.4339872044851463
2021-09-01,2021-09,2021,9,30,30,False,False,Horn of Africa Route,0,0,0,0,3.3688721820587686,13,93,1.4583333333333333,3.4011973816621555
2021-10-01,2021-10,2021,10,31,31,False,False,Horn of Africa Route,1,1,1,0,4.0,13,94,1.5416666666666667,3.4339872044851463
2021-11-01,2021-11,2021,11,30,30,False,False,Horn of Africa Route,0,0,0,0,3.3688721820587686,13,95,1.625,3.4011973816621555
2021-12-01,2021-12,2021,12,31,31,False,False,Horn of Africa Route,0,0,0,0,3.3688721820587686,13,96,1.7083333333333333,3.4339872044851463
2022-01-01,2022-01,2022,1,31,31,False,False,Horn of Africa Route,2,1,2,0,2.0,13,97,1.7916666666666667,3.4339872044851463
2022-02-01,2022-02,2022,2,28,28,False,False,Horn of Africa Route,0,0,0,0,3.3688721820587686,13,98,1.875,3.332204510175204
2022-03-01,2022-03,2022,3,31,31,False,False,Horn of Africa Route,0,0,0,0,3.3688721820587686,13,99,1.9583333333333333,3.4339872044851463
2022-04-01,2022-04,2022,4,30,30,False,False,Horn of Africa Route,0,0,0,0,3.3688721820587686,13,100,2.0416666666666665,3.4011973816621555
2022-05-01,2022-05,2022,5,31,31,False,False,Horn of Africa Route,0,0,0,0,3.3688721820587686,13,101,2.125,3.4339872044851463
2022-06-01,2022-06,2022,6,30,30,False,False,Horn of Africa Route,0,0,0,0,3.3688721820587686,13,102,2.2083333333333335,3.4011973816621555
2022-07-01,2022-07,2022,7,31,31,False,False,Horn of Africa Route,0,0,0,0,3.3688721820587686,13,103,2.2916666666666665,3.4339872044851463
2022-08-01,2022-08,2022,8,31,31,False,False,Horn of Africa Route,0,0,0,0,3.3688721820587686,13,104,2.375,3.4339872044851463
2022-09-01,2022-09,2022,9,30,30,False,False,Horn of Africa Route,0,0,0,0,3.3688721820587686,13,105,2.4583333333333335,3.4011973816621555
2022-10-01,2022-10,2022,10,31,31,False,False,Horn of Africa Route,0,0,0,0,3.3688721820587686,13,106,2.5416666666666665,3.4339872044851463
2022-11-01,2022-11,2022,11,30,30,False,False,Horn of Africa Route,0,0,0,0,3.3688721820587686,13,107,2.625,3.4011973816621555
2022-12-01,2022-12,2022,12,31,31,False,False,Horn of Africa Route,0,0,0,0,3.3688721820587686,13,108,2.7083333333333335,3.4339872044851463
2023-01-01,2023-01,2023,1,31,31,False,False,Horn of Africa Route,0,0,0,0,3.3688721820587686,13,109,2.7916666666666665,3.4339872044851463
2023-02-01,2023-02,2023,2,28,28,False,False,Horn of Africa Route,0,0,0,0,3.3688721820587686,13,110,2.875,3.332204510175204
2023-03-01,2023-03,2023,3,31,31,False,False,Horn of Africa Route,0,0,0,0,3.3688721820587686,13,111,2.9583333333333335,3.4339872044851463
2023-04-01,2023-04,2023,4,30,30,False,False,Horn of Africa Route,0,0,0,0,3.3688721820587686,13,112,3.0416666666666665,3.4011973816621555
2023-05-01,2023-05,2023,5,31,31,False,False,Horn of Africa Route,0,0,0,0,3.3688721820587686,13,113,3.125,3.4339872044851463
2023-06-01,2023-06,2023,6,30,30,False,False,Horn of Africa Route,0,0,0,0,3.3688721820587686,13,114,3.2083333333333335,3.4011973816621555
2023-07-01,2023-07,2023,7,31,31,False,False,Horn of Africa Route,0,0,0,0,3.3688721820587686,13,115,3.2916666666666665,3.4339872044851463
2023-08-01,2023-08,2023,8,31,31,False,False,Horn of Africa Route,0,0,0,0,3.3688721820587686,13,116,3.375,3.4339872044851463
2023-09-01,2023-09,2023,9,30,30,False,False,Horn of Africa Route,0,0,0,0,3.3688721820587686,13,117,3.4583333333333335,3.4011973816621555
2023-10-01,2023-10,2023,10,31,31,False,False,Horn of Africa Route,0,0,0,0,3.3688721820587686,13,118,3.5416666666666665,3.4339872044851463
2023-11-01,2023-11,2023,11,30,30,False,False,Horn of Africa Route,0,0,0,0,3.3688721820587686,13,119,3.625,3.4011973816621555
2023-12-01,2023-12,2023,12,31,31,False,False,Horn of Africa Route,0,0,0,0,3.3688721820587686,13,120,3.7083333333333335,3.4339872044851463
2024-01-01,2024-01,2024,1,31,31,False,False,Horn of Africa Route,0,0,0,0,3.3688721820587686,13,121,3.7916666666666665,3.4339872044851463
2024-02-01,2024-02,2024,2,29,29,False,False,Horn of Africa Route,0,0,0,0,3.3688721820587686,13,122,3.875,3.367295829986474
2024-03-01,2024-03,2024,3,31,31,False,False,Horn of Africa Route,0,0,0,0,3.3688721820587686,13,123,3.9583333333333335,3.4339872044851463
2024-04-01,2024-04,2024,4,30,30,False,False,Horn of Africa Route,0,0,0,0,3.3688721820587686,13,124,4.041666666666667,3.4011973816621555
2024-05-01,2024-05,2024,5,31,31,False,False,Horn of Africa Route,0,0,0,0,3.3688721820587686,13,125,4.125,3.4339872044851463
2024-06-01,2024-06,2024,6,30,30,False,False,Horn of Africa Route,0,0,0,0,3.3688721820587686,13,126,4.208333333333333,3.4011973816621555
2024-07-01,2024-07,2024,7,31,31,False,False,Horn of Africa Route,0,0,0,0,3.3688721820587686,13,127,4.291666666666667,3.4339872044851463
2024-08-01,2024-08,2024,8,31,31,False,False,Horn of Africa Route,0,0,0,0,3.3688721820587686,13,128,4.375,3.4339872044851463
2024-09-01,2024-09,2024,9,30,30,False,False,Horn of Africa Route,0,0,0,0,3.3688721820587686,13,129,4.458333333333333,3.4011973816621555
2024-10-01,2024-10,2024,10,31,31,False,False,Horn of Africa Route,0,0,0,0,3.3688721820587686,13,130,4.541666666666667,3.4339872044851463
2024-11-01,2024-11,2024,11,30,30,False,False,Horn of Africa Route,0,0,0,0,3.3688721820587686,13,131,4.625,3.4011973816621555
2024-12-01,2024-12,2024,12,31,31,False,False,Horn of Africa Route,0,0,0,0,3.3688721820587686,13,132,4.708333333333333,3.4339872044851463
2025-01-01,2025-01,2025,1,31,31,False,False,Horn of Africa Route,0,0,0,0,3.3688721820587686,13,133,4.791666666666667,3.4339872044851463
2025-02-01,2025-02,2025,2,28,28,False,False,Horn of Africa Route,0,0,0,0,3.3688721820587686,13,134,4.875,3.332204510175204
2025-03-01,2025-03,2025,3,31,31,False,False,Horn of Africa Route,0,0,0,0,3.3688721820587686,13,135,4.958333333333333,3.4339872044851463
2025-04-01,2025-04,2025,4,30,30,False,False,Horn of Africa Route,0,0,0,0,3.3688721820587686,13,136,5.041666666666667,3.4011973816621555
2025-05-01,2025-05,2025,5,31,31,False,False,Horn of Africa Route,0,0,0,0,3.3688721820587686,13,137,5.125,3.4339872044851463
2025-06-01,2025-06,2025,6,30,30,False,False,Horn of Africa Route,0,0,0,0,3.3688721820587686,13,138,5.208333333333333,3.4011973816621555
2025-07-01,2025-07,2025,7,31,31,False,False,Horn of Africa Route,0,0,0,0,3.3688721820587686,13,139,5.291666666666667,3.4339872044851463
2025-08-01,2025-08,2025,8,31,31,False,False,Horn of Africa Route,0,0,0,0,3.3688721820587686,13,140,5.375,3.4339872044851463
2025-09-01,2025-09,2025,9,30,30,False,False,Horn of Africa Route,0,0,0,0,3.3688721820587686,13,141,5.458333333333333,3.4011973816621555
2025-10-01,2025-10,2025,10,31,31,False,False,Horn of Africa Route,0,0,0,0,3.3688721820587686,13,142,5.541666666666667,3.4339872044851463
2025-11-01,2025-11,2025,11,30,30,False,False,Horn of Africa Route,0,0,0,0,3.3688721820587686,13,143,5.625,3.4011973816621555
2025-12-01,2025-12,2025,12,31,31,False,False,Horn of Africa Route,0,0,0,0,3.3688721820587686,13,144,5.708333333333333,3.4339872044851463
2026-01-01,2026-01,2026,1,31,31,False,True,Horn of Africa Route,0,0,0,0,3.3688721820587686,13,145,5.791666666666667,3.4339872044851463
2026-02-01,2026-02,2026,2,28,28,False,True,Horn of Africa Route,0,0,0,0,3.3688721820587686,13,146,5.875,3.332204510175204
2026-03-01,2026-03,2026,3,31,31,False,True,Horn of Africa Route,0,0,0,0,3.3688721820587686,13,147,5.958333333333333,3.4339872044851463
2026-04-01,2026-04,2026,4,30,30,False,True,Horn of Africa Route,0,0,0,0,3.3688721820587686,13,148,6.041666666666667,3.4011973816621555
2026-05-01,2026-05,2026,5,31,31,False,True,Horn of Africa Route,0,0,0,0,3.3688721820587686,13,149,6.125,3.4339872044851463
2026-06-01,2026-06,2026,6,16,30,True,True,Horn of Africa Route,0,0,0,0,3.3688721820587686,13,150,6.208333333333333,2.772588722239781
2014-01-01,2014-01,2014,1,31,31,False,False,Iran to Türkiye,0,0,0,0,3.3688721820587686,14,1,-6.208333333333333,3.4339872044851463
2014-02-01,2014-02,2014,2,28,28,False,False,Iran to Türkiye,0,0,0,0,3.3688721820587686,14,2,-6.125,3.332204510175204
2014-03-01,2014-03,2014,3,31,31,False,False,Iran to Türkiye,0,0,0,0,3.3688721820587686,14,3,-6.041666666666667,3.4339872044851463
2014-04-01,2014-04,2014,4,30,30,False,False,Iran to Türkiye,0,0,0,0,3.3688721820587686,14,4,-5.958333333333333,3.4011973816621555
2014-05-01,2014-05,2014,5,31,31,False,False,Iran to Türkiye,0,0,0,0,3.3688721820587686,14,5,-5.875,3.4339872044851463
2014-06-01,2014-06,2014,6,30,30,False,False,Iran to Türkiye,0,0,0,0,3.3688721820587686,14,6,-5.791666666666667,3.4011973816621555
2014-07-01,2014-07,2014,7,31,31,False,False,Iran to Türkiye,0,0,0,0,3.3688721820587686,14,7,-5.708333333333333,3.4339872044851463
2014-08-01,2014-08,2014,8,31,31,False,False,Iran to Türkiye,0,0,0,0,3.3688721820587686,14,8,-5.625,3.4339872044851463
2014-09-01,2014-09,2014,9,30,30,False,False,Iran to Türkiye,0,0,0,0,3.3688721820587686,14,9,-5.541666666666667,3.4011973816621555
2014-10-01,2014-10,2014,10,31,31,False,False,Iran to Türkiye,0,0,0,0,3.3688721820587686,14,10,-5.458333333333333,3.4339872044851463
2014-11-01,2014-11,2014,11,30,30,False,False,Iran to Türkiye,0,0,0,0,3.3688721820587686,14,11,-5.375,3.4011973816621555
2014-12-01,2014-12,2014,12,31,31,False,False,Iran to Türkiye,0,0,0,0,3.3688721820587686,14,12,-5.291666666666667,3.4339872044851463
2015-01-01,2015-01,2015,1,31,31,False,False,Iran to Türkiye,0,0,0,0,3.3688721820587686,14,13,-5.208333333333333,3.4339872044851463
2015-02-01,2015-02,2015,2,28,28,False,False,Iran to Türkiye,0,0,0,0,3.3688721820587686,14,14,-5.125,3.332204510175204
2015-03-01,2015-03,2015,3,31,31,False,False,Iran to Türkiye,0,0,0,0,3.3688721820587686,14,15,-5.041666666666667,3.4339872044851463
2015-04-01,2015-04,2015,4,30,30,False,False,Iran to Türkiye,0,0,0,0,3.3688721820587686,14,16,-4.958333333333333,3.4011973816621555
2015-05-01,2015-05,2015,5,31,31,False,False,Iran to Türkiye,0,0,0,0,3.3688721820587686,14,17,-4.875,3.4339872044851463
2015-06-01,2015-06,2015,6,30,30,False,False,Iran to Türkiye,0,0,0,0,3.3688721820587686,14,18,-4.791666666666667,3.4011973816621555
2015-07-01,2015-07,2015,7,31,31,False,False,Iran to Türkiye,0,0,0,0,3.3688721820587686,14,19,-4.708333333333333,3.4339872044851463
2015-08-01,2015-08,2015,8,31,31,False,False,Iran to Türkiye,0,0,0,0,3.3688721820587686,14,20,-4.625,3.4339872044851463
2015-09-01,2015-09,2015,9,30,30,False,False,Iran to Türkiye,0,0,0,0,3.3688721820587686,14,21,-4.541666666666667,3.4011973816621555
2015-10-01,2015-10,2015,10,31,31,False,False,Iran to Türkiye,0,0,0,0,3.3688721820587686,14,22,-4.458333333333333,3.4339872044851463
2015-11-01,2015-11,2015,11,30,30,False,False,Iran to Türkiye,0,0,0,0,3.3688721820587686,14,23,-4.375,3.4011973816621555
2015-12-01,2015-12,2015,12,31,31,False,False,Iran to Türkiye,0,0,0,0,3.3688721820587686,14,24,-4.291666666666667,3.4339872044851463
2016-01-01,2016-01,2016,1,31,31,False,False,Iran to Türkiye,1,1,1,0,1.0,14,25,-4.208333333333333,3.4339872044851463
2016-02-01,2016-02,2016,2,29,29,False,False,Iran to Türkiye,0,0,0,0,3.3688721820587686,14,26,-4.125,3.367295829986474
2016-03-01,2016-03,2016,3,31,31,False,False,Iran to Türkiye,0,0,0,0,3.3688721820587686,14,27,-4.041666666666667,3.4339872044851463
2016-04-01,2016-04,2016,4,30,30,False,False,Iran to Türkiye,0,0,0,0,3.3688721820587686,14,28,-3.9583333333333335,3.4011973816621555
2016-05-01,2016-05,2016,5,31,31,False,False,Iran to Türkiye,0,0,0,0,3.3688721820587686,14,29,-3.875,3.4339872044851463
2016-06-01,2016-06,2016,6,30,30,False,False,Iran to Türkiye,0,0,0,0,3.3688721820587686,14,30,-3.7916666666666665,3.4011973816621555
2016-07-01,2016-07,2016,7,31,31,False,False,Iran to Türkiye,0,0,0,0,3.3688721820587686,14,31,-3.7083333333333335,3.4339872044851463
2016-08-01,2016-08,2016,8,31,31,False,False,Iran to Türkiye,0,0,0,0,3.3688721820587686,14,32,-3.625,3.4339872044851463
2016-09-01,2016-09,2016,9,30,30,False,False,Iran to Türkiye,0,0,0,0,3.3688721820587686,14,33,-3.5416666666666665,3.4011973816621555
2016-10-01,2016-10,2016,10,31,31,False,False,Iran to Türkiye,0,0,0,0,3.3688721820587686,14,34,-3.4583333333333335,3.4339872044851463
2016-11-01,2016-11,2016,11,30,30,False,False,Iran to Türkiye,0,0,0,0,3.3688721820587686,14,35,-3.375,3.4011973816621555
2016-12-01,2016-12,2016,12,31,31,False,False,Iran to Türkiye,0,0,0,0,3.3688721820587686,14,36,-3.2916666666666665,3.4339872044851463
2017-01-01,2017-01,2017,1,31,31,False,False,Iran to Türkiye,0,0,0,0,3.3688721820587686,14,37,-3.2083333333333335,3.4339872044851463
2017-02-01,2017-02,2017,2,28,28,False,False,Iran to Türkiye,6,2,5,0,1.5,14,38,-3.125,3.332204510175204
2017-03-01,2017-03,2017,3,31,31,False,False,Iran to Türkiye,0,0,0,0,3.3688721820587686,14,39,-3.0416666666666665,3.4339872044851463
2017-04-01,2017-04,2017,4,30,30,False,False,Iran to Türkiye,1,1,1,0,2.0,14,40,-2.9583333333333335,3.4011973816621555
2017-05-01,2017-05,2017,5,31,31,False,False,Iran to Türkiye,0,0,0,0,3.3688721820587686,14,41,-2.875,3.4339872044851463
2017-06-01,2017-06,2017,6,30,30,False,False,Iran to Türkiye,1,1,1,0,2.0,14,42,-2.7916666666666665,3.4011973816621555
2017-07-01,2017-07,2017,7,31,31,False,False,Iran to Türkiye,0,0,0,0,3.3688721820587686,14,43,-2.7083333333333335,3.4339872044851463
2017-08-01,2017-08,2017,8,31,31,False,False,Iran to Türkiye,0,0,0,0,3.3688721820587686,14,44,-2.625,3.4339872044851463
2017-09-01,2017-09,2017,9,30,30,False,False,Iran to Türkiye,18,3,10,0,1.6666666666666667,14,45,-2.5416666666666665,3.4011973816621555
2017-10-01,2017-10,2017,10,31,31,False,False,Iran to Türkiye,0,0,0,0,3.3688721820587686,14,46,-2.4583333333333335,3.4339872044851463
2017-11-01,2017-11,2017,11,30,30,False,False,Iran to Türkiye,0,0,0,0,3.3688721820587686,14,47,-2.375,3.4011973816621555
2017-12-01,2017-12,2017,12,31,31,False,False,Iran to Türkiye,0,0,0,0,3.3688721820587686,14,48,-2.2916666666666665,3.4339872044851463
2018-01-01,2018-01,2018,1,31,31,False,False,Iran to Türkiye,0,0,0,0,3.3688721820587686,14,49,-2.2083333333333335,3.4339872044851463
2018-02-01,2018-02,2018,2,28,28,False,False,Iran to Türkiye,4,2,3,0,2.0,14,50,-2.125,3.332204510175204
2018-03-01,2018-03,2018,3,31,31,False,False,Iran to Türkiye,1,1,1,0,2.0,14,51,-2.0416666666666665,3.4339872044851463
2018-04-01,2018-04,2018,4,30,30,False,False,Iran to Türkiye,0,0,0,0,3.3688721820587686,14,52,-1.9583333333333333,3.4011973816621555
2018-05-01,2018-05,2018,5,31,31,False,False,Iran to Türkiye,1,1,1,0,1.0,14,53,-1.875,3.4339872044851463
2018-06-01,2018-06,2018,6,30,30,False,False,Iran to Türkiye,0,0,0,0,3.3688721820587686,14,54,-1.7916666666666667,3.4011973816621555
2018-07-01,2018-07,2018,7,31,31,False,False,Iran to Türkiye,0,0,0,0,3.3688721820587686,14,55,-1.7083333333333333,3.4339872044851463
2018-08-01,2018-08,2018,8,31,31,False,False,Iran to Türkiye,0,0,0,0,3.3688721820587686,14,56,-1.625,3.4339872044851463
2018-09-01,2018-09,2018,9,30,30,False,False,Iran to Türkiye,0,0,0,0,3.3688721820587686,14,57,-1.5416666666666667,3.4011973816621555
2018-10-01,2018-10,2018,10,31,31,False,False,Iran to Türkiye,0,0,0,0,3.3688721820587686,14,58,-1.4583333333333333,3.4339872044851463
2018-11-01,2018-11,2018,11,30,30,False,False,Iran to Türkiye,5,1,5,0,3.0,14,59,-1.375,3.4011973816621555
2018-12-01,2018-12,2018,12,31,31,False,False,Iran to Türkiye,0,0,0,0,3.3688721820587686,14,60,-1.2916666666666667,3.4339872044851463
2019-01-01,2019-01,2019,1,31,31,False,False,Iran to Türkiye,0,0,0,0,3.3688721820587686,14,61,-1.2083333333333333,3.4339872044851463
2019-02-01,2019-02,2019,2,28,28,False,False,Iran to Türkiye,0,0,0,0,3.3688721820587686,14,62,-1.125,3.332204510175204
2019-03-01,2019-03,2019,3,31,31,False,False,Iran to Türkiye,0,0,0,0,3.3688721820587686,14,63,-1.0416666666666667,3.4339872044851463
2019-04-01,2019-04,2019,4,30,30,False,False,Iran to Türkiye,13,3,6,0,2.0,14,64,-0.9583333333333334,3.4011973816621555
2019-05-01,2019-05,2019,5,31,31,False,False,Iran to Türkiye,0,0,0,0,3.3688721820587686,14,65,-0.875,3.4339872044851463
2019-06-01,2019-06,2019,6,30,30,False,False,Iran to Türkiye,0,0,0,0,3.3688721820587686,14,66,-0.7916666666666666,3.4011973816621555
2019-07-01,2019-07,2019,7,31,31,False,False,Iran to Türkiye,16,1,16,0,3.0,14,67,-0.7083333333333334,3.4339872044851463
2019-08-01,2019-08,2019,8,31,31,False,False,Iran to Türkiye,1,1,1,0,2.0,14,68,-0.625,3.4339872044851463
2019-09-01,2019-09,2019,9,30,30,False,False,Iran to Türkiye,1,1,1,0,2.0,14,69,-0.5416666666666666,3.4011973816621555
2019-10-01,2019-10,2019,10,31,31,False,False,Iran to Türkiye,0,0,0,0,3.3688721820587686,14,70,-0.4583333333333333,3.4339872044851463
2019-11-01,2019-11,2019,11,30,30,False,False,Iran to Türkiye,0,0,0,0,3.3688721820587686,14,71,-0.375,3.4011973816621555
2019-12-01,2019-12,2019,12,31,31,False,False,Iran to Türkiye,7,1,7,0,3.0,14,72,-0.2916666666666667,3.4339872044851463
2020-01-01,2020-01,2020,1,31,31,False,False,Iran to Türkiye,0,0,0,0,3.3688721820587686,14,73,-0.20833333333333334,3.4339872044851463
2020-02-01,2020-02,2020,2,29,29,False,False,Iran to Türkiye,12,1,12,0,3.0,14,74,-0.125,3.367295829986474
2020-03-01,2020-03,2020,3,31,31,False,False,Iran to Türkiye,0,0,0,0,3.3688721820587686,14,75,-0.041666666666666664,3.4339872044851463
2020-04-01,2020-04,2020,4,30,30,False,False,Iran to Türkiye,0,0,0,0,3.3688721820587686,14,76,0.041666666666666664,3.4011973816621555
2020-05-01,2020-05,2020,5,31,31,False,False,Iran to Türkiye,0,0,0,0,3.3688721820587686,14,77,0.125,3.4339872044851463
2020-06-01,2020-06,2020,6,30,30,False,False,Iran to Türkiye,1,1,1,0,3.0,14,78,0.20833333333333334,3.4011973816621555
2020-07-01,2020-07,2020,7,31,31,False,False,Iran to Türkiye,0,0,0,0,3.3688721820587686,14,79,0.2916666666666667,3.4339872044851463
2020-08-01,2020-08,2020,8,31,31,False,False,Iran to Türkiye,0,0,0,0,3.3688721820587686,14,80,0.375,3.4339872044851463
2020-09-01,2020-09,2020,9,30,30,False,False,Iran to Türkiye,0,0,0,0,3.3688721820587686,14,81,0.4583333333333333,3.4011973816621555
2020-10-01,2020-10,2020,10,31,31,False,False,Iran to Türkiye,2,1,2,0,1.0,14,82,0.5416666666666666,3.4339872044851463
2020-11-01,2020-11,2020,11,30,30,False,False,Iran to Türkiye,2,1,2,0,3.0,14,83,0.625,3.4011973816621555
2020-12-01,2020-12,2020,12,31,31,False,False,Iran to Türkiye,0,0,0,0,3.3688721820587686,14,84,0.7083333333333334,3.4339872044851463
2021-01-01,2021-01,2021,1,31,31,False,False,Iran to Türkiye,0,0,0,0,3.3688721820587686,14,85,0.7916666666666666,3.4339872044851463
2021-02-01,2021-02,2021,2,28,28,False,False,Iran to Türkiye,0,0,0,0,3.3688721820587686,14,86,0.875,3.332204510175204
2021-03-01,2021-03,2021,3,31,31,False,False,Iran to Türkiye,1,1,1,0,4.0,14,87,0.9583333333333334,3.4339872044851463
2021-04-01,2021-04,2021,4,30,30,False,False,Iran to Türkiye,1,1,1,0,4.0,14,88,1.0416666666666667,3.4011973816621555
2021-05-01,2021-05,2021,5,31,31,False,False,Iran to Türkiye,0,0,0,0,3.3688721820587686,14,89,1.125,3.4339872044851463
2021-06-01,2021-06,2021,6,30,30,False,False,Iran to Türkiye,2,2,1,0,4.0,14,90,1.2083333333333333,3.4011973816621555
2021-07-01,2021-07,2021,7,31,31,False,False,Iran to Türkiye,11,1,11,0,3.0,14,91,1.2916666666666667,3.4339872044851463
2021-08-01,2021-08,2021,8,31,31,False,False,Iran to Türkiye,0,0,0,0,3.3688721820587686,14,92,1.375,3.4339872044851463
2021-09-01,2021-09,2021,9,30,30,False,False,Iran to Türkiye,0,0,0,0,3.3688721820587686,14,93,1.4583333333333333,3.4011973816621555
2021-10-01,2021-10,2021,10,31,31,False,False,Iran to Türkiye,1,1,1,0,4.0,14,94,1.5416666666666667,3.4339872044851463
2021-11-01,2021-11,2021,11,30,30,False,False,Iran to Türkiye,0,0,0,0,3.3688721820587686,14,95,1.625,3.4011973816621555
2021-12-01,2021-12,2021,12,31,31,False,False,Iran to Türkiye,0,0,0,0,3.3688721820587686,14,96,1.7083333333333333,3.4339872044851463
2022-01-01,2022-01,2022,1,31,31,False,False,Iran to Türkiye,5,4,2,0,4.0,14,97,1.7916666666666667,3.4339872044851463
2022-02-01,2022-02,2022,2,28,28,False,False,Iran to Türkiye,0,0,0,0,3.3688721820587686,14,98,1.875,3.332204510175204
2022-03-01,2022-03,2022,3,31,31,False,False,Iran to Türkiye,0,0,0,0,3.3688721820587686,14,99,1.9583333333333333,3.4339872044851463
2022-04-01,2022-04,2022,4,30,30,False,False,Iran to Türkiye,4,4,1,0,4.0,14,100,2.0416666666666665,3.4011973816621555
2022-05-01,2022-05,2022,5,31,31,False,False,Iran to Türkiye,0,0,0,0,3.3688721820587686,14,101,2.125,3.4339872044851463
2022-06-01,2022-06,2022,6,30,30,False,False,Iran to Türkiye,2,2,1,0,4.0,14,102,2.2083333333333335,3.4011973816621555
2022-07-01,2022-07,2022,7,31,31,False,False,Iran to Türkiye,1,1,1,0,5.0,14,103,2.2916666666666665,3.4339872044851463
2022-08-01,2022-08,2022,8,31,31,False,False,Iran to Türkiye,1,1,1,0,4.0,14,104,2.375,3.4339872044851463
2022-09-01,2022-09,2022,9,30,30,False,False,Iran to Türkiye,0,0,0,0,3.3688721820587686,14,105,2.4583333333333335,3.4011973816621555
2022-10-01,2022-10,2022,10,31,31,False,False,Iran to Türkiye,1,1,1,0,4.0,14,106,2.5416666666666665,3.4339872044851463
2022-11-01,2022-11,2022,11,30,30,False,False,Iran to Türkiye,4,4,1,0,4.0,14,107,2.625,3.4011973816621555
2022-12-01,2022-12,2022,12,31,31,False,False,Iran to Türkiye,0,0,0,0,3.3688721820587686,14,108,2.7083333333333335,3.4339872044851463
2023-01-01,2023-01,2023,1,31,31,False,False,Iran to Türkiye,3,2,2,0,3.5,14,109,2.7916666666666665,3.4339872044851463
2023-02-01,2023-02,2023,2,28,28,False,False,Iran to Türkiye,1,1,1,0,4.0,14,110,2.875,3.332204510175204
2023-03-01,2023-03,2023,3,31,31,False,False,Iran to Türkiye,2,2,1,0,4.0,14,111,2.9583333333333335,3.4339872044851463
2023-04-01,2023-04,2023,4,30,30,False,False,Iran to Türkiye,0,0,0,0,3.3688721820587686,14,112,3.0416666666666665,3.4011973816621555
2023-05-01,2023-05,2023,5,31,31,False,False,Iran to Türkiye,1,1,1,0,4.0,14,113,3.125,3.4339872044851463
2023-06-01,2023-06,2023,6,30,30,False,False,Iran to Türkiye,1,1,1,0,4.0,14,114,3.2083333333333335,3.4011973816621555
2023-07-01,2023-07,2023,7,31,31,False,False,Iran to Türkiye,1,1,1,0,4.0,14,115,3.2916666666666665,3.4339872044851463
2023-08-01,2023-08,2023,8,31,31,False,False,Iran to Türkiye,3,3,1,0,4.0,14,116,3.375,3.4339872044851463
2023-09-01,2023-09,2023,9,30,30,False,False,Iran to Türkiye,3,3,1,0,4.0,14,117,3.4583333333333335,3.4011973816621555
2023-10-01,2023-10,2023,10,31,31,False,False,Iran to Türkiye,12,12,1,0,4.0,14,118,3.5416666666666665,3.4339872044851463
2023-11-01,2023-11,2023,11,30,30,False,False,Iran to Türkiye,1,1,1,0,4.0,14,119,3.625,3.4011973816621555
2023-12-01,2023-12,2023,12,31,31,False,False,Iran to Türkiye,2,2,1,0,4.0,14,120,3.7083333333333335,3.4339872044851463
2024-01-01,2024-01,2024,1,31,31,False,False,Iran to Türkiye,4,4,1,0,4.0,14,121,3.7916666666666665,3.4339872044851463
2024-02-01,2024-02,2024,2,29,29,False,False,Iran to Türkiye,5,5,1,0,4.0,14,122,3.875,3.367295829986474
2024-03-01,2024-03,2024,3,31,31,False,False,Iran to Türkiye,6,6,1,0,4.0,14,123,3.9583333333333335,3.4339872044851463
2024-04-01,2024-04,2024,4,30,30,False,False,Iran to Türkiye,4,4,1,0,4.0,14,124,4.041666666666667,3.4011973816621555
2024-05-01,2024-05,2024,5,31,31,False,False,Iran to Türkiye,2,2,1,0,4.0,14,125,4.125,3.4339872044851463
2024-06-01,2024-06,2024,6,30,30,False,False,Iran to Türkiye,2,2,1,0,4.0,14,126,4.208333333333333,3.4011973816621555
2024-07-01,2024-07,2024,7,31,31,False,False,Iran to Türkiye,0,0,0,0,3.3688721820587686,14,127,4.291666666666667,3.4339872044851463
2024-08-01,2024-08,2024,8,31,31,False,False,Iran to Türkiye,1,1,1,0,3.0,14,128,4.375,3.4339872044851463
2024-09-01,2024-09,2024,9,30,30,False,False,Iran to Türkiye,2,2,1,0,4.0,14,129,4.458333333333333,3.4011973816621555
2024-10-01,2024-10,2024,10,31,31,False,False,Iran to Türkiye,2,2,1,0,4.0,14,130,4.541666666666667,3.4339872044851463
2024-11-01,2024-11,2024,11,30,30,False,False,Iran to Türkiye,7,5,3,0,3.4,14,131,4.625,3.4011973816621555
2024-12-01,2024-12,2024,12,31,31,False,False,Iran to Türkiye,4,4,1,0,4.0,14,132,4.708333333333333,3.4339872044851463
2025-01-01,2025-01,2025,1,31,31,False,False,Iran to Türkiye,9,9,1,0,3.2222222222222223,14,133,4.791666666666667,3.4339872044851463
2025-02-01,2025-02,2025,2,28,28,False,False,Iran to Türkiye,13,13,1,0,3.923076923076923,14,134,4.875,3.332204510175204
2025-03-01,2025-03,2025,3,31,31,False,False,Iran to Türkiye,5,5,1,0,4.0,14,135,4.958333333333333,3.4339872044851463
2025-04-01,2025-04,2025,4,30,30,False,False,Iran to Türkiye,10,10,1,0,4.0,14,136,5.041666666666667,3.4011973816621555
2025-05-01,2025-05,2025,5,31,31,False,False,Iran to Türkiye,4,4,1,0,4.0,14,137,5.125,3.4339872044851463
2025-06-01,2025-06,2025,6,30,30,False,False,Iran to Türkiye,1,1,1,0,4.0,14,138,5.208333333333333,3.4011973816621555
2025-07-01,2025-07,2025,7,31,31,False,False,Iran to Türkiye,0,0,0,0,3.3688721820587686,14,139,5.291666666666667,3.4339872044851463
2025-08-01,2025-08,2025,8,31,31,False,False,Iran to Türkiye,3,3,1,0,4.0,14,140,5.375,3.4339872044851463
2025-09-01,2025-09,2025,9,30,30,False,False,Iran to Türkiye,7,7,1,0,4.0,14,141,5.458333333333333,3.4011973816621555
2025-10-01,2025-10,2025,10,31,31,False,False,Iran to Türkiye,5,5,1,0,4.0,14,142,5.541666666666667,3.4339872044851463
2025-11-01,2025-11,2025,11,30,30,False,False,Iran to Türkiye,0,0,0,0,3.3688721820587686,14,143,5.625,3.4011973816621555
2025-12-01,2025-12,2025,12,31,31,False,False,Iran to Türkiye,13,12,2,0,4.0,14,144,5.708333333333333,3.4339872044851463
2026-01-01,2026-01,2026,1,31,31,False,True,Iran to Türkiye,27,3,25,0,3.3333333333333335,14,145,5.791666666666667,3.4339872044851463
2026-02-01,2026-02,2026,2,28,28,False,True,Iran to Türkiye,2,2,1,0,4.0,14,146,5.875,3.332204510175204
2026-03-01,2026-03,2026,3,31,31,False,True,Iran to Türkiye,4,4,1,0,4.0,14,147,5.958333333333333,3.4339872044851463
2026-04-01,2026-04,2026,4,30,30,False,True,Iran to Türkiye,0,0,0,0,3.3688721820587686,14,148,6.041666666666667,3.4011973816621555
2026-05-01,2026-05,2026,5,31,31,False,True,Iran to Türkiye,0,0,0,0,3.3688721820587686,14,149,6.125,3.4339872044851463
2026-06-01,2026-06,2026,6,16,30,True,True,Iran to Türkiye,0,0,0,0,3.3688721820587686,14,150,6.208333333333333,2.772588722239781
2014-01-01,2014-01,2014,1,31,31,False,False,Italy to France,0,0,0,0,3.3688721820587686,15,1,-6.208333333333333,3.4339872044851463
2014-02-01,2014-02,2014,2,28,28,False,False,Italy to France,0,0,0,0,3.3688721820587686,15,2,-6.125,3.332204510175204
2014-03-01,2014-03,2014,3,31,31,False,False,Italy to France,0,0,0,0,3.3688721820587686,15,3,-6.041666666666667,3.4339872044851463
2014-04-01,2014-04,2014,4,30,30,False,False,Italy to France,0,0,0,0,3.3688721820587686,15,4,-5.958333333333333,3.4011973816621555
2014-05-01,2014-05,2014,5,31,31,False,False,Italy to France,0,0,0,0,3.3688721820587686,15,5,-5.875,3.4339872044851463
2014-06-01,2014-06,2014,6,30,30,False,False,Italy to France,0,0,0,0,3.3688721820587686,15,6,-5.791666666666667,3.4011973816621555
2014-07-01,2014-07,2014,7,31,31,False,False,Italy to France,0,0,0,0,3.3688721820587686,15,7,-5.708333333333333,3.4339872044851463
2014-08-01,2014-08,2014,8,31,31,False,False,Italy to France,0,0,0,0,3.3688721820587686,15,8,-5.625,3.4339872044851463
2014-09-01,2014-09,2014,9,30,30,False,False,Italy to France,0,0,0,0,3.3688721820587686,15,9,-5.541666666666667,3.4011973816621555
2014-10-01,2014-10,2014,10,31,31,False,False,Italy to France,0,0,0,0,3.3688721820587686,15,10,-5.458333333333333,3.4339872044851463
2014-11-01,2014-11,2014,11,30,30,False,False,Italy to France,0,0,0,0,3.3688721820587686,15,11,-5.375,3.4011973816621555
2014-12-01,2014-12,2014,12,31,31,False,False,Italy to France,0,0,0,0,3.3688721820587686,15,12,-5.291666666666667,3.4339872044851463
2015-01-01,2015-01,2015,1,31,31,False,False,Italy to France,0,0,0,0,3.3688721820587686,15,13,-5.208333333333333,3.4339872044851463
2015-02-01,2015-02,2015,2,28,28,False,False,Italy to France,0,0,0,0,3.3688721820587686,15,14,-5.125,3.332204510175204
2015-03-01,2015-03,2015,3,31,31,False,False,Italy to France,0,0,0,0,3.3688721820587686,15,15,-5.041666666666667,3.4339872044851463
2015-04-01,2015-04,2015,4,30,30,False,False,Italy to France,0,0,0,0,3.3688721820587686,15,16,-4.958333333333333,3.4011973816621555
2015-05-01,2015-05,2015,5,31,31,False,False,Italy to France,0,0,0,0,3.3688721820587686,15,17,-4.875,3.4339872044851463
2015-06-01,2015-06,2015,6,30,30,False,False,Italy to France,0,0,0,0,3.3688721820587686,15,18,-4.791666666666667,3.4011973816621555
2015-07-01,2015-07,2015,7,31,31,False,False,Italy to France,0,0,0,0,3.3688721820587686,15,19,-4.708333333333333,3.4339872044851463
2015-08-01,2015-08,2015,8,31,31,False,False,Italy to France,0,0,0,0,3.3688721820587686,15,20,-4.625,3.4339872044851463
2015-09-01,2015-09,2015,9,30,30,False,False,Italy to France,0,0,0,0,3.3688721820587686,15,21,-4.541666666666667,3.4011973816621555
2015-10-01,2015-10,2015,10,31,31,False,False,Italy to France,0,0,0,0,3.3688721820587686,15,22,-4.458333333333333,3.4339872044851463
2015-11-01,2015-11,2015,11,30,30,False,False,Italy to France,0,0,0,0,3.3688721820587686,15,23,-4.375,3.4011973816621555
2015-12-01,2015-12,2015,12,31,31,False,False,Italy to France,0,0,0,0,3.3688721820587686,15,24,-4.291666666666667,3.4339872044851463
2016-01-01,2016-01,2016,1,31,31,False,False,Italy to France,0,0,0,0,3.3688721820587686,15,25,-4.208333333333333,3.4339872044851463
2016-02-01,2016-02,2016,2,29,29,False,False,Italy to France,0,0,0,0,3.3688721820587686,15,26,-4.125,3.367295829986474
2016-03-01,2016-03,2016,3,31,31,False,False,Italy to France,0,0,0,0,3.3688721820587686,15,27,-4.041666666666667,3.4339872044851463
2016-04-01,2016-04,2016,4,30,30,False,False,Italy to France,0,0,0,0,3.3688721820587686,15,28,-3.9583333333333335,3.4011973816621555
2016-05-01,2016-05,2016,5,31,31,False,False,Italy to France,0,0,0,0,3.3688721820587686,15,29,-3.875,3.4339872044851463
2016-06-01,2016-06,2016,6,30,30,False,False,Italy to France,0,0,0,0,3.3688721820587686,15,30,-3.7916666666666665,3.4011973816621555
2016-07-01,2016-07,2016,7,31,31,False,False,Italy to France,0,0,0,0,3.3688721820587686,15,31,-3.7083333333333335,3.4339872044851463
2016-08-01,2016-08,2016,8,31,31,False,False,Italy to France,0,0,0,0,3.3688721820587686,15,32,-3.625,3.4339872044851463
2016-09-01,2016-09,2016,9,30,30,False,False,Italy to France,1,1,1,0,4.0,15,33,-3.5416666666666665,3.4011973816621555
2016-10-01,2016-10,2016,10,31,31,False,False,Italy to France,2,2,1,0,3.0,15,34,-3.4583333333333335,3.4339872044851463
2016-11-01,2016-11,2016,11,30,30,False,False,Italy to France,1,1,1,0,1.0,15,35,-3.375,3.4011973816621555
2016-12-01,2016-12,2016,12,31,31,False,False,Italy to France,1,1,1,0,3.0,15,36,-3.2916666666666665,3.4339872044851463
2017-01-01,2017-01,2017,1,31,31,False,False,Italy to France,0,0,0,0,3.3688721820587686,15,37,-3.2083333333333335,3.4339872044851463
2017-02-01,2017-02,2017,2,28,28,False,False,Italy to France,2,2,1,0,1.0,15,38,-3.125,3.332204510175204
2017-03-01,2017-03,2017,3,31,31,False,False,Italy to France,1,1,1,0,1.0,15,39,-3.0416666666666665,3.4339872044851463
2017-04-01,2017-04,2017,4,30,30,False,False,Italy to France,0,0,0,0,3.3688721820587686,15,40,-2.9583333333333335,3.4011973816621555
2017-05-01,2017-05,2017,5,31,31,False,False,Italy to France,2,2,1,0,1.0,15,41,-2.875,3.4339872044851463
2017-06-01,2017-06,2017,6,30,30,False,False,Italy to France,0,0,0,0,3.3688721820587686,15,42,-2.7916666666666665,3.4011973816621555
2017-07-01,2017-07,2017,7,31,31,False,False,Italy to France,1,1,1,0,1.0,15,43,-2.7083333333333335,3.4339872044851463
2017-08-01,2017-08,2017,8,31,31,False,False,Italy to France,2,2,1,0,1.0,15,44,-2.625,3.4339872044851463
2017-09-01,2017-09,2017,9,30,30,False,False,Italy to France,0,0,0,0,3.3688721820587686,15,45,-2.5416666666666665,3.4011973816621555
2017-10-01,2017-10,2017,10,31,31,False,False,Italy to France,0,0,0,0,3.3688721820587686,15,46,-2.4583333333333335,3.4339872044851463
2017-11-01,2017-11,2017,11,30,30,False,False,Italy to France,0,0,0,0,3.3688721820587686,15,47,-2.375,3.4011973816621555
2017-12-01,2017-12,2017,12,31,31,False,False,Italy to France,1,1,1,0,3.0,15,48,-2.2916666666666665,3.4339872044851463
2018-01-01,2018-01,2018,1,31,31,False,False,Italy to France,1,1,1,0,3.0,15,49,-2.2083333333333335,3.4339872044851463
2018-02-01,2018-02,2018,2,28,28,False,False,Italy to France,0,0,0,0,3.3688721820587686,15,50,-2.125,3.332204510175204
2018-03-01,2018-03,2018,3,31,31,False,False,Italy to France,1,1,1,0,3.0,15,51,-2.0416666666666665,3.4339872044851463
2018-04-01,2018-04,2018,4,30,30,False,False,Italy to France,0,0,0,0,3.3688721820587686,15,52,-1.9583333333333333,3.4011973816621555
2018-05-01,2018-05,2018,5,31,31,False,False,Italy to France,3,3,1,0,3.0,15,53,-1.875,3.4339872044851463
2018-06-01,2018-06,2018,6,30,30,False,False,Italy to France,1,1,1,0,3.0,15,54,-1.7916666666666667,3.4011973816621555
2018-07-01,2018-07,2018,7,31,31,False,False,Italy to France,0,0,0,0,3.3688721820587686,15,55,-1.7083333333333333,3.4339872044851463
2018-08-01,2018-08,2018,8,31,31,False,False,Italy to France,0,0,0,0,3.3688721820587686,15,56,-1.625,3.4339872044851463
2018-09-01,2018-09,2018,9,30,30,False,False,Italy to France,0,0,0,0,3.3688721820587686,15,57,-1.5416666666666667,3.4011973816621555
2018-10-01,2018-10,2018,10,31,31,False,False,Italy to France,0,0,0,0,3.3688721820587686,15,58,-1.4583333333333333,3.4339872044851463
2018-11-01,2018-11,2018,11,30,30,False,False,Italy to France,0,0,0,0,3.3688721820587686,15,59,-1.375,3.4011973816621555
2018-12-01,2018-12,2018,12,31,31,False,False,Italy to France,0,0,0,0,3.3688721820587686,15,60,-1.2916666666666667,3.4339872044851463
2019-01-01,2019-01,2019,1,31,31,False,False,Italy to France,0,0,0,0,3.3688721820587686,15,61,-1.2083333333333333,3.4339872044851463
2019-02-01,2019-02,2019,2,28,28,False,False,Italy to France,1,1,1,0,3.0,15,62,-1.125,3.332204510175204
2019-03-01,2019-03,2019,3,31,31,False,False,Italy to France,0,0,0,0,3.3688721820587686,15,63,-1.0416666666666667,3.4339872044851463
2019-04-01,2019-04,2019,4,30,30,False,False,Italy to France,0,0,0,0,3.3688721820587686,15,64,-0.9583333333333334,3.4011973816621555
2019-05-01,2019-05,2019,5,31,31,False,False,Italy to France,0,0,0,0,3.3688721820587686,15,65,-0.875,3.4339872044851463
2019-06-01,2019-06,2019,6,30,30,False,False,Italy to France,0,0,0,0,3.3688721820587686,15,66,-0.7916666666666666,3.4011973816621555
2019-07-01,2019-07,2019,7,31,31,False,False,Italy to France,0,0,0,0,3.3688721820587686,15,67,-0.7083333333333334,3.4339872044851463
2019-08-01,2019-08,2019,8,31,31,False,False,Italy to France,0,0,0,0,3.3688721820587686,15,68,-0.625,3.4339872044851463
2019-09-01,2019-09,2019,9,30,30,False,False,Italy to France,1,1,1,0,3.0,15,69,-0.5416666666666666,3.4011973816621555
2019-10-01,2019-10,2019,10,31,31,False,False,Italy to France,0,0,0,0,3.3688721820587686,15,70,-0.4583333333333333,3.4339872044851463
2019-11-01,2019-11,2019,11,30,30,False,False,Italy to France,0,0,0,0,3.3688721820587686,15,71,-0.375,3.4011973816621555
2019-12-01,2019-12,2019,12,31,31,False,False,Italy to France,0,0,0,0,3.3688721820587686,15,72,-0.2916666666666667,3.4339872044851463
2020-01-01,2020-01,2020,1,31,31,False,False,Italy to France,0,0,0,0,3.3688721820587686,15,73,-0.20833333333333334,3.4339872044851463
2020-02-01,2020-02,2020,2,29,29,False,False,Italy to France,0,0,0,0,3.3688721820587686,15,74,-0.125,3.367295829986474
2020-03-01,2020-03,2020,3,31,31,False,False,Italy to France,0,0,0,0,3.3688721820587686,15,75,-0.041666666666666664,3.4339872044851463
2020-04-01,2020-04,2020,4,30,30,False,False,Italy to France,0,0,0,0,3.3688721820587686,15,76,0.041666666666666664,3.4011973816621555
2020-05-01,2020-05,2020,5,31,31,False,False,Italy to France,0,0,0,0,3.3688721820587686,15,77,0.125,3.4339872044851463
2020-06-01,2020-06,2020,6,30,30,False,False,Italy to France,0,0,0,0,3.3688721820587686,15,78,0.20833333333333334,3.4011973816621555
2020-07-01,2020-07,2020,7,31,31,False,False,Italy to France,0,0,0,0,3.3688721820587686,15,79,0.2916666666666667,3.4339872044851463
2020-08-01,2020-08,2020,8,31,31,False,False,Italy to France,0,0,0,0,3.3688721820587686,15,80,0.375,3.4339872044851463
2020-09-01,2020-09,2020,9,30,30,False,False,Italy to France,0,0,0,0,3.3688721820587686,15,81,0.4583333333333333,3.4011973816621555
2020-10-01,2020-10,2020,10,31,31,False,False,Italy to France,1,1,1,0,1.0,15,82,0.5416666666666666,3.4339872044851463
2020-11-01,2020-11,2020,11,30,30,False,False,Italy to France,0,0,0,0,3.3688721820587686,15,83,0.625,3.4011973816621555
2020-12-01,2020-12,2020,12,31,31,False,False,Italy to France,0,0,0,0,3.3688721820587686,15,84,0.7083333333333334,3.4339872044851463
2021-01-01,2021-01,2021,1,31,31,False,False,Italy to France,0,0,0,0,3.3688721820587686,15,85,0.7916666666666666,3.4339872044851463
2021-02-01,2021-02,2021,2,28,28,False,False,Italy to France,0,0,0,0,3.3688721820587686,15,86,0.875,3.332204510175204
2021-03-01,2021-03,2021,3,31,31,False,False,Italy to France,0,0,0,0,3.3688721820587686,15,87,0.9583333333333334,3.4339872044851463
2021-04-01,2021-04,2021,4,30,30,False,False,Italy to France,0,0,0,0,3.3688721820587686,15,88,1.0416666666666667,3.4011973816621555
2021-05-01,2021-05,2021,5,31,31,False,False,Italy to France,0,0,0,0,3.3688721820587686,15,89,1.125,3.4339872044851463
2021-06-01,2021-06,2021,6,30,30,False,False,Italy to France,0,0,0,0,3.3688721820587686,15,90,1.2083333333333333,3.4011973816621555
2021-07-01,2021-07,2021,7,31,31,False,False,Italy to France,0,0,0,0,3.3688721820587686,15,91,1.2916666666666667,3.4339872044851463
2021-08-01,2021-08,2021,8,31,31,False,False,Italy to France,1,1,1,0,1.0,15,92,1.375,3.4339872044851463
2021-09-01,2021-09,2021,9,30,30,False,False,Italy to France,0,0,0,0,3.3688721820587686,15,93,1.4583333333333333,3.4011973816621555
2021-10-01,2021-10,2021,10,31,31,False,False,Italy to France,0,0,0,0,3.3688721820587686,15,94,1.5416666666666667,3.4339872044851463
2021-11-01,2021-11,2021,11,30,30,False,False,Italy to France,2,2,1,0,2.0,15,95,1.625,3.4011973816621555
2021-12-01,2021-12,2021,12,31,31,False,False,Italy to France,0,0,0,0,3.3688721820587686,15,96,1.7083333333333333,3.4339872044851463
2022-01-01,2022-01,2022,1,31,31,False,False,Italy to France,2,2,1,0,4.0,15,97,1.7916666666666667,3.4339872044851463
2022-02-01,2022-02,2022,2,28,28,False,False,Italy to France,1,1,1,0,3.0,15,98,1.875,3.332204510175204
2022-03-01,2022-03,2022,3,31,31,False,False,Italy to France,0,0,0,0,3.3688721820587686,15,99,1.9583333333333333,3.4339872044851463
2022-04-01,2022-04,2022,4,30,30,False,False,Italy to France,2,1,2,0,3.0,15,100,2.0416666666666665,3.4011973816621555
2022-05-01,2022-05,2022,5,31,31,False,False,Italy to France,0,0,0,0,3.3688721820587686,15,101,2.125,3.4339872044851463
2022-06-01,2022-06,2022,6,30,30,False,False,Italy to France,1,1,1,0,5.0,15,102,2.2083333333333335,3.4011973816621555
2022-07-01,2022-07,2022,7,31,31,False,False,Italy to France,0,0,0,0,3.3688721820587686,15,103,2.2916666666666665,3.4339872044851463
2022-08-01,2022-08,2022,8,31,31,False,False,Italy to France,0,0,0,0,3.3688721820587686,15,104,2.375,3.4339872044851463
2022-09-01,2022-09,2022,9,30,30,False,False,Italy to France,0,0,0,0,3.3688721820587686,15,105,2.4583333333333335,3.4011973816621555
2022-10-01,2022-10,2022,10,31,31,False,False,Italy to France,0,0,0,0,3.3688721820587686,15,106,2.5416666666666665,3.4339872044851463
2022-11-01,2022-11,2022,11,30,30,False,False,Italy to France,0,0,0,0,3.3688721820587686,15,107,2.625,3.4011973816621555
2022-12-01,2022-12,2022,12,31,31,False,False,Italy to France,0,0,0,0,3.3688721820587686,15,108,2.7083333333333335,3.4339872044851463
2023-01-01,2023-01,2023,1,31,31,False,False,Italy to France,1,1,1,0,3.0,15,109,2.7916666666666665,3.4339872044851463
2023-02-01,2023-02,2023,2,28,28,False,False,Italy to France,0,0,0,0,3.3688721820587686,15,110,2.875,3.332204510175204
2023-03-01,2023-03,2023,3,31,31,False,False,Italy to France,0,0,0,0,3.3688721820587686,15,111,2.9583333333333335,3.4339872044851463
2023-04-01,2023-04,2023,4,30,30,False,False,Italy to France,0,0,0,0,3.3688721820587686,15,112,3.0416666666666665,3.4011973816621555
2023-05-01,2023-05,2023,5,31,31,False,False,Italy to France,0,0,0,0,3.3688721820587686,15,113,3.125,3.4339872044851463
2023-06-01,2023-06,2023,6,30,30,False,False,Italy to France,0,0,0,0,3.3688721820587686,15,114,3.2083333333333335,3.4011973816621555
2023-07-01,2023-07,2023,7,31,31,False,False,Italy to France,0,0,0,0,3.3688721820587686,15,115,3.2916666666666665,3.4339872044851463
2023-08-01,2023-08,2023,8,31,31,False,False,Italy to France,1,1,1,0,3.0,15,116,3.375,3.4339872044851463
2023-09-01,2023-09,2023,9,30,30,False,False,Italy to France,0,0,0,0,3.3688721820587686,15,117,3.4583333333333335,3.4011973816621555
2023-10-01,2023-10,2023,10,31,31,False,False,Italy to France,1,1,1,0,3.0,15,118,3.5416666666666665,3.4339872044851463
2023-11-01,2023-11,2023,11,30,30,False,False,Italy to France,0,0,0,0,3.3688721820587686,15,119,3.625,3.4011973816621555
2023-12-01,2023-12,2023,12,31,31,False,False,Italy to France,0,0,0,0,3.3688721820587686,15,120,3.7083333333333335,3.4339872044851463
2024-01-01,2024-01,2024,1,31,31,False,False,Italy to France,0,0,0,0,3.3688721820587686,15,121,3.7916666666666665,3.4339872044851463
2024-02-01,2024-02,2024,2,29,29,False,False,Italy to France,0,0,0,0,3.3688721820587686,15,122,3.875,3.367295829986474
2024-03-01,2024-03,2024,3,31,31,False,False,Italy to France,0,0,0,0,3.3688721820587686,15,123,3.9583333333333335,3.4339872044851463
2024-04-01,2024-04,2024,4,30,30,False,False,Italy to France,0,0,0,0,3.3688721820587686,15,124,4.041666666666667,3.4011973816621555
2024-05-01,2024-05,2024,5,31,31,False,False,Italy to France,0,0,0,0,3.3688721820587686,15,125,4.125,3.4339872044851463
2024-06-01,2024-06,2024,6,30,30,False,False,Italy to France,0,0,0,0,3.3688721820587686,15,126,4.208333333333333,3.4011973816621555
2024-07-01,2024-07,2024,7,31,31,False,False,Italy to France,1,1,1,0,1.0,15,127,4.291666666666667,3.4339872044851463
2024-08-01,2024-08,2024,8,31,31,False,False,Italy to France,0,0,0,0,3.3688721820587686,15,128,4.375,3.4339872044851463
2024-09-01,2024-09,2024,9,30,30,False,False,Italy to France,0,0,0,0,3.3688721820587686,15,129,4.458333333333333,3.4011973816621555
2024-10-01,2024-10,2024,10,31,31,False,False,Italy to France,0,0,0,0,3.3688721820587686,15,130,4.541666666666667,3.4339872044851463
2024-11-01,2024-11,2024,11,30,30,False,False,Italy to France,0,0,0,0,3.3688721820587686,15,131,4.625,3.4011973816621555
2024-12-01,2024-12,2024,12,31,31,False,False,Italy to France,0,0,0,0,3.3688721820587686,15,132,4.708333333333333,3.4339872044851463
2025-01-01,2025-01,2025,1,31,31,False,False,Italy to France,0,0,0,0,3.3688721820587686,15,133,4.791666666666667,3.4339872044851463
2025-02-01,2025-02,2025,2,28,28,False,False,Italy to France,0,0,0,0,3.3688721820587686,15,134,4.875,3.332204510175204
2025-03-01,2025-03,2025,3,31,31,False,False,Italy to France,0,0,0,0,3.3688721820587686,15,135,4.958333333333333,3.4339872044851463
2025-04-01,2025-04,2025,4,30,30,False,False,Italy to France,0,0,0,0,3.3688721820587686,15,136,5.041666666666667,3.4011973816621555
2025-05-01,2025-05,2025,5,31,31,False,False,Italy to France,0,0,0,0,3.3688721820587686,15,137,5.125,3.4339872044851463
2025-06-01,2025-06,2025,6,30,30,False,False,Italy to France,0,0,0,0,3.3688721820587686,15,138,5.208333333333333,3.4011973816621555
2025-07-01,2025-07,2025,7,31,31,False,False,Italy to France,0,0,0,0,3.3688721820587686,15,139,5.291666666666667,3.4339872044851463
2025-08-01,2025-08,2025,8,31,31,False,False,Italy to France,0,0,0,0,3.3688721820587686,15,140,5.375,3.4339872044851463
2025-09-01,2025-09,2025,9,30,30,False,False,Italy to France,0,0,0,0,3.3688721820587686,15,141,5.458333333333333,3.4011973816621555
2025-10-01,2025-10,2025,10,31,31,False,False,Italy to France,0,0,0,0,3.3688721820587686,15,142,5.541666666666667,3.4339872044851463
2025-11-01,2025-11,2025,11,30,30,False,False,Italy to France,0,0,0,0,3.3688721820587686,15,143,5.625,3.4011973816621555
2025-12-01,2025-12,2025,12,31,31,False,False,Italy to France,0,0,0,0,3.3688721820587686,15,144,5.708333333333333,3.4339872044851463
2026-01-01,2026-01,2026,1,31,31,False,True,Italy to France,0,0,0,0,3.3688721820587686,15,145,5.791666666666667,3.4339872044851463
2026-02-01,2026-02,2026,2,28,28,False,True,Italy to France,0,0,0,0,3.3688721820587686,15,146,5.875,3.332204510175204
2026-03-01,2026-03,2026,3,31,31,False,True,Italy to France,0,0,0,0,3.3688721820587686,15,147,5.958333333333333,3.4339872044851463
2026-04-01,2026-04,2026,4,30,30,False,True,Italy to France,0,0,0,0,3.3688721820587686,15,148,6.041666666666667,3.4011973816621555
2026-05-01,2026-05,2026,5,31,31,False,True,Italy to France,0,0,0,0,3.3688721820587686,15,149,6.125,3.4339872044851463
2026-06-01,2026-06,2026,6,16,30,True,True,Italy to France,0,0,0,0,3.3688721820587686,15,150,6.208333333333333,2.772588722239781
2014-01-01,2014-01,2014,1,31,31,False,False,Mainland Europe to the UK,1,1,1,0,4.0,16,1,-6.208333333333333,3.4339872044851463
2014-02-01,2014-02,2014,2,28,28,False,False,Mainland Europe to the UK,0,0,0,0,3.3688721820587686,16,2,-6.125,3.332204510175204
2014-03-01,2014-03,2014,3,31,31,False,False,Mainland Europe to the UK,4,4,1,0,4.0,16,3,-6.041666666666667,3.4339872044851463
2014-04-01,2014-04,2014,4,30,30,False,False,Mainland Europe to the UK,0,0,0,0,3.3688721820587686,16,4,-5.958333333333333,3.4011973816621555
2014-05-01,2014-05,2014,5,31,31,False,False,Mainland Europe to the UK,2,2,1,0,4.0,16,5,-5.875,3.4339872044851463
2014-06-01,2014-06,2014,6,30,30,False,False,Mainland Europe to the UK,0,0,0,0,3.3688721820587686,16,6,-5.791666666666667,3.4011973816621555
2014-07-01,2014-07,2014,7,31,31,False,False,Mainland Europe to the UK,3,3,1,0,4.0,16,7,-5.708333333333333,3.4339872044851463
2014-08-01,2014-08,2014,8,31,31,False,False,Mainland Europe to the UK,1,1,1,0,4.0,16,8,-5.625,3.4339872044851463
2014-09-01,2014-09,2014,9,30,30,False,False,Mainland Europe to the UK,0,0,0,0,3.3688721820587686,16,9,-5.541666666666667,3.4011973816621555
2014-10-01,2014-10,2014,10,31,31,False,False,Mainland Europe to the UK,2,2,1,0,4.0,16,10,-5.458333333333333,3.4339872044851463
2014-11-01,2014-11,2014,11,30,30,False,False,Mainland Europe to the UK,2,1,2,0,4.0,16,11,-5.375,3.4011973816621555
2014-12-01,2014-12,2014,12,31,31,False,False,Mainland Europe to the UK,2,2,1,0,4.0,16,12,-5.291666666666667,3.4339872044851463
2015-01-01,2015-01,2015,1,31,31,False,False,Mainland Europe to the UK,0,0,0,0,3.3688721820587686,16,13,-5.208333333333333,3.4339872044851463
2015-02-01,2015-02,2015,2,28,28,False,False,Mainland Europe to the UK,1,1,1,0,4.0,16,14,-5.125,3.332204510175204
2015-03-01,2015-03,2015,3,31,31,False,False,Mainland Europe to the UK,0,0,0,0,3.3688721820587686,16,15,-5.041666666666667,3.4339872044851463
2015-04-01,2015-04,2015,4,30,30,False,False,Mainland Europe to the UK,0,0,0,0,3.3688721820587686,16,16,-4.958333333333333,3.4011973816621555
2015-05-01,2015-05,2015,5,31,31,False,False,Mainland Europe to the UK,0,0,0,0,3.3688721820587686,16,17,-4.875,3.4339872044851463
2015-06-01,2015-06,2015,6,30,30,False,False,Mainland Europe to the UK,3,3,1,0,4.0,16,18,-4.791666666666667,3.4011973816621555
2015-07-01,2015-07,2015,7,31,31,False,False,Mainland Europe to the UK,10,10,1,0,3.7,16,19,-4.708333333333333,3.4339872044851463
2015-08-01,2015-08,2015,8,31,31,False,False,Mainland Europe to the UK,0,0,0,0,3.3688721820587686,16,20,-4.625,3.4339872044851463
2015-09-01,2015-09,2015,9,30,30,False,False,Mainland Europe to the UK,6,6,1,0,3.5,16,21,-4.541666666666667,3.4011973816621555
2015-10-01,2015-10,2015,10,31,31,False,False,Mainland Europe to the UK,6,6,1,0,3.5,16,22,-4.458333333333333,3.4339872044851463
2015-11-01,2015-11,2015,11,30,30,False,False,Mainland Europe to the UK,1,1,1,0,4.0,16,23,-4.375,3.4011973816621555
2015-12-01,2015-12,2015,12,31,31,False,False,Mainland Europe to the UK,4,4,1,0,3.75,16,24,-4.291666666666667,3.4339872044851463
2016-01-01,2016-01,2016,1,31,31,False,False,Mainland Europe to the UK,1,1,1,0,4.0,16,25,-4.208333333333333,3.4339872044851463
2016-02-01,2016-02,2016,2,29,29,False,False,Mainland Europe to the UK,1,1,1,0,4.0,16,26,-4.125,3.367295829986474
2016-03-01,2016-03,2016,3,31,31,False,False,Mainland Europe to the UK,2,2,1,0,4.5,16,27,-4.041666666666667,3.4339872044851463
2016-04-01,2016-04,2016,4,30,30,False,False,Mainland Europe to the UK,1,1,1,0,4.0,16,28,-3.9583333333333335,3.4011973816621555
2016-05-01,2016-05,2016,5,31,31,False,False,Mainland Europe to the UK,2,2,1,0,4.0,16,29,-3.875,3.4339872044851463
2016-06-01,2016-06,2016,6,30,30,False,False,Mainland Europe to the UK,0,0,0,0,3.3688721820587686,16,30,-3.7916666666666665,3.4011973816621555
2016-07-01,2016-07,2016,7,31,31,False,False,Mainland Europe to the UK,5,5,1,0,4.2,16,31,-3.7083333333333335,3.4339872044851463
2016-08-01,2016-08,2016,8,31,31,False,False,Mainland Europe to the UK,1,1,1,0,4.0,16,32,-3.625,3.4339872044851463
2016-09-01,2016-09,2016,9,30,30,False,False,Mainland Europe to the UK,3,3,1,0,4.0,16,33,-3.5416666666666665,3.4011973816621555
2016-10-01,2016-10,2016,10,31,31,False,False,Mainland Europe to the UK,5,5,1,0,3.8,16,34,-3.4583333333333335,3.4339872044851463
2016-11-01,2016-11,2016,11,30,30,False,False,Mainland Europe to the UK,0,0,0,0,3.3688721820587686,16,35,-3.375,3.4011973816621555
2016-12-01,2016-12,2016,12,31,31,False,False,Mainland Europe to the UK,1,1,1,0,4.0,16,36,-3.2916666666666665,3.4339872044851463
2017-01-01,2017-01,2017,1,31,31,False,False,Mainland Europe to the UK,1,1,1,0,4.0,16,37,-3.2083333333333335,3.4339872044851463
2017-02-01,2017-02,2017,2,28,28,False,False,Mainland Europe to the UK,0,0,0,0,3.3688721820587686,16,38,-3.125,3.332204510175204
2017-03-01,2017-03,2017,3,31,31,False,False,Mainland Europe to the UK,1,1,1,0,4.0,16,39,-3.0416666666666665,3.4339872044851463
2017-04-01,2017-04,2017,4,30,30,False,False,Mainland Europe to the UK,0,0,0,0,3.3688721820587686,16,40,-2.9583333333333335,3.4011973816621555
2017-05-01,2017-05,2017,5,31,31,False,False,Mainland Europe to the UK,0,0,0,0,3.3688721820587686,16,41,-2.875,3.4339872044851463
2017-06-01,2017-06,2017,6,30,30,False,False,Mainland Europe to the UK,0,0,0,0,3.3688721820587686,16,42,-2.7916666666666665,3.4011973816621555
2017-07-01,2017-07,2017,7,31,31,False,False,Mainland Europe to the UK,1,1,1,0,4.0,16,43,-2.7083333333333335,3.4339872044851463
2017-08-01,2017-08,2017,8,31,31,False,False,Mainland Europe to the UK,1,1,1,0,4.0,16,44,-2.625,3.4339872044851463
2017-09-01,2017-09,2017,9,30,30,False,False,Mainland Europe to the UK,1,1,1,0,4.0,16,45,-2.5416666666666665,3.4011973816621555
2017-10-01,2017-10,2017,10,31,31,False,False,Mainland Europe to the UK,0,0,0,0,3.3688721820587686,16,46,-2.4583333333333335,3.4339872044851463
2017-11-01,2017-11,2017,11,30,30,False,False,Mainland Europe to the UK,1,1,1,0,4.0,16,47,-2.375,3.4011973816621555
2017-12-01,2017-12,2017,12,31,31,False,False,Mainland Europe to the UK,2,2,1,0,4.0,16,48,-2.2916666666666665,3.4339872044851463
2018-01-01,2018-01,2018,1,31,31,False,False,Mainland Europe to the UK,2,2,1,0,4.0,16,49,-2.2083333333333335,3.4339872044851463
2018-02-01,2018-02,2018,2,28,28,False,False,Mainland Europe to the UK,0,0,0,0,3.3688721820587686,16,50,-2.125,3.332204510175204
2018-03-01,2018-03,2018,3,31,31,False,False,Mainland Europe to the UK,2,2,1,0,4.0,16,51,-2.0416666666666665,3.4339872044851463
2018-04-01,2018-04,2018,4,30,30,False,False,Mainland Europe to the UK,0,0,0,0,3.3688721820587686,16,52,-1.9583333333333333,3.4011973816621555
2018-05-01,2018-05,2018,5,31,31,False,False,Mainland Europe to the UK,0,0,0,0,3.3688721820587686,16,53,-1.875,3.4339872044851463
2018-06-01,2018-06,2018,6,30,30,False,False,Mainland Europe to the UK,2,2,1,0,4.0,16,54,-1.7916666666666667,3.4011973816621555
2018-07-01,2018-07,2018,7,31,31,False,False,Mainland Europe to the UK,0,0,0,0,3.3688721820587686,16,55,-1.7083333333333333,3.4339872044851463
2018-08-01,2018-08,2018,8,31,31,False,False,Mainland Europe to the UK,1,1,1,0,4.0,16,56,-1.625,3.4339872044851463
2018-09-01,2018-09,2018,9,30,30,False,False,Mainland Europe to the UK,3,3,1,0,4.0,16,57,-1.5416666666666667,3.4011973816621555
2018-10-01,2018-10,2018,10,31,31,False,False,Mainland Europe to the UK,0,0,0,0,3.3688721820587686,16,58,-1.4583333333333333,3.4339872044851463
2018-11-01,2018-11,2018,11,30,30,False,False,Mainland Europe to the UK,1,1,1,0,4.0,16,59,-1.375,3.4011973816621555
2018-12-01,2018-12,2018,12,31,31,False,False,Mainland Europe to the UK,0,0,0,0,3.3688721820587686,16,60,-1.2916666666666667,3.4339872044851463
2019-01-01,2019-01,2019,1,31,31,False,False,Mainland Europe to the UK,1,1,1,0,4.0,16,61,-1.2083333333333333,3.4339872044851463
2019-02-01,2019-02,2019,2,28,28,False,False,Mainland Europe to the UK,0,0,0,0,3.3688721820587686,16,62,-1.125,3.332204510175204
2019-03-01,2019-03,2019,3,31,31,False,False,Mainland Europe to the UK,1,1,1,0,4.0,16,63,-1.0416666666666667,3.4339872044851463
2019-04-01,2019-04,2019,4,30,30,False,False,Mainland Europe to the UK,0,0,0,0,3.3688721820587686,16,64,-0.9583333333333334,3.4011973816621555
2019-05-01,2019-05,2019,5,31,31,False,False,Mainland Europe to the UK,1,1,1,0,4.0,16,65,-0.875,3.4339872044851463
2019-06-01,2019-06,2019,6,30,30,False,False,Mainland Europe to the UK,0,0,0,0,3.3688721820587686,16,66,-0.7916666666666666,3.4011973816621555
2019-07-01,2019-07,2019,7,31,31,False,False,Mainland Europe to the UK,1,1,1,0,4.0,16,67,-0.7083333333333334,3.4339872044851463
2019-08-01,2019-08,2019,8,31,31,False,False,Mainland Europe to the UK,2,2,1,0,4.0,16,68,-0.625,3.4339872044851463
2019-09-01,2019-09,2019,9,30,30,False,False,Mainland Europe to the UK,0,0,0,0,3.3688721820587686,16,69,-0.5416666666666666,3.4011973816621555
2019-10-01,2019-10,2019,10,31,31,False,False,Mainland Europe to the UK,41,2,39,0,4.5,16,70,-0.4583333333333333,3.4339872044851463
2019-11-01,2019-11,2019,11,30,30,False,False,Mainland Europe to the UK,2,2,1,0,4.0,16,71,-0.375,3.4011973816621555
2019-12-01,2019-12,2019,12,31,31,False,False,Mainland Europe to the UK,1,1,1,0,4.0,16,72,-0.2916666666666667,3.4339872044851463
2020-01-01,2020-01,2020,1,31,31,False,False,Mainland Europe to the UK,0,0,0,0,3.3688721820587686,16,73,-0.20833333333333334,3.4339872044851463
2020-02-01,2020-02,2020,2,29,29,False,False,Mainland Europe to the UK,0,0,0,0,3.3688721820587686,16,74,-0.125,3.367295829986474
2020-03-01,2020-03,2020,3,31,31,False,False,Mainland Europe to the UK,1,1,1,0,4.0,16,75,-0.041666666666666664,3.4339872044851463
2020-04-01,2020-04,2020,4,30,30,False,False,Mainland Europe to the UK,0,0,0,0,3.3688721820587686,16,76,0.041666666666666664,3.4011973816621555
2020-05-01,2020-05,2020,5,31,31,False,False,Mainland Europe to the UK,1,1,1,0,4.0,16,77,0.125,3.4339872044851463
2020-06-01,2020-06,2020,6,30,30,False,False,Mainland Europe to the UK,0,0,0,0,3.3688721820587686,16,78,0.20833333333333334,3.4011973816621555
2020-07-01,2020-07,2020,7,31,31,False,False,Mainland Europe to the UK,0,0,0,0,3.3688721820587686,16,79,0.2916666666666667,3.4339872044851463
2020-08-01,2020-08,2020,8,31,31,False,False,Mainland Europe to the UK,1,1,1,0,5.0,16,80,0.375,3.4339872044851463
2020-09-01,2020-09,2020,9,30,30,False,False,Mainland Europe to the UK,0,0,0,0,3.3688721820587686,16,81,0.4583333333333333,3.4011973816621555
2020-10-01,2020-10,2020,10,31,31,False,False,Mainland Europe to the UK,9,3,7,0,4.0,16,82,0.5416666666666666,3.4339872044851463
2020-11-01,2020-11,2020,11,30,30,False,False,Mainland Europe to the UK,1,1,1,0,4.0,16,83,0.625,3.4011973816621555
2020-12-01,2020-12,2020,12,31,31,False,False,Mainland Europe to the UK,0,0,0,0,3.3688721820587686,16,84,0.7083333333333334,3.4339872044851463
2021-01-01,2021-01,2021,1,31,31,False,False,Mainland Europe to the UK,1,1,1,0,4.0,16,85,0.7916666666666666,3.4339872044851463
2021-02-01,2021-02,2021,2,28,28,False,False,Mainland Europe to the UK,2,2,1,0,4.0,16,86,0.875,3.332204510175204
2021-03-01,2021-03,2021,3,31,31,False,False,Mainland Europe to the UK,1,1,1,0,4.0,16,87,0.9583333333333334,3.4339872044851463
2021-04-01,2021-04,2021,4,30,30,False,False,Mainland Europe to the UK,0,0,0,0,3.3688721820587686,16,88,1.0416666666666667,3.4011973816621555
2021-05-01,2021-05,2021,5,31,31,False,False,Mainland Europe to the UK,0,0,0,0,3.3688721820587686,16,89,1.125,3.4339872044851463
2021-06-01,2021-06,2021,6,30,30,False,False,Mainland Europe to the UK,0,0,0,0,3.3688721820587686,16,90,1.2083333333333333,3.4011973816621555
2021-07-01,2021-07,2021,7,31,31,False,False,Mainland Europe to the UK,0,0,0,0,3.3688721820587686,16,91,1.2916666666666667,3.4339872044851463
2021-08-01,2021-08,2021,8,31,31,False,False,Mainland Europe to the UK,1,1,1,0,4.0,16,92,1.375,3.4339872044851463
2021-09-01,2021-09,2021,9,30,30,False,False,Mainland Europe to the UK,1,1,1,0,3.0,16,93,1.4583333333333333,3.4011973816621555
2021-10-01,2021-10,2021,10,31,31,False,False,Mainland Europe to the UK,2,2,1,0,3.0,16,94,1.5416666666666667,3.4339872044851463
2021-11-01,2021-11,2021,11,30,30,False,False,Mainland Europe to the UK,7,4,3,0,3.5,16,95,1.625,3.4011973816621555
2021-12-01,2021-12,2021,12,31,31,False,False,Mainland Europe to the UK,3,3,1,0,3.0,16,96,1.7083333333333333,3.4339872044851463
2022-01-01,2022-01,2022,1,31,31,False,False,Mainland Europe to the UK,4,4,1,0,4.0,16,97,1.7916666666666667,3.4339872044851463
2022-02-01,2022-02,2022,2,28,28,False,False,Mainland Europe to the UK,1,1,1,0,4.0,16,98,1.875,3.332204510175204
2022-03-01,2022-03,2022,3,31,31,False,False,Mainland Europe to the UK,2,2,1,0,4.5,16,99,1.9583333333333333,3.4339872044851463
2022-04-01,2022-04,2022,4,30,30,False,False,Mainland Europe to the UK,0,0,0,0,3.3688721820587686,16,100,2.0416666666666665,3.4011973816621555
2022-05-01,2022-05,2022,5,31,31,False,False,Mainland Europe to the UK,2,2,1,0,4.0,16,101,2.125,3.4339872044851463
2022-06-01,2022-06,2022,6,30,30,False,False,Mainland Europe to the UK,2,2,1,0,4.0,16,102,2.2083333333333335,3.4011973816621555
2022-07-01,2022-07,2022,7,31,31,False,False,Mainland Europe to the UK,0,0,0,0,3.3688721820587686,16,103,2.2916666666666665,3.4339872044851463
2022-08-01,2022-08,2022,8,31,31,False,False,Mainland Europe to the UK,0,0,0,0,3.3688721820587686,16,104,2.375,3.4339872044851463
2022-09-01,2022-09,2022,9,30,30,False,False,Mainland Europe to the UK,0,0,0,0,3.3688721820587686,16,105,2.4583333333333335,3.4011973816621555
2022-10-01,2022-10,2022,10,31,31,False,False,Mainland Europe to the UK,0,0,0,0,3.3688721820587686,16,106,2.5416666666666665,3.4339872044851463
2022-11-01,2022-11,2022,11,30,30,False,False,Mainland Europe to the UK,1,1,1,0,4.0,16,107,2.625,3.4011973816621555
2022-12-01,2022-12,2022,12,31,31,False,False,Mainland Europe to the UK,4,1,4,0,5.0,16,108,2.7083333333333335,3.4339872044851463
2023-01-01,2023-01,2023,1,31,31,False,False,Mainland Europe to the UK,0,0,0,0,3.3688721820587686,16,109,2.7916666666666665,3.4339872044851463
2023-02-01,2023-02,2023,2,28,28,False,False,Mainland Europe to the UK,0,0,0,0,3.3688721820587686,16,110,2.875,3.332204510175204
2023-03-01,2023-03,2023,3,31,31,False,False,Mainland Europe to the UK,0,0,0,0,3.3688721820587686,16,111,2.9583333333333335,3.4339872044851463
2023-04-01,2023-04,2023,4,30,30,False,False,Mainland Europe to the UK,0,0,0,0,3.3688721820587686,16,112,3.0416666666666665,3.4011973816621555
2023-05-01,2023-05,2023,5,31,31,False,False,Mainland Europe to the UK,2,2,1,0,4.0,16,113,3.125,3.4339872044851463
2023-06-01,2023-06,2023,6,30,30,False,False,Mainland Europe to the UK,0,0,0,0,3.3688721820587686,16,114,3.2083333333333335,3.4011973816621555
2023-07-01,2023-07,2023,7,31,31,False,False,Mainland Europe to the UK,1,1,1,0,4.0,16,115,3.2916666666666665,3.4339872044851463
2023-08-01,2023-08,2023,8,31,31,False,False,Mainland Europe to the UK,7,1,7,0,5.0,16,116,3.375,3.4339872044851463
2023-09-01,2023-09,2023,9,30,30,False,False,Mainland Europe to the UK,4,4,1,0,4.0,16,117,3.4583333333333335,3.4011973816621555
2023-10-01,2023-10,2023,10,31,31,False,False,Mainland Europe to the UK,1,1,1,0,4.0,16,118,3.5416666666666665,3.4339872044851463
2023-11-01,2023-11,2023,11,30,30,False,False,Mainland Europe to the UK,4,2,3,0,4.5,16,119,3.625,3.4011973816621555
2023-12-01,2023-12,2023,12,31,31,False,False,Mainland Europe to the UK,2,2,1,0,4.0,16,120,3.7083333333333335,3.4339872044851463
2024-01-01,2024-01,2024,1,31,31,False,False,Mainland Europe to the UK,6,2,5,0,4.5,16,121,3.7916666666666665,3.4339872044851463
2024-02-01,2024-02,2024,2,29,29,False,False,Mainland Europe to the UK,1,1,1,0,4.0,16,122,3.875,3.367295829986474
2024-03-01,2024-03,2024,3,31,31,False,False,Mainland Europe to the UK,0,0,0,0,3.3688721820587686,16,123,3.9583333333333335,3.4339872044851463
2024-04-01,2024-04,2024,4,30,30,False,False,Mainland Europe to the UK,3,3,1,0,4.0,16,124,4.041666666666667,3.4011973816621555
2024-05-01,2024-05,2024,5,31,31,False,False,Mainland Europe to the UK,1,1,1,0,4.0,16,125,4.125,3.4339872044851463
2024-06-01,2024-06,2024,6,30,30,False,False,Mainland Europe to the UK,0,0,0,0,3.3688721820587686,16,126,4.208333333333333,3.4011973816621555
2024-07-01,2024-07,2024,7,31,31,False,False,Mainland Europe to the UK,8,5,4,0,4.8,16,127,4.291666666666667,3.4339872044851463
2024-08-01,2024-08,2024,8,31,31,False,False,Mainland Europe to the UK,3,2,2,0,4.5,16,128,4.375,3.4339872044851463
2024-09-01,2024-09,2024,9,30,30,False,False,Mainland Europe to the UK,14,2,13,0,4.0,16,129,4.458333333333333,3.4011973816621555
2024-10-01,2024-10,2024,10,31,31,False,False,Mainland Europe to the UK,4,4,1,0,4.75,16,130,4.541666666666667,3.4339872044851463
2024-11-01,2024-11,2024,11,30,30,False,False,Mainland Europe to the UK,5,5,1,0,4.2,16,131,4.625,3.4011973816621555
2024-12-01,2024-12,2024,12,31,31,False,False,Mainland Europe to the UK,2,2,1,0,4.0,16,132,4.708333333333333,3.4339872044851463
2025-01-01,2025-01,2025,1,31,31,False,False,Mainland Europe to the UK,3,3,1,0,4.0,16,133,4.791666666666667,3.4339872044851463
2025-02-01,2025-02,2025,2,28,28,False,False,Mainland Europe to the UK,2,2,1,0,4.5,16,134,4.875,3.332204510175204
2025-03-01,2025-03,2025,3,31,31,False,False,Mainland Europe to the UK,5,5,1,0,4.4,16,135,4.958333333333333,3.4339872044851463
2025-04-01,2025-04,2025,4,30,30,False,False,Mainland Europe to the UK,1,1,1,0,5.0,16,136,5.041666666666667,3.4011973816621555
2025-05-01,2025-05,2025,5,31,31,False,False,Mainland Europe to the UK,6,4,2,0,4.75,16,137,5.125,3.4339872044851463
2025-06-01,2025-06,2025,6,30,30,False,False,Mainland Europe to the UK,0,0,0,0,3.3688721820587686,16,138,5.208333333333333,3.4011973816621555
2025-07-01,2025-07,2025,7,31,31,False,False,Mainland Europe to the UK,2,2,1,0,3.5,16,139,5.291666666666667,3.4339872044851463
2025-08-01,2025-08,2025,8,31,31,False,False,Mainland Europe to the UK,3,3,1,0,3.6666666666666665,16,140,5.375,3.4339872044851463
2025-09-01,2025-09,2025,9,30,30,False,False,Mainland Europe to the UK,9,6,3,0,4.0,16,141,5.458333333333333,3.4011973816621555
2025-10-01,2025-10,2025,10,31,31,False,False,Mainland Europe to the UK,0,0,0,0,3.3688721820587686,16,142,5.541666666666667,3.4339872044851463
2025-11-01,2025-11,2025,11,30,30,False,False,Mainland Europe to the UK,0,0,0,0,3.3688721820587686,16,143,5.625,3.4011973816621555
2025-12-01,2025-12,2025,12,31,31,False,False,Mainland Europe to the UK,0,0,0,0,3.3688721820587686,16,144,5.708333333333333,3.4339872044851463
2026-01-01,2026-01,2026,1,31,31,False,True,Mainland Europe to the UK,1,1,1,0,3.0,16,145,5.791666666666667,3.4339872044851463
2026-02-01,2026-02,2026,2,28,28,False,True,Mainland Europe to the UK,0,0,0,0,3.3688721820587686,16,146,5.875,3.332204510175204
2026-03-01,2026-03,2026,3,31,31,False,True,Mainland Europe to the UK,1,1,1,0,3.0,16,147,5.958333333333333,3.4339872044851463
2026-04-01,2026-04,2026,4,30,30,False,True,Mainland Europe to the UK,4,1,4,0,3.0,16,148,6.041666666666667,3.4011973816621555
2026-05-01,2026-05,2026,5,31,31,False,True,Mainland Europe to the UK,2,1,2,0,5.0,16,149,6.125,3.4339872044851463
2026-06-01,2026-06,2026,6,16,30,True,True,Mainland Europe to the UK,0,0,0,0,3.3688721820587686,16,150,6.208333333333333,2.772588722239781
2014-01-01,2014-01,2014,1,31,31,False,False,Naf River crossing,0,0,0,0,3.3688721820587686,17,1,-6.208333333333333,3.4339872044851463
2014-02-01,2014-02,2014,2,28,28,False,False,Naf River crossing,0,0,0,0,3.3688721820587686,17,2,-6.125,3.332204510175204
2014-03-01,2014-03,2014,3,31,31,False,False,Naf River crossing,0,0,0,0,3.3688721820587686,17,3,-6.041666666666667,3.4339872044851463
2014-04-01,2014-04,2014,4,30,30,False,False,Naf River crossing,0,0,0,0,3.3688721820587686,17,4,-5.958333333333333,3.4011973816621555
2014-05-01,2014-05,2014,5,31,31,False,False,Naf River crossing,0,0,0,0,3.3688721820587686,17,5,-5.875,3.4339872044851463
2014-06-01,2014-06,2014,6,30,30,False,False,Naf River crossing,0,0,0,0,3.3688721820587686,17,6,-5.791666666666667,3.4011973816621555
2014-07-01,2014-07,2014,7,31,31,False,False,Naf River crossing,0,0,0,0,3.3688721820587686,17,7,-5.708333333333333,3.4339872044851463
2014-08-01,2014-08,2014,8,31,31,False,False,Naf River crossing,0,0,0,0,3.3688721820587686,17,8,-5.625,3.4339872044851463
2014-09-01,2014-09,2014,9,30,30,False,False,Naf River crossing,0,0,0,0,3.3688721820587686,17,9,-5.541666666666667,3.4011973816621555
2014-10-01,2014-10,2014,10,31,31,False,False,Naf River crossing,0,0,0,0,3.3688721820587686,17,10,-5.458333333333333,3.4339872044851463
2014-11-01,2014-11,2014,11,30,30,False,False,Naf River crossing,0,0,0,0,3.3688721820587686,17,11,-5.375,3.4011973816621555
2014-12-01,2014-12,2014,12,31,31,False,False,Naf River crossing,0,0,0,0,3.3688721820587686,17,12,-5.291666666666667,3.4339872044851463
2015-01-01,2015-01,2015,1,31,31,False,False,Naf River crossing,0,0,0,0,3.3688721820587686,17,13,-5.208333333333333,3.4339872044851463
2015-02-01,2015-02,2015,2,28,28,False,False,Naf River crossing,0,0,0,0,3.3688721820587686,17,14,-5.125,3.332204510175204
2015-03-01,2015-03,2015,3,31,31,False,False,Naf River crossing,0,0,0,0,3.3688721820587686,17,15,-5.041666666666667,3.4339872044851463
2015-04-01,2015-04,2015,4,30,30,False,False,Naf River crossing,0,0,0,0,3.3688721820587686,17,16,-4.958333333333333,3.4011973816621555
2015-05-01,2015-05,2015,5,31,31,False,False,Naf River crossing,0,0,0,0,3.3688721820587686,17,17,-4.875,3.4339872044851463
2015-06-01,2015-06,2015,6,30,30,False,False,Naf River crossing,0,0,0,0,3.3688721820587686,17,18,-4.791666666666667,3.4011973816621555
2015-07-01,2015-07,2015,7,31,31,False,False,Naf River crossing,0,0,0,0,3.3688721820587686,17,19,-4.708333333333333,3.4339872044851463
2015-08-01,2015-08,2015,8,31,31,False,False,Naf River crossing,0,0,0,0,3.3688721820587686,17,20,-4.625,3.4339872044851463
2015-09-01,2015-09,2015,9,30,30,False,False,Naf River crossing,0,0,0,0,3.3688721820587686,17,21,-4.541666666666667,3.4011973816621555
2015-10-01,2015-10,2015,10,31,31,False,False,Naf River crossing,0,0,0,0,3.3688721820587686,17,22,-4.458333333333333,3.4339872044851463
2015-11-01,2015-11,2015,11,30,30,False,False,Naf River crossing,0,0,0,0,3.3688721820587686,17,23,-4.375,3.4011973816621555
2015-12-01,2015-12,2015,12,31,31,False,False,Naf River crossing,0,0,0,0,3.3688721820587686,17,24,-4.291666666666667,3.4339872044851463
2016-01-01,2016-01,2016,1,31,31,False,False,Naf River crossing,0,0,0,0,3.3688721820587686,17,25,-4.208333333333333,3.4339872044851463
2016-02-01,2016-02,2016,2,29,29,False,False,Naf River crossing,0,0,0,0,3.3688721820587686,17,26,-4.125,3.367295829986474
2016-03-01,2016-03,2016,3,31,31,False,False,Naf River crossing,0,0,0,0,3.3688721820587686,17,27,-4.041666666666667,3.4339872044851463
2016-04-01,2016-04,2016,4,30,30,False,False,Naf River crossing,0,0,0,0,3.3688721820587686,17,28,-3.9583333333333335,3.4011973816621555
2016-05-01,2016-05,2016,5,31,31,False,False,Naf River crossing,0,0,0,0,3.3688721820587686,17,29,-3.875,3.4339872044851463
2016-06-01,2016-06,2016,6,30,30,False,False,Naf River crossing,0,0,0,0,3.3688721820587686,17,30,-3.7916666666666665,3.4011973816621555
2016-07-01,2016-07,2016,7,31,31,False,False,Naf River crossing,0,0,0,0,3.3688721820587686,17,31,-3.7083333333333335,3.4339872044851463
2016-08-01,2016-08,2016,8,31,31,False,False,Naf River crossing,0,0,0,0,3.3688721820587686,17,32,-3.625,3.4339872044851463
2016-09-01,2016-09,2016,9,30,30,False,False,Naf River crossing,0,0,0,0,3.3688721820587686,17,33,-3.5416666666666665,3.4011973816621555
2016-10-01,2016-10,2016,10,31,31,False,False,Naf River crossing,0,0,0,0,3.3688721820587686,17,34,-3.4583333333333335,3.4339872044851463
2016-11-01,2016-11,2016,11,30,30,False,False,Naf River crossing,9,3,5,0,3.0,17,35,-3.375,3.4011973816621555
2016-12-01,2016-12,2016,12,31,31,False,False,Naf River crossing,50,4,30,0,3.0,17,36,-3.2916666666666665,3.4339872044851463
2017-01-01,2017-01,2017,1,31,31,False,False,Naf River crossing,0,0,0,0,3.3688721820587686,17,37,-3.2083333333333335,3.4339872044851463
2017-02-01,2017-02,2017,2,28,28,False,False,Naf River crossing,0,0,0,0,3.3688721820587686,17,38,-3.125,3.332204510175204
2017-03-01,2017-03,2017,3,31,31,False,False,Naf River crossing,0,0,0,0,3.3688721820587686,17,39,-3.0416666666666665,3.4339872044851463
2017-04-01,2017-04,2017,4,30,30,False,False,Naf River crossing,1,1,1,0,1.0,17,40,-2.9583333333333335,3.4011973816621555
2017-05-01,2017-05,2017,5,31,31,False,False,Naf River crossing,0,0,0,0,3.3688721820587686,17,41,-2.875,3.4339872044851463
2017-06-01,2017-06,2017,6,30,30,False,False,Naf River crossing,0,0,0,0,3.3688721820587686,17,42,-2.7916666666666665,3.4011973816621555
2017-07-01,2017-07,2017,7,31,31,False,False,Naf River crossing,0,0,0,0,3.3688721820587686,17,43,-2.7083333333333335,3.4339872044851463
2017-08-01,2017-08,2017,8,31,31,False,False,Naf River crossing,19,1,19,0,5.0,17,44,-2.625,3.4339872044851463
2017-09-01,2017-09,2017,9,30,30,False,False,Naf River crossing,83,16,26,0,4.5625,17,45,-2.5416666666666665,3.4011973816621555
2017-10-01,2017-10,2017,10,31,31,False,False,Naf River crossing,72,2,41,0,4.0,17,46,-2.4583333333333335,3.4339872044851463
2017-11-01,2017-11,2017,11,30,30,False,False,Naf River crossing,0,0,0,0,3.3688721820587686,17,47,-2.375,3.4011973816621555
2017-12-01,2017-12,2017,12,31,31,False,False,Naf River crossing,0,0,0,0,3.3688721820587686,17,48,-2.2916666666666665,3.4339872044851463
2018-01-01,2018-01,2018,1,31,31,False,False,Naf River crossing,0,0,0,0,3.3688721820587686,17,49,-2.2083333333333335,3.4339872044851463
2018-02-01,2018-02,2018,2,28,28,False,False,Naf River crossing,3,1,3,0,4.0,17,50,-2.125,3.332204510175204
2018-03-01,2018-03,2018,3,31,31,False,False,Naf River crossing,0,0,0,0,3.3688721820587686,17,51,-2.0416666666666665,3.4339872044851463
2018-04-01,2018-04,2018,4,30,30,False,False,Naf River crossing,0,0,0,0,3.3688721820587686,17,52,-1.9583333333333333,3.4011973816621555
2018-05-01,2018-05,2018,5,31,31,False,False,Naf River crossing,0,0,0,0,3.3688721820587686,17,53,-1.875,3.4339872044851463
2018-06-01,2018-06,2018,6,30,30,False,False,Naf River crossing,0,0,0,0,3.3688721820587686,17,54,-1.7916666666666667,3.4011973816621555
2018-07-01,2018-07,2018,7,31,31,False,False,Naf River crossing,0,0,0,0,3.3688721820587686,17,55,-1.7083333333333333,3.4339872044851463
2018-08-01,2018-08,2018,8,31,31,False,False,Naf River crossing,0,0,0,0,3.3688721820587686,17,56,-1.625,3.4339872044851463
2018-09-01,2018-09,2018,9,30,30,False,False,Naf River crossing,0,0,0,0,3.3688721820587686,17,57,-1.5416666666666667,3.4011973816621555
2018-10-01,2018-10,2018,10,31,31,False,False,Naf River crossing,0,0,0,0,3.3688721820587686,17,58,-1.4583333333333333,3.4339872044851463
2018-11-01,2018-11,2018,11,30,30,False,False,Naf River crossing,0,0,0,0,3.3688721820587686,17,59,-1.375,3.4011973816621555
2018-12-01,2018-12,2018,12,31,31,False,False,Naf River crossing,0,0,0,0,3.3688721820587686,17,60,-1.2916666666666667,3.4339872044851463
2019-01-01,2019-01,2019,1,31,31,False,False,Naf River crossing,0,0,0,0,3.3688721820587686,17,61,-1.2083333333333333,3.4339872044851463
2019-02-01,2019-02,2019,2,28,28,False,False,Naf River crossing,0,0,0,0,3.3688721820587686,17,62,-1.125,3.332204510175204
2019-03-01,2019-03,2019,3,31,31,False,False,Naf River crossing,0,0,0,0,3.3688721820587686,17,63,-1.0416666666666667,3.4339872044851463
2019-04-01,2019-04,2019,4,30,30,False,False,Naf River crossing,0,0,0,0,3.3688721820587686,17,64,-0.9583333333333334,3.4011973816621555
2019-05-01,2019-05,2019,5,31,31,False,False,Naf River crossing,4,1,4,0,4.0,17,65,-0.875,3.4339872044851463
2019-06-01,2019-06,2019,6,30,30,False,False,Naf River crossing,0,0,0,0,3.3688721820587686,17,66,-0.7916666666666666,3.4011973816621555
2019-07-01,2019-07,2019,7,31,31,False,False,Naf River crossing,0,0,0,0,3.3688721820587686,17,67,-0.7083333333333334,3.4339872044851463
2019-08-01,2019-08,2019,8,31,31,False,False,Naf River crossing,0,0,0,0,3.3688721820587686,17,68,-0.625,3.4339872044851463
2019-09-01,2019-09,2019,9,30,30,False,False,Naf River crossing,0,0,0,0,3.3688721820587686,17,69,-0.5416666666666666,3.4011973816621555
2019-10-01,2019-10,2019,10,31,31,False,False,Naf River crossing,0,0,0,0,3.3688721820587686,17,70,-0.4583333333333333,3.4339872044851463
2019-11-01,2019-11,2019,11,30,30,False,False,Naf River crossing,0,0,0,0,3.3688721820587686,17,71,-0.375,3.4011973816621555
2019-12-01,2019-12,2019,12,31,31,False,False,Naf River crossing,0,0,0,0,3.3688721820587686,17,72,-0.2916666666666667,3.4339872044851463
2020-01-01,2020-01,2020,1,31,31,False,False,Naf River crossing,0,0,0,0,3.3688721820587686,17,73,-0.20833333333333334,3.4339872044851463
2020-02-01,2020-02,2020,2,29,29,False,False,Naf River crossing,0,0,0,0,3.3688721820587686,17,74,-0.125,3.367295829986474
2020-03-01,2020-03,2020,3,31,31,False,False,Naf River crossing,0,0,0,0,3.3688721820587686,17,75,-0.041666666666666664,3.4339872044851463
2020-04-01,2020-04,2020,4,30,30,False,False,Naf River crossing,0,0,0,0,3.3688721820587686,17,76,0.041666666666666664,3.4011973816621555
2020-05-01,2020-05,2020,5,31,31,False,False,Naf River crossing,0,0,0,0,3.3688721820587686,17,77,0.125,3.4339872044851463
2020-06-01,2020-06,2020,6,30,30,False,False,Naf River crossing,0,0,0,0,3.3688721820587686,17,78,0.20833333333333334,3.4011973816621555
2020-07-01,2020-07,2020,7,31,31,False,False,Naf River crossing,0,0,0,0,3.3688721820587686,17,79,0.2916666666666667,3.4339872044851463
2020-08-01,2020-08,2020,8,31,31,False,False,Naf River crossing,0,0,0,0,3.3688721820587686,17,80,0.375,3.4339872044851463
2020-09-01,2020-09,2020,9,30,30,False,False,Naf River crossing,0,0,0,0,3.3688721820587686,17,81,0.4583333333333333,3.4011973816621555
2020-10-01,2020-10,2020,10,31,31,False,False,Naf River crossing,0,0,0,0,3.3688721820587686,17,82,0.5416666666666666,3.4339872044851463
2020-11-01,2020-11,2020,11,30,30,False,False,Naf River crossing,0,0,0,0,3.3688721820587686,17,83,0.625,3.4011973816621555
2020-12-01,2020-12,2020,12,31,31,False,False,Naf River crossing,0,0,0,0,3.3688721820587686,17,84,0.7083333333333334,3.4339872044851463
2021-01-01,2021-01,2021,1,31,31,False,False,Naf River crossing,0,0,0,0,3.3688721820587686,17,85,0.7916666666666666,3.4339872044851463
2021-02-01,2021-02,2021,2,28,28,False,False,Naf River crossing,0,0,0,0,3.3688721820587686,17,86,0.875,3.332204510175204
2021-03-01,2021-03,2021,3,31,31,False,False,Naf River crossing,0,0,0,0,3.3688721820587686,17,87,0.9583333333333334,3.4339872044851463
2021-04-01,2021-04,2021,4,30,30,False,False,Naf River crossing,0,0,0,0,3.3688721820587686,17,88,1.0416666666666667,3.4011973816621555
2021-05-01,2021-05,2021,5,31,31,False,False,Naf River crossing,0,0,0,0,3.3688721820587686,17,89,1.125,3.4339872044851463
2021-06-01,2021-06,2021,6,30,30,False,False,Naf River crossing,0,0,0,0,3.3688721820587686,17,90,1.2083333333333333,3.4011973816621555
2021-07-01,2021-07,2021,7,31,31,False,False,Naf River crossing,0,0,0,0,3.3688721820587686,17,91,1.2916666666666667,3.4339872044851463
2021-08-01,2021-08,2021,8,31,31,False,False,Naf River crossing,0,0,0,0,3.3688721820587686,17,92,1.375,3.4339872044851463
2021-09-01,2021-09,2021,9,30,30,False,False,Naf River crossing,0,0,0,0,3.3688721820587686,17,93,1.4583333333333333,3.4011973816621555
2021-10-01,2021-10,2021,10,31,31,False,False,Naf River crossing,0,0,0,0,3.3688721820587686,17,94,1.5416666666666667,3.4339872044851463
2021-11-01,2021-11,2021,11,30,30,False,False,Naf River crossing,0,0,0,0,3.3688721820587686,17,95,1.625,3.4011973816621555
2021-12-01,2021-12,2021,12,31,31,False,False,Naf River crossing,0,0,0,0,3.3688721820587686,17,96,1.7083333333333333,3.4339872044851463
2022-01-01,2022-01,2022,1,31,31,False,False,Naf River crossing,0,0,0,0,3.3688721820587686,17,97,1.7916666666666667,3.4339872044851463
2022-02-01,2022-02,2022,2,28,28,False,False,Naf River crossing,0,0,0,0,3.3688721820587686,17,98,1.875,3.332204510175204
2022-03-01,2022-03,2022,3,31,31,False,False,Naf River crossing,0,0,0,0,3.3688721820587686,17,99,1.9583333333333333,3.4339872044851463
2022-04-01,2022-04,2022,4,30,30,False,False,Naf River crossing,0,0,0,0,3.3688721820587686,17,100,2.0416666666666665,3.4011973816621555
2022-05-01,2022-05,2022,5,31,31,False,False,Naf River crossing,0,0,0,0,3.3688721820587686,17,101,2.125,3.4339872044851463
2022-06-01,2022-06,2022,6,30,30,False,False,Naf River crossing,0,0,0,0,3.3688721820587686,17,102,2.2083333333333335,3.4011973816621555
2022-07-01,2022-07,2022,7,31,31,False,False,Naf River crossing,0,0,0,0,3.3688721820587686,17,103,2.2916666666666665,3.4339872044851463
2022-08-01,2022-08,2022,8,31,31,False,False,Naf River crossing,0,0,0,0,3.3688721820587686,17,104,2.375,3.4339872044851463
2022-09-01,2022-09,2022,9,30,30,False,False,Naf River crossing,0,0,0,0,3.3688721820587686,17,105,2.4583333333333335,3.4011973816621555
2022-10-01,2022-10,2022,10,31,31,False,False,Naf River crossing,0,0,0,0,3.3688721820587686,17,106,2.5416666666666665,3.4339872044851463
2022-11-01,2022-11,2022,11,30,30,False,False,Naf River crossing,0,0,0,0,3.3688721820587686,17,107,2.625,3.4011973816621555
2022-12-01,2022-12,2022,12,31,31,False,False,Naf River crossing,0,0,0,0,3.3688721820587686,17,108,2.7083333333333335,3.4339872044851463
2023-01-01,2023-01,2023,1,31,31,False,False,Naf River crossing,0,0,0,0,3.3688721820587686,17,109,2.7916666666666665,3.4339872044851463
2023-02-01,2023-02,2023,2,28,28,False,False,Naf River crossing,0,0,0,0,3.3688721820587686,17,110,2.875,3.332204510175204
2023-03-01,2023-03,2023,3,31,31,False,False,Naf River crossing,0,0,0,0,3.3688721820587686,17,111,2.9583333333333335,3.4339872044851463
2023-04-01,2023-04,2023,4,30,30,False,False,Naf River crossing,0,0,0,0,3.3688721820587686,17,112,3.0416666666666665,3.4011973816621555
2023-05-01,2023-05,2023,5,31,31,False,False,Naf River crossing,0,0,0,0,3.3688721820587686,17,113,3.125,3.4339872044851463
2023-06-01,2023-06,2023,6,30,30,False,False,Naf River crossing,0,0,0,0,3.3688721820587686,17,114,3.2083333333333335,3.4011973816621555
2023-07-01,2023-07,2023,7,31,31,False,False,Naf River crossing,0,0,0,0,3.3688721820587686,17,115,3.2916666666666665,3.4339872044851463
2023-08-01,2023-08,2023,8,31,31,False,False,Naf River crossing,0,0,0,0,3.3688721820587686,17,116,3.375,3.4339872044851463
2023-09-01,2023-09,2023,9,30,30,False,False,Naf River crossing,0,0,0,0,3.3688721820587686,17,117,3.4583333333333335,3.4011973816621555
2023-10-01,2023-10,2023,10,31,31,False,False,Naf River crossing,0,0,0,0,3.3688721820587686,17,118,3.5416666666666665,3.4339872044851463
2023-11-01,2023-11,2023,11,30,30,False,False,Naf River crossing,0,0,0,0,3.3688721820587686,17,119,3.625,3.4011973816621555
2023-12-01,2023-12,2023,12,31,31,False,False,Naf River crossing,0,0,0,0,3.3688721820587686,17,120,3.7083333333333335,3.4339872044851463
2024-01-01,2024-01,2024,1,31,31,False,False,Naf River crossing,0,0,0,0,3.3688721820587686,17,121,3.7916666666666665,3.4339872044851463
2024-02-01,2024-02,2024,2,29,29,False,False,Naf River crossing,0,0,0,0,3.3688721820587686,17,122,3.875,3.367295829986474
2024-03-01,2024-03,2024,3,31,31,False,False,Naf River crossing,0,0,0,0,3.3688721820587686,17,123,3.9583333333333335,3.4339872044851463
2024-04-01,2024-04,2024,4,30,30,False,False,Naf River crossing,0,0,0,0,3.3688721820587686,17,124,4.041666666666667,3.4011973816621555
2024-05-01,2024-05,2024,5,31,31,False,False,Naf River crossing,0,0,0,0,3.3688721820587686,17,125,4.125,3.4339872044851463
2024-06-01,2024-06,2024,6,30,30,False,False,Naf River crossing,1,1,1,0,3.0,17,126,4.208333333333333,3.4011973816621555
2024-07-01,2024-07,2024,7,31,31,False,False,Naf River crossing,0,0,0,0,3.3688721820587686,17,127,4.291666666666667,3.4339872044851463
2024-08-01,2024-08,2024,8,31,31,False,False,Naf River crossing,218,4,150,1,3.0,17,128,4.375,3.4339872044851463
2024-09-01,2024-09,2024,9,30,30,False,False,Naf River crossing,14,2,11,0,3.0,17,129,4.458333333333333,3.4011973816621555
2024-10-01,2024-10,2024,10,31,31,False,False,Naf River crossing,1,1,1,0,1.0,17,130,4.541666666666667,3.4339872044851463
2024-11-01,2024-11,2024,11,30,30,False,False,Naf River crossing,50,1,50,0,2.0,17,131,4.625,3.4011973816621555
2024-12-01,2024-12,2024,12,31,31,False,False,Naf River crossing,1,1,1,0,1.0,17,132,4.708333333333333,3.4339872044851463
2025-01-01,2025-01,2025,1,31,31,False,False,Naf River crossing,0,0,0,0,3.3688721820587686,17,133,4.791666666666667,3.4339872044851463
2025-02-01,2025-02,2025,2,28,28,False,False,Naf River crossing,0,0,0,0,3.3688721820587686,17,134,4.875,3.332204510175204
2025-03-01,2025-03,2025,3,31,31,False,False,Naf River crossing,30,1,30,0,4.0,17,135,4.958333333333333,3.4339872044851463
2025-04-01,2025-04,2025,4,30,30,False,False,Naf River crossing,0,0,0,0,3.3688721820587686,17,136,5.041666666666667,3.4011973816621555
2025-05-01,2025-05,2025,5,31,31,False,False,Naf River crossing,0,0,0,0,3.3688721820587686,17,137,5.125,3.4339872044851463
2025-06-01,2025-06,2025,6,30,30,False,False,Naf River crossing,0,0,0,0,3.3688721820587686,17,138,5.208333333333333,3.4011973816621555
2025-07-01,2025-07,2025,7,31,31,False,False,Naf River crossing,0,0,0,0,3.3688721820587686,17,139,5.291666666666667,3.4339872044851463
2025-08-01,2025-08,2025,8,31,31,False,False,Naf River crossing,0,0,0,0,3.3688721820587686,17,140,5.375,3.4339872044851463
2025-09-01,2025-09,2025,9,30,30,False,False,Naf River crossing,0,0,0,0,3.3688721820587686,17,141,5.458333333333333,3.4011973816621555
2025-10-01,2025-10,2025,10,31,31,False,False,Naf River crossing,4,1,4,0,4.0,17,142,5.541666666666667,3.4339872044851463
2025-11-01,2025-11,2025,11,30,30,False,False,Naf River crossing,0,0,0,0,3.3688721820587686,17,143,5.625,3.4011973816621555
2025-12-01,2025-12,2025,12,31,31,False,False,Naf River crossing,0,0,0,0,3.3688721820587686,17,144,5.708333333333333,3.4339872044851463
2026-01-01,2026-01,2026,1,31,31,False,True,Naf River crossing,0,0,0,0,3.3688721820587686,17,145,5.791666666666667,3.4339872044851463
2026-02-01,2026-02,2026,2,28,28,False,True,Naf River crossing,3,1,3,0,4.0,17,146,5.875,3.332204510175204
2026-03-01,2026-03,2026,3,31,31,False,True,Naf River crossing,0,0,0,0,3.3688721820587686,17,147,5.958333333333333,3.4339872044851463
2026-04-01,2026-04,2026,4,30,30,False,True,Naf River crossing,0,0,0,0,3.3688721820587686,17,148,6.041666666666667,3.4011973816621555
2026-05-01,2026-05,2026,5,31,31,False,True,Naf River crossing,0,0,0,0,3.3688721820587686,17,149,6.125,3.4339872044851463
2026-06-01,2026-06,2026,6,16,30,True,True,Naf River crossing,0,0,0,0,3.3688721820587686,17,150,6.208333333333333,2.772588722239781
2014-01-01,2014-01,2014,1,31,31,False,False,Northern Route from EHOA,0,0,0,0,3.3688721820587686,18,1,-6.208333333333333,3.4339872044851463
2014-02-01,2014-02,2014,2,28,28,False,False,Northern Route from EHOA,0,0,0,0,3.3688721820587686,18,2,-6.125,3.332204510175204
2014-03-01,2014-03,2014,3,31,31,False,False,Northern Route from EHOA,0,0,0,0,3.3688721820587686,18,3,-6.041666666666667,3.4339872044851463
2014-04-01,2014-04,2014,4,30,30,False,False,Northern Route from EHOA,0,0,0,0,3.3688721820587686,18,4,-5.958333333333333,3.4011973816621555
2014-05-01,2014-05,2014,5,31,31,False,False,Northern Route from EHOA,0,0,0,0,3.3688721820587686,18,5,-5.875,3.4339872044851463
2014-06-01,2014-06,2014,6,30,30,False,False,Northern Route from EHOA,0,0,0,0,3.3688721820587686,18,6,-5.791666666666667,3.4011973816621555
2014-07-01,2014-07,2014,7,31,31,False,False,Northern Route from EHOA,0,0,0,0,3.3688721820587686,18,7,-5.708333333333333,3.4339872044851463
2014-08-01,2014-08,2014,8,31,31,False,False,Northern Route from EHOA,0,0,0,0,3.3688721820587686,18,8,-5.625,3.4339872044851463
2014-09-01,2014-09,2014,9,30,30,False,False,Northern Route from EHOA,0,0,0,0,3.3688721820587686,18,9,-5.541666666666667,3.4011973816621555
2014-10-01,2014-10,2014,10,31,31,False,False,Northern Route from EHOA,0,0,0,0,3.3688721820587686,18,10,-5.458333333333333,3.4339872044851463
2014-11-01,2014-11,2014,11,30,30,False,False,Northern Route from EHOA,0,0,0,0,3.3688721820587686,18,11,-5.375,3.4011973816621555
2014-12-01,2014-12,2014,12,31,31,False,False,Northern Route from EHOA,0,0,0,0,3.3688721820587686,18,12,-5.291666666666667,3.4339872044851463
2015-01-01,2015-01,2015,1,31,31,False,False,Northern Route from EHOA,0,0,0,0,3.3688721820587686,18,13,-5.208333333333333,3.4339872044851463
2015-02-01,2015-02,2015,2,28,28,False,False,Northern Route from EHOA,0,0,0,0,3.3688721820587686,18,14,-5.125,3.332204510175204
2015-03-01,2015-03,2015,3,31,31,False,False,Northern Route from EHOA,0,0,0,0,3.3688721820587686,18,15,-5.041666666666667,3.4339872044851463
2015-04-01,2015-04,2015,4,30,30,False,False,Northern Route from EHOA,1,1,1,0,2.0,18,16,-4.958333333333333,3.4011973816621555
2015-05-01,2015-05,2015,5,31,31,False,False,Northern Route from EHOA,0,0,0,0,3.3688721820587686,18,17,-4.875,3.4339872044851463
2015-06-01,2015-06,2015,6,30,30,False,False,Northern Route from EHOA,0,0,0,0,3.3688721820587686,18,18,-4.791666666666667,3.4011973816621555
2015-07-01,2015-07,2015,7,31,31,False,False,Northern Route from EHOA,0,0,0,0,3.3688721820587686,18,19,-4.708333333333333,3.4339872044851463
2015-08-01,2015-08,2015,8,31,31,False,False,Northern Route from EHOA,3,2,2,0,2.0,18,20,-4.625,3.4339872044851463
2015-09-01,2015-09,2015,9,30,30,False,False,Northern Route from EHOA,2,2,1,0,2.0,18,21,-4.541666666666667,3.4011973816621555
2015-10-01,2015-10,2015,10,31,31,False,False,Northern Route from EHOA,0,0,0,0,3.3688721820587686,18,22,-4.458333333333333,3.4339872044851463
2015-11-01,2015-11,2015,11,30,30,False,False,Northern Route from EHOA,6,1,6,0,2.0,18,23,-4.375,3.4011973816621555
2015-12-01,2015-12,2015,12,31,31,False,False,Northern Route from EHOA,6,3,3,0,2.0,18,24,-4.291666666666667,3.4339872044851463
2016-01-01,2016-01,2016,1,31,31,False,False,Northern Route from EHOA,0,0,0,0,3.3688721820587686,18,25,-4.208333333333333,3.4339872044851463
2016-02-01,2016-02,2016,2,29,29,False,False,Northern Route from EHOA,3,3,1,0,2.0,18,26,-4.125,3.367295829986474
2016-03-01,2016-03,2016,3,31,31,False,False,Northern Route from EHOA,2,2,1,0,2.0,18,27,-4.041666666666667,3.4339872044851463
2016-04-01,2016-04,2016,4,30,30,False,False,Northern Route from EHOA,0,0,0,0,3.3688721820587686,18,28,-3.9583333333333335,3.4011973816621555
2016-05-01,2016-05,2016,5,31,31,False,False,Northern Route from EHOA,0,0,0,0,3.3688721820587686,18,29,-3.875,3.4339872044851463
2016-06-01,2016-06,2016,6,30,30,False,False,Northern Route from EHOA,3,2,2,0,2.0,18,30,-3.7916666666666665,3.4011973816621555
2016-07-01,2016-07,2016,7,31,31,False,False,Northern Route from EHOA,1,1,1,0,2.0,18,31,-3.7083333333333335,3.4339872044851463
2016-08-01,2016-08,2016,8,31,31,False,False,Northern Route from EHOA,2,1,2,0,2.0,18,32,-3.625,3.4339872044851463
2016-09-01,2016-09,2016,9,30,30,False,False,Northern Route from EHOA,1,1,1,0,2.0,18,33,-3.5416666666666665,3.4011973816621555
2016-10-01,2016-10,2016,10,31,31,False,False,Northern Route from EHOA,12,4,5,0,2.0,18,34,-3.4583333333333335,3.4339872044851463
2016-11-01,2016-11,2016,11,30,30,False,False,Northern Route from EHOA,8,4,3,0,2.0,18,35,-3.375,3.4011973816621555
2016-12-01,2016-12,2016,12,31,31,False,False,Northern Route from EHOA,4,3,2,0,2.0,18,36,-3.2916666666666665,3.4339872044851463
2017-01-01,2017-01,2017,1,31,31,False,False,Northern Route from EHOA,5,3,3,0,2.0,18,37,-3.2083333333333335,3.4339872044851463
2017-02-01,2017-02,2017,2,28,28,False,False,Northern Route from EHOA,1,1,1,0,2.0,18,38,-3.125,3.332204510175204
2017-03-01,2017-03,2017,3,31,31,False,False,Northern Route from EHOA,0,0,0,0,3.3688721820587686,18,39,-3.0416666666666665,3.4339872044851463
2017-04-01,2017-04,2017,4,30,30,False,False,Northern Route from EHOA,0,0,0,0,3.3688721820587686,18,40,-2.9583333333333335,3.4011973816621555
2017-05-01,2017-05,2017,5,31,31,False,False,Northern Route from EHOA,0,0,0,0,3.3688721820587686,18,41,-2.875,3.4339872044851463
2017-06-01,2017-06,2017,6,30,30,False,False,Northern Route from EHOA,13,2,10,0,2.0,18,42,-2.7916666666666665,3.4011973816621555
2017-07-01,2017-07,2017,7,31,31,False,False,Northern Route from EHOA,0,0,0,0,3.3688721820587686,18,43,-2.7083333333333335,3.4339872044851463
2017-08-01,2017-08,2017,8,31,31,False,False,Northern Route from EHOA,0,0,0,0,3.3688721820587686,18,44,-2.625,3.4339872044851463
2017-09-01,2017-09,2017,9,30,30,False,False,Northern Route from EHOA,0,0,0,0,3.3688721820587686,18,45,-2.5416666666666665,3.4011973816621555
2017-10-01,2017-10,2017,10,31,31,False,False,Northern Route from EHOA,1,1,1,0,2.0,18,46,-2.4583333333333335,3.4339872044851463
2017-11-01,2017-11,2017,11,30,30,False,False,Northern Route from EHOA,0,0,0,0,3.3688721820587686,18,47,-2.375,3.4011973816621555
2017-12-01,2017-12,2017,12,31,31,False,False,Northern Route from EHOA,1,1,1,0,2.0,18,48,-2.2916666666666665,3.4339872044851463
2018-01-01,2018-01,2018,1,31,31,False,False,Northern Route from EHOA,0,0,0,0,3.3688721820587686,18,49,-2.2083333333333335,3.4339872044851463
2018-02-01,2018-02,2018,2,28,28,False,False,Northern Route from EHOA,0,0,0,0,3.3688721820587686,18,50,-2.125,3.332204510175204
2018-03-01,2018-03,2018,3,31,31,False,False,Northern Route from EHOA,0,0,0,0,3.3688721820587686,18,51,-2.0416666666666665,3.4339872044851463
2018-04-01,2018-04,2018,4,30,30,False,False,Northern Route from EHOA,0,0,0,0,3.3688721820587686,18,52,-1.9583333333333333,3.4011973816621555
2018-05-01,2018-05,2018,5,31,31,False,False,Northern Route from EHOA,0,0,0,0,3.3688721820587686,18,53,-1.875,3.4339872044851463
2018-06-01,2018-06,2018,6,30,30,False,False,Northern Route from EHOA,0,0,0,0,3.3688721820587686,18,54,-1.7916666666666667,3.4011973816621555
2018-07-01,2018-07,2018,7,31,31,False,False,Northern Route from EHOA,1,1,1,0,2.0,18,55,-1.7083333333333333,3.4339872044851463
2018-08-01,2018-08,2018,8,31,31,False,False,Northern Route from EHOA,1,1,1,0,2.0,18,56,-1.625,3.4339872044851463
2018-09-01,2018-09,2018,9,30,30,False,False,Northern Route from EHOA,1,1,1,0,2.0,18,57,-1.5416666666666667,3.4011973816621555
2018-10-01,2018-10,2018,10,31,31,False,False,Northern Route from EHOA,3,2,2,0,2.0,18,58,-1.4583333333333333,3.4339872044851463
2018-11-01,2018-11,2018,11,30,30,False,False,Northern Route from EHOA,0,0,0,0,3.3688721820587686,18,59,-1.375,3.4011973816621555
2018-12-01,2018-12,2018,12,31,31,False,False,Northern Route from EHOA,0,0,0,0,3.3688721820587686,18,60,-1.2916666666666667,3.4339872044851463
2019-01-01,2019-01,2019,1,31,31,False,False,Northern Route from EHOA,0,0,0,0,3.3688721820587686,18,61,-1.2083333333333333,3.4339872044851463
2019-02-01,2019-02,2019,2,28,28,False,False,Northern Route from EHOA,0,0,0,0,3.3688721820587686,18,62,-1.125,3.332204510175204
2019-03-01,2019-03,2019,3,31,31,False,False,Northern Route from EHOA,0,0,0,0,3.3688721820587686,18,63,-1.0416666666666667,3.4339872044851463
2019-04-01,2019-04,2019,4,30,30,False,False,Northern Route from EHOA,0,0,0,0,3.3688721820587686,18,64,-0.9583333333333334,3.4011973816621555
2019-05-01,2019-05,2019,5,31,31,False,False,Northern Route from EHOA,0,0,0,0,3.3688721820587686,18,65,-0.875,3.4339872044851463
2019-06-01,2019-06,2019,6,30,30,False,False,Northern Route from EHOA,0,0,0,0,3.3688721820587686,18,66,-0.7916666666666666,3.4011973816621555
2019-07-01,2019-07,2019,7,31,31,False,False,Northern Route from EHOA,0,0,0,0,3.3688721820587686,18,67,-0.7083333333333334,3.4339872044851463
2019-08-01,2019-08,2019,8,31,31,False,False,Northern Route from EHOA,0,0,0,0,3.3688721820587686,18,68,-0.625,3.4339872044851463
2019-09-01,2019-09,2019,9,30,30,False,False,Northern Route from EHOA,0,0,0,0,3.3688721820587686,18,69,-0.5416666666666666,3.4011973816621555
2019-10-01,2019-10,2019,10,31,31,False,False,Northern Route from EHOA,0,0,0,0,3.3688721820587686,18,70,-0.4583333333333333,3.4339872044851463
2019-11-01,2019-11,2019,11,30,30,False,False,Northern Route from EHOA,0,0,0,0,3.3688721820587686,18,71,-0.375,3.4011973816621555
2019-12-01,2019-12,2019,12,31,31,False,False,Northern Route from EHOA,0,0,0,0,3.3688721820587686,18,72,-0.2916666666666667,3.4339872044851463
2020-01-01,2020-01,2020,1,31,31,False,False,Northern Route from EHOA,0,0,0,0,3.3688721820587686,18,73,-0.20833333333333334,3.4339872044851463
2020-02-01,2020-02,2020,2,29,29,False,False,Northern Route from EHOA,0,0,0,0,3.3688721820587686,18,74,-0.125,3.367295829986474
2020-03-01,2020-03,2020,3,31,31,False,False,Northern Route from EHOA,0,0,0,0,3.3688721820587686,18,75,-0.041666666666666664,3.4339872044851463
2020-04-01,2020-04,2020,4,30,30,False,False,Northern Route from EHOA,0,0,0,0,3.3688721820587686,18,76,0.041666666666666664,3.4011973816621555
2020-05-01,2020-05,2020,5,31,31,False,False,Northern Route from EHOA,0,0,0,0,3.3688721820587686,18,77,0.125,3.4339872044851463
2020-06-01,2020-06,2020,6,30,30,False,False,Northern Route from EHOA,0,0,0,0,3.3688721820587686,18,78,0.20833333333333334,3.4011973816621555
2020-07-01,2020-07,2020,7,31,31,False,False,Northern Route from EHOA,0,0,0,0,3.3688721820587686,18,79,0.2916666666666667,3.4339872044851463
2020-08-01,2020-08,2020,8,31,31,False,False,Northern Route from EHOA,0,0,0,0,3.3688721820587686,18,80,0.375,3.4339872044851463
2020-09-01,2020-09,2020,9,30,30,False,False,Northern Route from EHOA,0,0,0,0,3.3688721820587686,18,81,0.4583333333333333,3.4011973816621555
2020-10-01,2020-10,2020,10,31,31,False,False,Northern Route from EHOA,0,0,0,0,3.3688721820587686,18,82,0.5416666666666666,3.4339872044851463
2020-11-01,2020-11,2020,11,30,30,False,False,Northern Route from EHOA,0,0,0,0,3.3688721820587686,18,83,0.625,3.4011973816621555
2020-12-01,2020-12,2020,12,31,31,False,False,Northern Route from EHOA,0,0,0,0,3.3688721820587686,18,84,0.7083333333333334,3.4339872044851463
2021-01-01,2021-01,2021,1,31,31,False,False,Northern Route from EHOA,0,0,0,0,3.3688721820587686,18,85,0.7916666666666666,3.4339872044851463
2021-02-01,2021-02,2021,2,28,28,False,False,Northern Route from EHOA,0,0,0,0,3.3688721820587686,18,86,0.875,3.332204510175204
2021-03-01,2021-03,2021,3,31,31,False,False,Northern Route from EHOA,0,0,0,0,3.3688721820587686,18,87,0.9583333333333334,3.4339872044851463
2021-04-01,2021-04,2021,4,30,30,False,False,Northern Route from EHOA,0,0,0,0,3.3688721820587686,18,88,1.0416666666666667,3.4011973816621555
2021-05-01,2021-05,2021,5,31,31,False,False,Northern Route from EHOA,0,0,0,0,3.3688721820587686,18,89,1.125,3.4339872044851463
2021-06-01,2021-06,2021,6,30,30,False,False,Northern Route from EHOA,0,0,0,0,3.3688721820587686,18,90,1.2083333333333333,3.4011973816621555
2021-07-01,2021-07,2021,7,31,31,False,False,Northern Route from EHOA,0,0,0,0,3.3688721820587686,18,91,1.2916666666666667,3.4339872044851463
2021-08-01,2021-08,2021,8,31,31,False,False,Northern Route from EHOA,0,0,0,0,3.3688721820587686,18,92,1.375,3.4339872044851463
2021-09-01,2021-09,2021,9,30,30,False,False,Northern Route from EHOA,0,0,0,0,3.3688721820587686,18,93,1.4583333333333333,3.4011973816621555
2021-10-01,2021-10,2021,10,31,31,False,False,Northern Route from EHOA,0,0,0,0,3.3688721820587686,18,94,1.5416666666666667,3.4339872044851463
2021-11-01,2021-11,2021,11,30,30,False,False,Northern Route from EHOA,0,0,0,0,3.3688721820587686,18,95,1.625,3.4011973816621555
2021-12-01,2021-12,2021,12,31,31,False,False,Northern Route from EHOA,0,0,0,0,3.3688721820587686,18,96,1.7083333333333333,3.4339872044851463
2022-01-01,2022-01,2022,1,31,31,False,False,Northern Route from EHOA,0,0,0,0,3.3688721820587686,18,97,1.7916666666666667,3.4339872044851463
2022-02-01,2022-02,2022,2,28,28,False,False,Northern Route from EHOA,0,0,0,0,3.3688721820587686,18,98,1.875,3.332204510175204
2022-03-01,2022-03,2022,3,31,31,False,False,Northern Route from EHOA,1,1,1,0,5.0,18,99,1.9583333333333333,3.4339872044851463
2022-04-01,2022-04,2022,4,30,30,False,False,Northern Route from EHOA,0,0,0,0,3.3688721820587686,18,100,2.0416666666666665,3.4011973816621555
2022-05-01,2022-05,2022,5,31,31,False,False,Northern Route from EHOA,0,0,0,0,3.3688721820587686,18,101,2.125,3.4339872044851463
2022-06-01,2022-06,2022,6,30,30,False,False,Northern Route from EHOA,0,0,0,0,3.3688721820587686,18,102,2.2083333333333335,3.4011973816621555
2022-07-01,2022-07,2022,7,31,31,False,False,Northern Route from EHOA,0,0,0,0,3.3688721820587686,18,103,2.2916666666666665,3.4339872044851463
2022-08-01,2022-08,2022,8,31,31,False,False,Northern Route from EHOA,0,0,0,0,3.3688721820587686,18,104,2.375,3.4339872044851463
2022-09-01,2022-09,2022,9,30,30,False,False,Northern Route from EHOA,0,0,0,0,3.3688721820587686,18,105,2.4583333333333335,3.4011973816621555
2022-10-01,2022-10,2022,10,31,31,False,False,Northern Route from EHOA,0,0,0,0,3.3688721820587686,18,106,2.5416666666666665,3.4339872044851463
2022-11-01,2022-11,2022,11,30,30,False,False,Northern Route from EHOA,0,0,0,0,3.3688721820587686,18,107,2.625,3.4011973816621555
2022-12-01,2022-12,2022,12,31,31,False,False,Northern Route from EHOA,0,0,0,0,3.3688721820587686,18,108,2.7083333333333335,3.4339872044851463
2023-01-01,2023-01,2023,1,31,31,False,False,Northern Route from EHOA,0,0,0,0,3.3688721820587686,18,109,2.7916666666666665,3.4339872044851463
2023-02-01,2023-02,2023,2,28,28,False,False,Northern Route from EHOA,0,0,0,0,3.3688721820587686,18,110,2.875,3.332204510175204
2023-03-01,2023-03,2023,3,31,31,False,False,Northern Route from EHOA,0,0,0,0,3.3688721820587686,18,111,2.9583333333333335,3.4339872044851463
2023-04-01,2023-04,2023,4,30,30,False,False,Northern Route from EHOA,0,0,0,0,3.3688721820587686,18,112,3.0416666666666665,3.4011973816621555
2023-05-01,2023-05,2023,5,31,31,False,False,Northern Route from EHOA,0,0,0,0,3.3688721820587686,18,113,3.125,3.4339872044851463
2023-06-01,2023-06,2023,6,30,30,False,False,Northern Route from EHOA,0,0,0,0,3.3688721820587686,18,114,3.2083333333333335,3.4011973816621555
2023-07-01,2023-07,2023,7,31,31,False,False,Northern Route from EHOA,0,0,0,0,3.3688721820587686,18,115,3.2916666666666665,3.4339872044851463
2023-08-01,2023-08,2023,8,31,31,False,False,Northern Route from EHOA,0,0,0,0,3.3688721820587686,18,116,3.375,3.4339872044851463
2023-09-01,2023-09,2023,9,30,30,False,False,Northern Route from EHOA,0,0,0,0,3.3688721820587686,18,117,3.4583333333333335,3.4011973816621555
2023-10-01,2023-10,2023,10,31,31,False,False,Northern Route from EHOA,0,0,0,0,3.3688721820587686,18,118,3.5416666666666665,3.4339872044851463
2023-11-01,2023-11,2023,11,30,30,False,False,Northern Route from EHOA,0,0,0,0,3.3688721820587686,18,119,3.625,3.4011973816621555
2023-12-01,2023-12,2023,12,31,31,False,False,Northern Route from EHOA,0,0,0,0,3.3688721820587686,18,120,3.7083333333333335,3.4339872044851463
2024-01-01,2024-01,2024,1,31,31,False,False,Northern Route from EHOA,0,0,0,0,3.3688721820587686,18,121,3.7916666666666665,3.4339872044851463
2024-02-01,2024-02,2024,2,29,29,False,False,Northern Route from EHOA,0,0,0,0,3.3688721820587686,18,122,3.875,3.367295829986474
2024-03-01,2024-03,2024,3,31,31,False,False,Northern Route from EHOA,1,1,1,0,4.0,18,123,3.9583333333333335,3.4339872044851463
2024-04-01,2024-04,2024,4,30,30,False,False,Northern Route from EHOA,1,1,1,0,4.0,18,124,4.041666666666667,3.4011973816621555
2024-05-01,2024-05,2024,5,31,31,False,False,Northern Route from EHOA,0,0,0,0,3.3688721820587686,18,125,4.125,3.4339872044851463
2024-06-01,2024-06,2024,6,30,30,False,False,Northern Route from EHOA,0,0,0,0,3.3688721820587686,18,126,4.208333333333333,3.4011973816621555
2024-07-01,2024-07,2024,7,31,31,False,False,Northern Route from EHOA,1,1,1,0,4.0,18,127,4.291666666666667,3.4339872044851463
2024-08-01,2024-08,2024,8,31,31,False,False,Northern Route from EHOA,1,1,1,0,5.0,18,128,4.375,3.4339872044851463
2024-09-01,2024-09,2024,9,30,30,False,False,Northern Route from EHOA,0,0,0,0,3.3688721820587686,18,129,4.458333333333333,3.4011973816621555
2024-10-01,2024-10,2024,10,31,31,False,False,Northern Route from EHOA,0,0,0,0,3.3688721820587686,18,130,4.541666666666667,3.4339872044851463
2024-11-01,2024-11,2024,11,30,30,False,False,Northern Route from EHOA,0,0,0,0,3.3688721820587686,18,131,4.625,3.4011973816621555
2024-12-01,2024-12,2024,12,31,31,False,False,Northern Route from EHOA,1,1,1,0,5.0,18,132,4.708333333333333,3.4339872044851463
2025-01-01,2025-01,2025,1,31,31,False,False,Northern Route from EHOA,0,0,0,0,3.3688721820587686,18,133,4.791666666666667,3.4339872044851463
2025-02-01,2025-02,2025,2,28,28,False,False,Northern Route from EHOA,0,0,0,0,3.3688721820587686,18,134,4.875,3.332204510175204
2025-03-01,2025-03,2025,3,31,31,False,False,Northern Route from EHOA,0,0,0,0,3.3688721820587686,18,135,4.958333333333333,3.4339872044851463
2025-04-01,2025-04,2025,4,30,30,False,False,Northern Route from EHOA,0,0,0,0,3.3688721820587686,18,136,5.041666666666667,3.4011973816621555
2025-05-01,2025-05,2025,5,31,31,False,False,Northern Route from EHOA,0,0,0,0,3.3688721820587686,18,137,5.125,3.4339872044851463
2025-06-01,2025-06,2025,6,30,30,False,False,Northern Route from EHOA,0,0,0,0,3.3688721820587686,18,138,5.208333333333333,3.4011973816621555
2025-07-01,2025-07,2025,7,31,31,False,False,Northern Route from EHOA,0,0,0,0,3.3688721820587686,18,139,5.291666666666667,3.4339872044851463
2025-08-01,2025-08,2025,8,31,31,False,False,Northern Route from EHOA,0,0,0,0,3.3688721820587686,18,140,5.375,3.4339872044851463
2025-09-01,2025-09,2025,9,30,30,False,False,Northern Route from EHOA,0,0,0,0,3.3688721820587686,18,141,5.458333333333333,3.4011973816621555
2025-10-01,2025-10,2025,10,31,31,False,False,Northern Route from EHOA,0,0,0,0,3.3688721820587686,18,142,5.541666666666667,3.4339872044851463
2025-11-01,2025-11,2025,11,30,30,False,False,Northern Route from EHOA,0,0,0,0,3.3688721820587686,18,143,5.625,3.4011973816621555
2025-12-01,2025-12,2025,12,31,31,False,False,Northern Route from EHOA,0,0,0,0,3.3688721820587686,18,144,5.708333333333333,3.4339872044851463
2026-01-01,2026-01,2026,1,31,31,False,True,Northern Route from EHOA,0,0,0,0,3.3688721820587686,18,145,5.791666666666667,3.4339872044851463
2026-02-01,2026-02,2026,2,28,28,False,True,Northern Route from EHOA,0,0,0,0,3.3688721820587686,18,146,5.875,3.332204510175204
2026-03-01,2026-03,2026,3,31,31,False,True,Northern Route from EHOA,0,0,0,0,3.3688721820587686,18,147,5.958333333333333,3.4339872044851463
2026-04-01,2026-04,2026,4,30,30,False,True,Northern Route from EHOA,0,0,0,0,3.3688721820587686,18,148,6.041666666666667,3.4011973816621555
2026-05-01,2026-05,2026,5,31,31,False,True,Northern Route from EHOA,0,0,0,0,3.3688721820587686,18,149,6.125,3.4339872044851463
2026-06-01,2026-06,2026,6,16,30,True,True,Northern Route from EHOA,0,0,0,0,3.3688721820587686,18,150,6.208333333333333,2.772588722239781
2014-01-01,2014-01,2014,1,31,31,False,False,Route to Southern Africa,0,0,0,0,3.3688721820587686,19,1,-6.208333333333333,3.4339872044851463
2014-02-01,2014-02,2014,2,28,28,False,False,Route to Southern Africa,0,0,0,0,3.3688721820587686,19,2,-6.125,3.332204510175204
2014-03-01,2014-03,2014,3,31,31,False,False,Route to Southern Africa,0,0,0,0,3.3688721820587686,19,3,-6.041666666666667,3.4339872044851463
2014-04-01,2014-04,2014,4,30,30,False,False,Route to Southern Africa,17,1,17,0,1.0,19,4,-5.958333333333333,3.4011973816621555
2014-05-01,2014-05,2014,5,31,31,False,False,Route to Southern Africa,0,0,0,0,3.3688721820587686,19,5,-5.875,3.4339872044851463
2014-06-01,2014-06,2014,6,30,30,False,False,Route to Southern Africa,0,0,0,0,3.3688721820587686,19,6,-5.791666666666667,3.4011973816621555
2014-07-01,2014-07,2014,7,31,31,False,False,Route to Southern Africa,0,0,0,0,3.3688721820587686,19,7,-5.708333333333333,3.4339872044851463
2014-08-01,2014-08,2014,8,31,31,False,False,Route to Southern Africa,0,0,0,0,3.3688721820587686,19,8,-5.625,3.4339872044851463
2014-09-01,2014-09,2014,9,30,30,False,False,Route to Southern Africa,0,0,0,0,3.3688721820587686,19,9,-5.541666666666667,3.4011973816621555
2014-10-01,2014-10,2014,10,31,31,False,False,Route to Southern Africa,0,0,0,0,3.3688721820587686,19,10,-5.458333333333333,3.4339872044851463
2014-11-01,2014-11,2014,11,30,30,False,False,Route to Southern Africa,0,0,0,0,3.3688721820587686,19,11,-5.375,3.4011973816621555
2014-12-01,2014-12,2014,12,31,31,False,False,Route to Southern Africa,0,0,0,0,3.3688721820587686,19,12,-5.291666666666667,3.4339872044851463
2015-01-01,2015-01,2015,1,31,31,False,False,Route to Southern Africa,2,1,2,0,1.0,19,13,-5.208333333333333,3.4339872044851463
2015-02-01,2015-02,2015,2,28,28,False,False,Route to Southern Africa,0,0,0,0,3.3688721820587686,19,14,-5.125,3.332204510175204
2015-03-01,2015-03,2015,3,31,31,False,False,Route to Southern Africa,0,0,0,0,3.3688721820587686,19,15,-5.041666666666667,3.4339872044851463
2015-04-01,2015-04,2015,4,30,30,False,False,Route to Southern Africa,8,4,4,0,2.0,19,16,-4.958333333333333,3.4011973816621555
2015-05-01,2015-05,2015,5,31,31,False,False,Route to Southern Africa,0,0,0,0,3.3688721820587686,19,17,-4.875,3.4339872044851463
2015-06-01,2015-06,2015,6,30,30,False,False,Route to Southern Africa,2,1,2,0,2.0,19,18,-4.791666666666667,3.4011973816621555
2015-07-01,2015-07,2015,7,31,31,False,False,Route to Southern Africa,1,1,1,0,2.0,19,19,-4.708333333333333,3.4339872044851463
2015-08-01,2015-08,2015,8,31,31,False,False,Route to Southern Africa,0,0,0,0,3.3688721820587686,19,20,-4.625,3.4339872044851463
2015-09-01,2015-09,2015,9,30,30,False,False,Route to Southern Africa,0,0,0,0,3.3688721820587686,19,21,-4.541666666666667,3.4011973816621555
2015-10-01,2015-10,2015,10,31,31,False,False,Route to Southern Africa,2,1,2,0,2.0,19,22,-4.458333333333333,3.4339872044851463
2015-11-01,2015-11,2015,11,30,30,False,False,Route to Southern Africa,0,0,0,0,3.3688721820587686,19,23,-4.375,3.4011973816621555
2015-12-01,2015-12,2015,12,31,31,False,False,Route to Southern Africa,15,5,7,0,2.0,19,24,-4.291666666666667,3.4339872044851463
2016-01-01,2016-01,2016,1,31,31,False,False,Route to Southern Africa,18,2,14,0,2.5,19,25,-4.208333333333333,3.4339872044851463
2016-02-01,2016-02,2016,2,29,29,False,False,Route to Southern Africa,2,1,2,0,2.0,19,26,-4.125,3.367295829986474
2016-03-01,2016-03,2016,3,31,31,False,False,Route to Southern Africa,0,0,0,0,3.3688721820587686,19,27,-4.041666666666667,3.4339872044851463
2016-04-01,2016-04,2016,4,30,30,False,False,Route to Southern Africa,1,1,1,0,2.0,19,28,-3.9583333333333335,3.4011973816621555
2016-05-01,2016-05,2016,5,31,31,False,False,Route to Southern Africa,2,1,2,0,2.0,19,29,-3.875,3.4339872044851463
2016-06-01,2016-06,2016,6,30,30,False,False,Route to Southern Africa,22,3,19,0,2.6666666666666665,19,30,-3.7916666666666665,3.4011973816621555
2016-07-01,2016-07,2016,7,31,31,False,False,Route to Southern Africa,2,2,1,0,2.0,19,31,-3.7083333333333335,3.4339872044851463
2016-08-01,2016-08,2016,8,31,31,False,False,Route to Southern Africa,8,4,3,0,2.5,19,32,-3.625,3.4339872044851463
2016-09-01,2016-09,2016,9,30,30,False,False,Route to Southern Africa,1,1,1,0,2.0,19,33,-3.5416666666666665,3.4011973816621555
2016-10-01,2016-10,2016,10,31,31,False,False,Route to Southern Africa,9,3,7,0,2.6666666666666665,19,34,-3.4583333333333335,3.4339872044851463
2016-11-01,2016-11,2016,11,30,30,False,False,Route to Southern Africa,1,1,1,0,2.0,19,35,-3.375,3.4011973816621555
2016-12-01,2016-12,2016,12,31,31,False,False,Route to Southern Africa,16,2,12,0,2.0,19,36,-3.2916666666666665,3.4339872044851463
2017-01-01,2017-01,2017,1,31,31,False,False,Route to Southern Africa,12,2,9,0,2.0,19,37,-3.2083333333333335,3.4339872044851463
2017-02-01,2017-02,2017,2,28,28,False,False,Route to Southern Africa,0,0,0,0,3.3688721820587686,19,38,-3.125,3.332204510175204
2017-03-01,2017-03,2017,3,31,31,False,False,Route to Southern Africa,0,0,0,0,3.3688721820587686,19,39,-3.0416666666666665,3.4339872044851463
2017-04-01,2017-04,2017,4,30,30,False,False,Route to Southern Africa,0,0,0,0,3.3688721820587686,19,40,-2.9583333333333335,3.4011973816621555
2017-05-01,2017-05,2017,5,31,31,False,False,Route to Southern Africa,8,1,8,0,4.0,19,41,-2.875,3.4339872044851463
2017-06-01,2017-06,2017,6,30,30,False,False,Route to Southern Africa,0,0,0,0,3.3688721820587686,19,42,-2.7916666666666665,3.4011973816621555
2017-07-01,2017-07,2017,7,31,31,False,False,Route to Southern Africa,0,0,0,0,3.3688721820587686,19,43,-2.7083333333333335,3.4339872044851463
2017-08-01,2017-08,2017,8,31,31,False,False,Route to Southern Africa,0,0,0,0,3.3688721820587686,19,44,-2.625,3.4339872044851463
2017-09-01,2017-09,2017,9,30,30,False,False,Route to Southern Africa,0,0,0,0,3.3688721820587686,19,45,-2.5416666666666665,3.4011973816621555
2017-10-01,2017-10,2017,10,31,31,False,False,Route to Southern Africa,14,4,11,0,1.5,19,46,-2.4583333333333335,3.4339872044851463
2017-11-01,2017-11,2017,11,30,30,False,False,Route to Southern Africa,1,1,1,0,2.0,19,47,-2.375,3.4011973816621555
2017-12-01,2017-12,2017,12,31,31,False,False,Route to Southern Africa,0,0,0,0,3.3688721820587686,19,48,-2.2916666666666665,3.4339872044851463
2018-01-01,2018-01,2018,1,31,31,False,False,Route to Southern Africa,1,1,1,0,2.0,19,49,-2.2083333333333335,3.4339872044851463
2018-02-01,2018-02,2018,2,28,28,False,False,Route to Southern Africa,5,3,3,0,2.0,19,50,-2.125,3.332204510175204
2018-03-01,2018-03,2018,3,31,31,False,False,Route to Southern Africa,8,2,6,0,3.0,19,51,-2.0416666666666665,3.4339872044851463
2018-04-01,2018-04,2018,4,30,30,False,False,Route to Southern Africa,5,2,3,0,2.0,19,52,-1.9583333333333333,3.4011973816621555
2018-05-01,2018-05,2018,5,31,31,False,False,Route to Southern Africa,7,1,7,0,5.0,19,53,-1.875,3.4339872044851463
2018-06-01,2018-06,2018,6,30,30,False,False,Route to Southern Africa,12,1,12,0,3.0,19,54,-1.7916666666666667,3.4011973816621555
2018-07-01,2018-07,2018,7,31,31,False,False,Route to Southern Africa,1,1,1,0,1.0,19,55,-1.7083333333333333,3.4339872044851463
2018-08-01,2018-08,2018,8,31,31,False,False,Route to Southern Africa,0,0,0,0,3.3688721820587686,19,56,-1.625,3.4339872044851463
2018-09-01,2018-09,2018,9,30,30,False,False,Route to Southern Africa,16,12,3,0,2.0,19,57,-1.5416666666666667,3.4011973816621555
2018-10-01,2018-10,2018,10,31,31,False,False,Route to Southern Africa,18,12,7,0,2.0833333333333335,19,58,-1.4583333333333333,3.4339872044851463
2018-11-01,2018-11,2018,11,30,30,False,False,Route to Southern Africa,0,0,0,0,3.3688721820587686,19,59,-1.375,3.4011973816621555
2018-12-01,2018-12,2018,12,31,31,False,False,Route to Southern Africa,14,1,14,0,3.0,19,60,-1.2916666666666667,3.4339872044851463
2019-01-01,2019-01,2019,1,31,31,False,False,Route to Southern Africa,0,0,0,0,3.3688721820587686,19,61,-1.2083333333333333,3.4339872044851463
2019-02-01,2019-02,2019,2,28,28,False,False,Route to Southern Africa,0,0,0,0,3.3688721820587686,19,62,-1.125,3.332204510175204
2019-03-01,2019-03,2019,3,31,31,False,False,Route to Southern Africa,0,0,0,0,3.3688721820587686,19,63,-1.0416666666666667,3.4339872044851463
2019-04-01,2019-04,2019,4,30,30,False,False,Route to Southern Africa,0,0,0,0,3.3688721820587686,19,64,-0.9583333333333334,3.4011973816621555
2019-05-01,2019-05,2019,5,31,31,False,False,Route to Southern Africa,0,0,0,0,3.3688721820587686,19,65,-0.875,3.4339872044851463
2019-06-01,2019-06,2019,6,30,30,False,False,Route to Southern Africa,0,0,0,0,3.3688721820587686,19,66,-0.7916666666666666,3.4011973816621555
2019-07-01,2019-07,2019,7,31,31,False,False,Route to Southern Africa,0,0,0,0,3.3688721820587686,19,67,-0.7083333333333334,3.4339872044851463
2019-08-01,2019-08,2019,8,31,31,False,False,Route to Southern Africa,0,0,0,0,3.3688721820587686,19,68,-0.625,3.4339872044851463
2019-09-01,2019-09,2019,9,30,30,False,False,Route to Southern Africa,0,0,0,0,3.3688721820587686,19,69,-0.5416666666666666,3.4011973816621555
2019-10-01,2019-10,2019,10,31,31,False,False,Route to Southern Africa,0,0,0,0,3.3688721820587686,19,70,-0.4583333333333333,3.4339872044851463
2019-11-01,2019-11,2019,11,30,30,False,False,Route to Southern Africa,0,0,0,0,3.3688721820587686,19,71,-0.375,3.4011973816621555
2019-12-01,2019-12,2019,12,31,31,False,False,Route to Southern Africa,0,0,0,0,3.3688721820587686,19,72,-0.2916666666666667,3.4339872044851463
2020-01-01,2020-01,2020,1,31,31,False,False,Route to Southern Africa,0,0,0,0,3.3688721820587686,19,73,-0.20833333333333334,3.4339872044851463
2020-02-01,2020-02,2020,2,29,29,False,False,Route to Southern Africa,0,0,0,0,3.3688721820587686,19,74,-0.125,3.367295829986474
2020-03-01,2020-03,2020,3,31,31,False,False,Route to Southern Africa,64,1,64,0,4.0,19,75,-0.041666666666666664,3.4339872044851463
2020-04-01,2020-04,2020,4,30,30,False,False,Route to Southern Africa,0,0,0,0,3.3688721820587686,19,76,0.041666666666666664,3.4011973816621555
2020-05-01,2020-05,2020,5,31,31,False,False,Route to Southern Africa,0,0,0,0,3.3688721820587686,19,77,0.125,3.4339872044851463
2020-06-01,2020-06,2020,6,30,30,False,False,Route to Southern Africa,0,0,0,0,3.3688721820587686,19,78,0.20833333333333334,3.4011973816621555
2020-07-01,2020-07,2020,7,31,31,False,False,Route to Southern Africa,2,1,2,0,4.0,19,79,0.2916666666666667,3.4339872044851463
2020-08-01,2020-08,2020,8,31,31,False,False,Route to Southern Africa,0,0,0,0,3.3688721820587686,19,80,0.375,3.4339872044851463
2020-09-01,2020-09,2020,9,30,30,False,False,Route to Southern Africa,0,0,0,0,3.3688721820587686,19,81,0.4583333333333333,3.4011973816621555
2020-10-01,2020-10,2020,10,31,31,False,False,Route to Southern Africa,38,1,38,0,4.0,19,82,0.5416666666666666,3.4339872044851463
2020-11-01,2020-11,2020,11,30,30,False,False,Route to Southern Africa,0,0,0,0,3.3688721820587686,19,83,0.625,3.4011973816621555
2020-12-01,2020-12,2020,12,31,31,False,False,Route to Southern Africa,0,0,0,0,3.3688721820587686,19,84,0.7083333333333334,3.4339872044851463
2021-01-01,2021-01,2021,1,31,31,False,False,Route to Southern Africa,12,1,12,0,4.0,19,85,0.7916666666666666,3.4339872044851463
2021-02-01,2021-02,2021,2,28,28,False,False,Route to Southern Africa,0,0,0,0,3.3688721820587686,19,86,0.875,3.332204510175204
2021-03-01,2021-03,2021,3,31,31,False,False,Route to Southern Africa,0,0,0,0,3.3688721820587686,19,87,0.9583333333333334,3.4339872044851463
2021-04-01,2021-04,2021,4,30,30,False,False,Route to Southern Africa,1,1,1,0,4.0,19,88,1.0416666666666667,3.4011973816621555
2021-05-01,2021-05,2021,5,31,31,False,False,Route to Southern Africa,0,0,0,0,3.3688721820587686,19,89,1.125,3.4339872044851463
2021-06-01,2021-06,2021,6,30,30,False,False,Route to Southern Africa,0,0,0,0,3.3688721820587686,19,90,1.2083333333333333,3.4011973816621555
2021-07-01,2021-07,2021,7,31,31,False,False,Route to Southern Africa,0,0,0,0,3.3688721820587686,19,91,1.2916666666666667,3.4339872044851463
2021-08-01,2021-08,2021,8,31,31,False,False,Route to Southern Africa,0,0,0,0,3.3688721820587686,19,92,1.375,3.4339872044851463
2021-09-01,2021-09,2021,9,30,30,False,False,Route to Southern Africa,0,0,0,0,3.3688721820587686,19,93,1.4583333333333333,3.4011973816621555
2021-10-01,2021-10,2021,10,31,31,False,False,Route to Southern Africa,0,0,0,0,3.3688721820587686,19,94,1.5416666666666667,3.4339872044851463
2021-11-01,2021-11,2021,11,30,30,False,False,Route to Southern Africa,19,1,19,0,5.0,19,95,1.625,3.4011973816621555
2021-12-01,2021-12,2021,12,31,31,False,False,Route to Southern Africa,22,1,22,0,5.0,19,96,1.7083333333333333,3.4339872044851463
2022-01-01,2022-01,2022,1,31,31,False,False,Route to Southern Africa,7,2,6,0,4.0,19,97,1.7916666666666667,3.4339872044851463
2022-02-01,2022-02,2022,2,28,28,False,False,Route to Southern Africa,0,0,0,0,3.3688721820587686,19,98,1.875,3.332204510175204
2022-03-01,2022-03,2022,3,31,31,False,False,Route to Southern Africa,0,0,0,0,3.3688721820587686,19,99,1.9583333333333333,3.4339872044851463
2022-04-01,2022-04,2022,4,30,30,False,False,Route to Southern Africa,0,0,0,0,3.3688721820587686,19,100,2.0416666666666665,3.4011973816621555
2022-05-01,2022-05,2022,5,31,31,False,False,Route to Southern Africa,0,0,0,0,3.3688721820587686,19,101,2.125,3.4339872044851463
2022-06-01,2022-06,2022,6,30,30,False,False,Route to Southern Africa,0,0,0,0,3.3688721820587686,19,102,2.2083333333333335,3.4011973816621555
2022-07-01,2022-07,2022,7,31,31,False,False,Route to Southern Africa,0,0,0,0,3.3688721820587686,19,103,2.2916666666666665,3.4339872044851463
2022-08-01,2022-08,2022,8,31,31,False,False,Route to Southern Africa,0,0,0,0,3.3688721820587686,19,104,2.375,3.4339872044851463
2022-09-01,2022-09,2022,9,30,30,False,False,Route to Southern Africa,1,1,1,0,3.0,19,105,2.4583333333333335,3.4011973816621555
2022-10-01,2022-10,2022,10,31,31,False,False,Route to Southern Africa,29,2,25,0,3.0,19,106,2.5416666666666665,3.4339872044851463
2022-11-01,2022-11,2022,11,30,30,False,False,Route to Southern Africa,2,1,2,0,4.0,19,107,2.625,3.4011973816621555
2022-12-01,2022-12,2022,12,31,31,False,False,Route to Southern Africa,27,1,27,0,4.0,19,108,2.7083333333333335,3.4339872044851463
2023-01-01,2023-01,2023,1,31,31,False,False,Route to Southern Africa,0,0,0,0,3.3688721820587686,19,109,2.7916666666666665,3.4339872044851463
2023-02-01,2023-02,2023,2,28,28,False,False,Route to Southern Africa,0,0,0,0,3.3688721820587686,19,110,2.875,3.332204510175204
2023-03-01,2023-03,2023,3,31,31,False,False,Route to Southern Africa,0,0,0,0,3.3688721820587686,19,111,2.9583333333333335,3.4339872044851463
2023-04-01,2023-04,2023,4,30,30,False,False,Route to Southern Africa,0,0,0,0,3.3688721820587686,19,112,3.0416666666666665,3.4011973816621555
2023-05-01,2023-05,2023,5,31,31,False,False,Route to Southern Africa,0,0,0,0,3.3688721820587686,19,113,3.125,3.4339872044851463
2023-06-01,2023-06,2023,6,30,30,False,False,Route to Southern Africa,0,0,0,0,3.3688721820587686,19,114,3.2083333333333335,3.4011973816621555
2023-07-01,2023-07,2023,7,31,31,False,False,Route to Southern Africa,0,0,0,0,3.3688721820587686,19,115,3.2916666666666665,3.4339872044851463
2023-08-01,2023-08,2023,8,31,31,False,False,Route to Southern Africa,0,0,0,0,3.3688721820587686,19,116,3.375,3.4339872044851463
2023-09-01,2023-09,2023,9,30,30,False,False,Route to Southern Africa,8,2,7,0,5.0,19,117,3.4583333333333335,3.4011973816621555
2023-10-01,2023-10,2023,10,31,31,False,False,Route to Southern Africa,0,0,0,0,3.3688721820587686,19,118,3.5416666666666665,3.4339872044851463
2023-11-01,2023-11,2023,11,30,30,False,False,Route to Southern Africa,0,0,0,0,3.3688721820587686,19,119,3.625,3.4011973816621555
2023-12-01,2023-12,2023,12,31,31,False,False,Route to Southern Africa,0,0,0,0,3.3688721820587686,19,120,3.7083333333333335,3.4339872044851463
2024-01-01,2024-01,2024,1,31,31,False,False,Route to Southern Africa,1,1,1,0,5.0,19,121,3.7916666666666665,3.4339872044851463
2024-02-01,2024-02,2024,2,29,29,False,False,Route to Southern Africa,0,0,0,0,3.3688721820587686,19,122,3.875,3.367295829986474
2024-03-01,2024-03,2024,3,31,31,False,False,Route to Southern Africa,0,0,0,0,3.3688721820587686,19,123,3.9583333333333335,3.4339872044851463
2024-04-01,2024-04,2024,4,30,30,False,False,Route to Southern Africa,0,0,0,0,3.3688721820587686,19,124,4.041666666666667,3.4011973816621555
2024-05-01,2024-05,2024,5,31,31,False,False,Route to Southern Africa,0,0,0,0,3.3688721820587686,19,125,4.125,3.4339872044851463
2024-06-01,2024-06,2024,6,30,30,False,False,Route to Southern Africa,0,0,0,0,3.3688721820587686,19,126,4.208333333333333,3.4011973816621555
2024-07-01,2024-07,2024,7,31,31,False,False,Route to Southern Africa,0,0,0,0,3.3688721820587686,19,127,4.291666666666667,3.4339872044851463
2024-08-01,2024-08,2024,8,31,31,False,False,Route to Southern Africa,0,0,0,0,3.3688721820587686,19,128,4.375,3.4339872044851463
2024-09-01,2024-09,2024,9,30,30,False,False,Route to Southern Africa,0,0,0,0,3.3688721820587686,19,129,4.458333333333333,3.4011973816621555
2024-10-01,2024-10,2024,10,31,31,False,False,Route to Southern Africa,0,0,0,0,3.3688721820587686,19,130,4.541666666666667,3.4339872044851463
2024-11-01,2024-11,2024,11,30,30,False,False,Route to Southern Africa,0,0,0,0,3.3688721820587686,19,131,4.625,3.4011973816621555
2024-12-01,2024-12,2024,12,31,31,False,False,Route to Southern Africa,0,0,0,0,3.3688721820587686,19,132,4.708333333333333,3.4339872044851463
2025-01-01,2025-01,2025,1,31,31,False,False,Route to Southern Africa,0,0,0,0,3.3688721820587686,19,133,4.791666666666667,3.4339872044851463
2025-02-01,2025-02,2025,2,28,28,False,False,Route to Southern Africa,0,0,0,0,3.3688721820587686,19,134,4.875,3.332204510175204
2025-03-01,2025-03,2025,3,31,31,False,False,Route to Southern Africa,0,0,0,0,3.3688721820587686,19,135,4.958333333333333,3.4339872044851463
2025-04-01,2025-04,2025,4,30,30,False,False,Route to Southern Africa,0,0,0,0,3.3688721820587686,19,136,5.041666666666667,3.4011973816621555
2025-05-01,2025-05,2025,5,31,31,False,False,Route to Southern Africa,0,0,0,0,3.3688721820587686,19,137,5.125,3.4339872044851463
2025-06-01,2025-06,2025,6,30,30,False,False,Route to Southern Africa,0,0,0,0,3.3688721820587686,19,138,5.208333333333333,3.4011973816621555
2025-07-01,2025-07,2025,7,31,31,False,False,Route to Southern Africa,0,0,0,0,3.3688721820587686,19,139,5.291666666666667,3.4339872044851463
2025-08-01,2025-08,2025,8,31,31,False,False,Route to Southern Africa,0,0,0,0,3.3688721820587686,19,140,5.375,3.4339872044851463
2025-09-01,2025-09,2025,9,30,30,False,False,Route to Southern Africa,0,0,0,0,3.3688721820587686,19,141,5.458333333333333,3.4011973816621555
2025-10-01,2025-10,2025,10,31,31,False,False,Route to Southern Africa,0,0,0,0,3.3688721820587686,19,142,5.541666666666667,3.4339872044851463
2025-11-01,2025-11,2025,11,30,30,False,False,Route to Southern Africa,0,0,0,0,3.3688721820587686,19,143,5.625,3.4011973816621555
2025-12-01,2025-12,2025,12,31,31,False,False,Route to Southern Africa,0,0,0,0,3.3688721820587686,19,144,5.708333333333333,3.4339872044851463
2026-01-01,2026-01,2026,1,31,31,False,True,Route to Southern Africa,0,0,0,0,3.3688721820587686,19,145,5.791666666666667,3.4339872044851463
2026-02-01,2026-02,2026,2,28,28,False,True,Route to Southern Africa,0,0,0,0,3.3688721820587686,19,146,5.875,3.332204510175204
2026-03-01,2026-03,2026,3,31,31,False,True,Route to Southern Africa,0,0,0,0,3.3688721820587686,19,147,5.958333333333333,3.4339872044851463
2026-04-01,2026-04,2026,4,30,30,False,True,Route to Southern Africa,0,0,0,0,3.3688721820587686,19,148,6.041666666666667,3.4011973816621555
2026-05-01,2026-05,2026,5,31,31,False,True,Route to Southern Africa,0,0,0,0,3.3688721820587686,19,149,6.125,3.4339872044851463
2026-06-01,2026-06,2026,6,16,30,True,True,Route to Southern Africa,0,0,0,0,3.3688721820587686,19,150,6.208333333333333,2.772588722239781
2014-01-01,2014-01,2014,1,31,31,False,False,Sahara Desert crossing,0,0,0,0,3.3688721820587686,20,1,-6.208333333333333,3.4339872044851463
2014-02-01,2014-02,2014,2,28,28,False,False,Sahara Desert crossing,0,0,0,0,3.3688721820587686,20,2,-6.125,3.332204510175204
2014-03-01,2014-03,2014,3,31,31,False,False,Sahara Desert crossing,0,0,0,0,3.3688721820587686,20,3,-6.041666666666667,3.4339872044851463
2014-04-01,2014-04,2014,4,30,30,False,False,Sahara Desert crossing,0,0,0,0,3.3688721820587686,20,4,-5.958333333333333,3.4011973816621555
2014-05-01,2014-05,2014,5,31,31,False,False,Sahara Desert crossing,46,1,46,0,3.0,20,5,-5.875,3.4339872044851463
2014-06-01,2014-06,2014,6,30,30,False,False,Sahara Desert crossing,0,0,0,0,3.3688721820587686,20,6,-5.791666666666667,3.4011973816621555
2014-07-01,2014-07,2014,7,31,31,False,False,Sahara Desert crossing,1,1,1,0,2.0,20,7,-5.708333333333333,3.4339872044851463
2014-08-01,2014-08,2014,8,31,31,False,False,Sahara Desert crossing,3,3,1,0,2.0,20,8,-5.625,3.4339872044851463
2014-09-01,2014-09,2014,9,30,30,False,False,Sahara Desert crossing,0,0,0,0,3.3688721820587686,20,9,-5.541666666666667,3.4011973816621555
2014-10-01,2014-10,2014,10,31,31,False,False,Sahara Desert crossing,0,0,0,0,3.3688721820587686,20,10,-5.458333333333333,3.4339872044851463
2014-11-01,2014-11,2014,11,30,30,False,False,Sahara Desert crossing,1,1,1,0,2.0,20,11,-5.375,3.4011973816621555
2014-12-01,2014-12,2014,12,31,31,False,False,Sahara Desert crossing,0,0,0,0,3.3688721820587686,20,12,-5.291666666666667,3.4339872044851463
2015-01-01,2015-01,2015,1,31,31,False,False,Sahara Desert crossing,40,4,26,0,2.25,20,13,-5.208333333333333,3.4339872044851463
2015-02-01,2015-02,2015,2,28,28,False,False,Sahara Desert crossing,0,0,0,0,3.3688721820587686,20,14,-5.125,3.332204510175204
2015-03-01,2015-03,2015,3,31,31,False,False,Sahara Desert crossing,11,4,4,0,2.0,20,15,-5.041666666666667,3.4339872044851463
2015-04-01,2015-04,2015,4,30,30,False,False,Sahara Desert crossing,5,4,2,0,2.0,20,16,-4.958333333333333,3.4011973816621555
2015-05-01,2015-05,2015,5,31,31,False,False,Sahara Desert crossing,13,6,6,0,2.0,20,17,-4.875,3.4339872044851463
2015-06-01,2015-06,2015,6,30,30,False,False,Sahara Desert crossing,22,6,15,0,2.3333333333333335,20,18,-4.791666666666667,3.4011973816621555
2015-07-01,2015-07,2015,7,31,31,False,False,Sahara Desert crossing,28,14,7,0,2.0,20,19,-4.708333333333333,3.4339872044851463
2015-08-01,2015-08,2015,8,31,31,False,False,Sahara Desert crossing,21,9,5,0,2.0,20,20,-4.625,3.4339872044851463
2015-09-01,2015-09,2015,9,30,30,False,False,Sahara Desert crossing,41,21,5,0,2.0,20,21,-4.541666666666667,3.4011973816621555
2015-10-01,2015-10,2015,10,31,31,False,False,Sahara Desert crossing,166,34,30,0,2.0,20,22,-4.458333333333333,3.4339872044851463
2015-11-01,2015-11,2015,11,30,30,False,False,Sahara Desert crossing,50,19,12,0,2.0,20,23,-4.375,3.4011973816621555
2015-12-01,2015-12,2015,12,31,31,False,False,Sahara Desert crossing,225,39,36,0,2.0,20,24,-4.291666666666667,3.4339872044851463
2016-01-01,2016-01,2016,1,31,31,False,False,Sahara Desert crossing,54,22,14,0,2.0,20,25,-4.208333333333333,3.4339872044851463
2016-02-01,2016-02,2016,2,29,29,False,False,Sahara Desert crossing,240,54,30,0,2.0,20,26,-4.125,3.367295829986474
2016-03-01,2016-03,2016,3,31,31,False,False,Sahara Desert crossing,167,42,21,0,2.0,20,27,-4.041666666666667,3.4339872044851463
2016-04-01,2016-04,2016,4,30,30,False,False,Sahara Desert crossing,71,24,13,0,2.0833333333333335,20,28,-3.9583333333333335,3.4011973816621555
2016-05-01,2016-05,2016,5,31,31,False,False,Sahara Desert crossing,53,21,9,0,2.0,20,29,-3.875,3.4339872044851463
2016-06-01,2016-06,2016,6,30,30,False,False,Sahara Desert crossing,98,34,15,0,2.0,20,30,-3.7916666666666665,3.4011973816621555
2016-07-01,2016-07,2016,7,31,31,False,False,Sahara Desert crossing,69,28,10,0,2.0,20,31,-3.7083333333333335,3.4339872044851463
2016-08-01,2016-08,2016,8,31,31,False,False,Sahara Desert crossing,86,24,10,0,2.0,20,32,-3.625,3.4339872044851463
2016-09-01,2016-09,2016,9,30,30,False,False,Sahara Desert crossing,32,15,7,0,2.0,20,33,-3.5416666666666665,3.4011973816621555
2016-10-01,2016-10,2016,10,31,31,False,False,Sahara Desert crossing,145,28,30,0,2.0,20,34,-3.4583333333333335,3.4339872044851463
2016-11-01,2016-11,2016,11,30,30,False,False,Sahara Desert crossing,88,34,15,0,2.0,20,35,-3.375,3.4011973816621555
2016-12-01,2016-12,2016,12,31,31,False,False,Sahara Desert crossing,111,40,20,0,2.0,20,36,-3.2916666666666665,3.4339872044851463
2017-01-01,2017-01,2017,1,31,31,False,False,Sahara Desert crossing,122,35,32,0,2.0,20,37,-3.2083333333333335,3.4339872044851463
2017-02-01,2017-02,2017,2,28,28,False,False,Sahara Desert crossing,48,14,12,0,1.9285714285714286,20,38,-3.125,3.332204510175204
2017-03-01,2017-03,2017,3,31,31,False,False,Sahara Desert crossing,8,2,5,0,2.0,20,39,-3.0416666666666665,3.4339872044851463
2017-04-01,2017-04,2017,4,30,30,False,False,Sahara Desert crossing,22,3,15,0,2.6666666666666665,20,40,-2.9583333333333335,3.4011973816621555
2017-05-01,2017-05,2017,5,31,31,False,False,Sahara Desert crossing,87,13,44,0,2.076923076923077,20,41,-2.875,3.4339872044851463
2017-06-01,2017-06,2017,6,30,30,False,False,Sahara Desert crossing,178,29,52,0,2.2758620689655173,20,42,-2.7916666666666665,3.4011973816621555
2017-07-01,2017-07,2017,7,31,31,False,False,Sahara Desert crossing,126,30,24,0,2.0,20,43,-2.7083333333333335,3.4339872044851463
2017-08-01,2017-08,2017,8,31,31,False,False,Sahara Desert crossing,113,38,12,0,2.0,20,44,-2.625,3.4339872044851463
2017-09-01,2017-09,2017,9,30,30,False,False,Sahara Desert crossing,144,42,20,0,2.0476190476190474,20,45,-2.5416666666666665,3.4011973816621555
2017-10-01,2017-10,2017,10,31,31,False,False,Sahara Desert crossing,180,53,15,0,2.0,20,46,-2.4583333333333335,3.4339872044851463
2017-11-01,2017-11,2017,11,30,30,False,False,Sahara Desert crossing,130,37,20,0,2.0,20,47,-2.375,3.4011973816621555
2017-12-01,2017-12,2017,12,31,31,False,False,Sahara Desert crossing,130,53,10,0,2.0,20,48,-2.2916666666666665,3.4339872044851463
2018-01-01,2018-01,2018,1,31,31,False,False,Sahara Desert crossing,82,43,6,0,2.0,20,49,-2.2083333333333335,3.4339872044851463
2018-02-01,2018-02,2018,2,28,28,False,False,Sahara Desert crossing,82,38,19,0,2.0526315789473686,20,50,-2.125,3.332204510175204
2018-03-01,2018-03,2018,3,31,31,False,False,Sahara Desert crossing,58,40,3,0,2.0,20,51,-2.0416666666666665,3.4339872044851463
2018-04-01,2018-04,2018,4,30,30,False,False,Sahara Desert crossing,83,50,6,0,2.0,20,52,-1.9583333333333333,3.4011973816621555
2018-05-01,2018-05,2018,5,31,31,False,False,Sahara Desert crossing,83,47,15,0,2.0638297872340425,20,53,-1.875,3.4339872044851463
2018-06-01,2018-06,2018,6,30,30,False,False,Sahara Desert crossing,81,50,3,0,2.0,20,54,-1.7916666666666667,3.4011973816621555
2018-07-01,2018-07,2018,7,31,31,False,False,Sahara Desert crossing,71,48,8,0,2.1041666666666665,20,55,-1.7083333333333333,3.4339872044851463
2018-08-01,2018-08,2018,8,31,31,False,False,Sahara Desert crossing,48,35,4,0,2.0,20,56,-1.625,3.4339872044851463
2018-09-01,2018-09,2018,9,30,30,False,False,Sahara Desert crossing,88,50,7,0,1.96,20,57,-1.5416666666666667,3.4011973816621555
2018-10-01,2018-10,2018,10,31,31,False,False,Sahara Desert crossing,75,44,7,0,2.0,20,58,-1.4583333333333333,3.4339872044851463
2018-11-01,2018-11,2018,11,30,30,False,False,Sahara Desert crossing,43,26,5,0,2.0,20,59,-1.375,3.4011973816621555
2018-12-01,2018-12,2018,12,31,31,False,False,Sahara Desert crossing,48,28,6,0,2.0,20,60,-1.2916666666666667,3.4339872044851463
2019-01-01,2019-01,2019,1,31,31,False,False,Sahara Desert crossing,119,41,22,0,2.0,20,61,-1.2083333333333333,3.4339872044851463
2019-02-01,2019-02,2019,2,28,28,False,False,Sahara Desert crossing,115,39,16,0,2.0,20,62,-1.125,3.332204510175204
2019-03-01,2019-03,2019,3,31,31,False,False,Sahara Desert crossing,104,56,15,0,2.0,20,63,-1.0416666666666667,3.4339872044851463
2019-04-01,2019-04,2019,4,30,30,False,False,Sahara Desert crossing,60,26,7,0,2.0,20,64,-0.9583333333333334,3.4011973816621555
2019-05-01,2019-05,2019,5,31,31,False,False,Sahara Desert crossing,27,15,4,0,2.066666666666667,20,65,-0.875,3.4339872044851463
2019-06-01,2019-06,2019,6,30,30,False,False,Sahara Desert crossing,49,32,4,0,2.0625,20,66,-0.7916666666666666,3.4011973816621555
2019-07-01,2019-07,2019,7,31,31,False,False,Sahara Desert crossing,61,39,3,0,2.076923076923077,20,67,-0.7083333333333334,3.4339872044851463
2019-08-01,2019-08,2019,8,31,31,False,False,Sahara Desert crossing,32,21,4,0,2.0,20,68,-0.625,3.4339872044851463
2019-09-01,2019-09,2019,9,30,30,False,False,Sahara Desert crossing,70,40,11,0,2.025,20,69,-0.5416666666666666,3.4011973816621555
2019-10-01,2019-10,2019,10,31,31,False,False,Sahara Desert crossing,128,55,24,0,2.2363636363636363,20,70,-0.4583333333333333,3.4339872044851463
2019-11-01,2019-11,2019,11,30,30,False,False,Sahara Desert crossing,98,53,12,0,2.056603773584906,20,71,-0.375,3.4011973816621555
2019-12-01,2019-12,2019,12,31,31,False,False,Sahara Desert crossing,50,39,4,0,2.051282051282051,20,72,-0.2916666666666667,3.4339872044851463
2020-01-01,2020-01,2020,1,31,31,False,False,Sahara Desert crossing,52,32,4,0,2.125,20,73,-0.20833333333333334,3.4339872044851463
2020-02-01,2020-02,2020,2,29,29,False,False,Sahara Desert crossing,5,1,5,0,4.0,20,74,-0.125,3.367295829986474
2020-03-01,2020-03,2020,3,31,31,False,False,Sahara Desert crossing,5,3,3,0,4.0,20,75,-0.041666666666666664,3.4339872044851463
2020-04-01,2020-04,2020,4,30,30,False,False,Sahara Desert crossing,2,2,1,0,4.0,20,76,0.041666666666666664,3.4011973816621555
2020-05-01,2020-05,2020,5,31,31,False,False,Sahara Desert crossing,27,4,15,0,3.25,20,77,0.125,3.4339872044851463
2020-06-01,2020-06,2020,6,30,30,False,False,Sahara Desert crossing,7,2,6,0,4.0,20,78,0.20833333333333334,3.4011973816621555
2020-07-01,2020-07,2020,7,31,31,False,False,Sahara Desert crossing,0,0,0,0,3.3688721820587686,20,79,0.2916666666666667,3.4339872044851463
2020-08-01,2020-08,2020,8,31,31,False,False,Sahara Desert crossing,8,3,4,0,4.0,20,80,0.375,3.4339872044851463
2020-09-01,2020-09,2020,9,30,30,False,False,Sahara Desert crossing,2,2,1,0,3.0,20,81,0.4583333333333333,3.4011973816621555
2020-10-01,2020-10,2020,10,31,31,False,False,Sahara Desert crossing,6,3,3,0,4.0,20,82,0.5416666666666666,3.4339872044851463
2020-11-01,2020-11,2020,11,30,30,False,False,Sahara Desert crossing,1,1,1,0,2.0,20,83,0.625,3.4011973816621555
2020-12-01,2020-12,2020,12,31,31,False,False,Sahara Desert crossing,1,1,1,0,4.0,20,84,0.7083333333333334,3.4339872044851463
2021-01-01,2021-01,2021,1,31,31,False,False,Sahara Desert crossing,0,0,0,0,3.3688721820587686,20,85,0.7916666666666666,3.4339872044851463
2021-02-01,2021-02,2021,2,28,28,False,False,Sahara Desert crossing,59,9,25,0,4.444444444444445,20,86,0.875,3.332204510175204
2021-03-01,2021-03,2021,3,31,31,False,False,Sahara Desert crossing,60,6,50,0,3.6666666666666665,20,87,0.9583333333333334,3.4339872044851463
2021-04-01,2021-04,2021,4,30,30,False,False,Sahara Desert crossing,1,1,1,0,4.0,20,88,1.0416666666666667,3.4011973816621555
2021-05-01,2021-05,2021,5,31,31,False,False,Sahara Desert crossing,3,2,2,0,2.0,20,89,1.125,3.4339872044851463
2021-06-01,2021-06,2021,6,30,30,False,False,Sahara Desert crossing,31,2,24,0,3.0,20,90,1.2083333333333333,3.4011973816621555
2021-07-01,2021-07,2021,7,31,31,False,False,Sahara Desert crossing,34,4,19,0,3.75,20,91,1.2916666666666667,3.4339872044851463
2021-08-01,2021-08,2021,8,31,31,False,False,Sahara Desert crossing,14,9,5,0,2.6666666666666665,20,92,1.375,3.4339872044851463
2021-09-01,2021-09,2021,9,30,30,False,False,Sahara Desert crossing,20,4,14,0,4.75,20,93,1.4583333333333333,3.4011973816621555
2021-10-01,2021-10,2021,10,31,31,False,False,Sahara Desert crossing,10,3,5,0,4.0,20,94,1.5416666666666667,3.4339872044851463
2021-11-01,2021-11,2021,11,30,30,False,False,Sahara Desert crossing,3,3,1,0,3.3333333333333335,20,95,1.625,3.4011973816621555
2021-12-01,2021-12,2021,12,31,31,False,False,Sahara Desert crossing,52,10,27,0,2.7,20,96,1.7083333333333333,3.4339872044851463
2022-01-01,2022-01,2022,1,31,31,False,False,Sahara Desert crossing,15,7,9,0,2.0,20,97,1.7916666666666667,3.4339872044851463
2022-02-01,2022-02,2022,2,28,28,False,False,Sahara Desert crossing,20,4,16,0,1.75,20,98,1.875,3.332204510175204
2022-03-01,2022-03,2022,3,31,31,False,False,Sahara Desert crossing,15,10,3,0,2.1,20,99,1.9583333333333333,3.4339872044851463
2022-04-01,2022-04,2022,4,30,30,False,False,Sahara Desert crossing,10,7,3,0,2.4285714285714284,20,100,2.0416666666666665,3.4011973816621555
2022-05-01,2022-05,2022,5,31,31,False,False,Sahara Desert crossing,4,3,2,0,2.0,20,101,2.125,3.4339872044851463
2022-06-01,2022-06,2022,6,30,30,False,False,Sahara Desert crossing,19,3,10,0,4.333333333333333,20,102,2.2083333333333335,3.4011973816621555
2022-07-01,2022-07,2022,7,31,31,False,False,Sahara Desert crossing,16,3,13,0,3.6666666666666665,20,103,2.2916666666666665,3.4339872044851463
2022-08-01,2022-08,2022,8,31,31,False,False,Sahara Desert crossing,30,7,17,0,4.571428571428571,20,104,2.375,3.4339872044851463
2022-09-01,2022-09,2022,9,30,30,False,False,Sahara Desert crossing,7,3,5,0,3.0,20,105,2.4583333333333335,3.4011973816621555
2022-10-01,2022-10,2022,10,31,31,False,False,Sahara Desert crossing,2,2,1,0,5.0,20,106,2.5416666666666665,3.4339872044851463
2022-11-01,2022-11,2022,11,30,30,False,False,Sahara Desert crossing,4,2,3,0,3.5,20,107,2.625,3.4011973816621555
2022-12-01,2022-12,2022,12,31,31,False,False,Sahara Desert crossing,31,3,27,0,4.333333333333333,20,108,2.7083333333333335,3.4339872044851463
2023-01-01,2023-01,2023,1,31,31,False,False,Sahara Desert crossing,25,16,3,0,2.75,20,109,2.7916666666666665,3.4339872044851463
2023-02-01,2023-02,2023,2,28,28,False,False,Sahara Desert crossing,115,16,49,0,2.375,20,110,2.875,3.332204510175204
2023-03-01,2023-03,2023,3,31,31,False,False,Sahara Desert crossing,49,12,12,0,2.6666666666666665,20,111,2.9583333333333335,3.4339872044851463
2023-04-01,2023-04,2023,4,30,30,False,False,Sahara Desert crossing,43,15,8,0,2.066666666666667,20,112,3.0416666666666665,3.4011973816621555
2023-05-01,2023-05,2023,5,31,31,False,False,Sahara Desert crossing,105,13,52,0,2.769230769230769,20,113,3.125,3.4339872044851463
2023-06-01,2023-06,2023,6,30,30,False,False,Sahara Desert crossing,3,3,1,0,2.0,20,114,3.2083333333333335,3.4011973816621555
2023-07-01,2023-07,2023,7,31,31,False,False,Sahara Desert crossing,8,5,3,0,2.0,20,115,3.2916666666666665,3.4339872044851463
2023-08-01,2023-08,2023,8,31,31,False,False,Sahara Desert crossing,27,4,19,0,2.0,20,116,3.375,3.4339872044851463
2023-09-01,2023-09,2023,9,30,30,False,False,Sahara Desert crossing,9,5,5,0,2.0,20,117,3.4583333333333335,3.4011973816621555
2023-10-01,2023-10,2023,10,31,31,False,False,Sahara Desert crossing,21,5,17,0,3.8,20,118,3.5416666666666665,3.4339872044851463
2023-11-01,2023-11,2023,11,30,30,False,False,Sahara Desert crossing,11,5,7,0,2.2,20,119,3.625,3.4011973816621555
2023-12-01,2023-12,2023,12,31,31,False,False,Sahara Desert crossing,0,0,0,0,3.3688721820587686,20,120,3.7083333333333335,3.4339872044851463
2024-01-01,2024-01,2024,1,31,31,False,False,Sahara Desert crossing,13,5,6,0,2.0,20,121,3.7916666666666665,3.4339872044851463
2024-02-01,2024-02,2024,2,29,29,False,False,Sahara Desert crossing,12,2,11,0,4.0,20,122,3.875,3.367295829986474
2024-03-01,2024-03,2024,3,31,31,False,False,Sahara Desert crossing,12,4,5,0,3.25,20,123,3.9583333333333335,3.4339872044851463
2024-04-01,2024-04,2024,4,30,30,False,False,Sahara Desert crossing,7,5,3,0,3.2,20,124,4.041666666666667,3.4011973816621555
2024-05-01,2024-05,2024,5,31,31,False,False,Sahara Desert crossing,6,3,3,0,3.6666666666666665,20,125,4.125,3.4339872044851463
2024-06-01,2024-06,2024,6,30,30,False,False,Sahara Desert crossing,62,13,36,0,3.3076923076923075,20,126,4.208333333333333,3.4011973816621555
2024-07-01,2024-07,2024,7,31,31,False,False,Sahara Desert crossing,178,16,62,0,2.5625,20,127,4.291666666666667,3.4339872044851463
2024-08-01,2024-08,2024,8,31,31,False,False,Sahara Desert crossing,47,14,9,0,3.142857142857143,20,128,4.375,3.4339872044851463
2024-09-01,2024-09,2024,9,30,30,False,False,Sahara Desert crossing,14,5,4,0,3.8,20,129,4.458333333333333,3.4011973816621555
2024-10-01,2024-10,2024,10,31,31,False,False,Sahara Desert crossing,15,10,3,0,2.9,20,130,4.541666666666667,3.4339872044851463
2024-11-01,2024-11,2024,11,30,30,False,False,Sahara Desert crossing,10,7,2,0,2.0,20,131,4.625,3.4011973816621555
2024-12-01,2024-12,2024,12,31,31,False,False,Sahara Desert crossing,5,4,2,0,2.0,20,132,4.708333333333333,3.4339872044851463
2025-01-01,2025-01,2025,1,31,31,False,False,Sahara Desert crossing,26,8,12,0,3.0,20,133,4.791666666666667,3.4339872044851463
2025-02-01,2025-02,2025,2,28,28,False,False,Sahara Desert crossing,117,12,70,0,4.0,20,134,4.875,3.332204510175204
2025-03-01,2025-03,2025,3,31,31,False,False,Sahara Desert crossing,44,15,12,0,2.933333333333333,20,135,4.958333333333333,3.4339872044851463
2025-04-01,2025-04,2025,4,30,30,False,False,Sahara Desert crossing,21,11,7,0,3.090909090909091,20,136,5.041666666666667,3.4011973816621555
2025-05-01,2025-05,2025,5,31,31,False,False,Sahara Desert crossing,48,18,12,0,2.8333333333333335,20,137,5.125,3.4339872044851463
2025-06-01,2025-06,2025,6,30,30,False,False,Sahara Desert crossing,9,2,8,0,2.0,20,138,5.208333333333333,3.4011973816621555
2025-07-01,2025-07,2025,7,31,31,False,False,Sahara Desert crossing,39,6,16,0,2.0,20,139,5.291666666666667,3.4339872044851463
2025-08-01,2025-08,2025,8,31,31,False,False,Sahara Desert crossing,38,13,11,0,2.4615384615384617,20,140,5.375,3.4339872044851463
2025-09-01,2025-09,2025,9,30,30,False,False,Sahara Desert crossing,9,4,5,0,3.75,20,141,5.458333333333333,3.4011973816621555
2025-10-01,2025-10,2025,10,31,31,False,False,Sahara Desert crossing,7,6,2,0,2.0,20,142,5.541666666666667,3.4339872044851463
2025-11-01,2025-11,2025,11,30,30,False,False,Sahara Desert crossing,5,4,2,0,3.75,20,143,5.625,3.4011973816621555
2025-12-01,2025-12,2025,12,31,31,False,False,Sahara Desert crossing,3,3,1,0,2.6666666666666665,20,144,5.708333333333333,3.4339872044851463
2026-01-01,2026-01,2026,1,31,31,False,True,Sahara Desert crossing,0,0,0,0,3.3688721820587686,20,145,5.791666666666667,3.4339872044851463
2026-02-01,2026-02,2026,2,28,28,False,True,Sahara Desert crossing,0,0,0,0,3.3688721820587686,20,146,5.875,3.332204510175204
2026-03-01,2026-03,2026,3,31,31,False,True,Sahara Desert crossing,4,2,2,0,5.0,20,147,5.958333333333333,3.4339872044851463
2026-04-01,2026-04,2026,4,30,30,False,True,Sahara Desert crossing,0,0,0,0,3.3688721820587686,20,148,6.041666666666667,3.4011973816621555
2026-05-01,2026-05,2026,5,31,31,False,True,Sahara Desert crossing,6,1,6,0,4.0,20,149,6.125,3.4339872044851463
2026-06-01,2026-06,2026,6,16,30,True,True,Sahara Desert crossing,49,1,49,0,5.0,20,150,6.208333333333333,2.772588722239781
2014-01-01,2014-01,2014,1,31,31,False,False,Sea crossings to Mayotte,0,0,0,0,3.3688721820587686,21,1,-6.208333333333333,3.4339872044851463
2014-02-01,2014-02,2014,2,28,28,False,False,Sea crossings to Mayotte,0,0,0,0,3.3688721820587686,21,2,-6.125,3.332204510175204
2014-03-01,2014-03,2014,3,31,31,False,False,Sea crossings to Mayotte,0,0,0,0,3.3688721820587686,21,3,-6.041666666666667,3.4339872044851463
2014-04-01,2014-04,2014,4,30,30,False,False,Sea crossings to Mayotte,0,0,0,0,3.3688721820587686,21,4,-5.958333333333333,3.4011973816621555
2014-05-01,2014-05,2014,5,31,31,False,False,Sea crossings to Mayotte,0,0,0,0,3.3688721820587686,21,5,-5.875,3.4339872044851463
2014-06-01,2014-06,2014,6,30,30,False,False,Sea crossings to Mayotte,0,0,0,0,3.3688721820587686,21,6,-5.791666666666667,3.4011973816621555
2014-07-01,2014-07,2014,7,31,31,False,False,Sea crossings to Mayotte,0,0,0,0,3.3688721820587686,21,7,-5.708333333333333,3.4339872044851463
2014-08-01,2014-08,2014,8,31,31,False,False,Sea crossings to Mayotte,0,0,0,0,3.3688721820587686,21,8,-5.625,3.4339872044851463
2014-09-01,2014-09,2014,9,30,30,False,False,Sea crossings to Mayotte,0,0,0,0,3.3688721820587686,21,9,-5.541666666666667,3.4011973816621555
2014-10-01,2014-10,2014,10,31,31,False,False,Sea crossings to Mayotte,0,0,0,0,3.3688721820587686,21,10,-5.458333333333333,3.4339872044851463
2014-11-01,2014-11,2014,11,30,30,False,False,Sea crossings to Mayotte,0,0,0,0,3.3688721820587686,21,11,-5.375,3.4011973816621555
2014-12-01,2014-12,2014,12,31,31,False,False,Sea crossings to Mayotte,0,0,0,0,3.3688721820587686,21,12,-5.291666666666667,3.4339872044851463
2015-01-01,2015-01,2015,1,31,31,False,False,Sea crossings to Mayotte,0,0,0,0,3.3688721820587686,21,13,-5.208333333333333,3.4339872044851463
2015-02-01,2015-02,2015,2,28,28,False,False,Sea crossings to Mayotte,0,0,0,0,3.3688721820587686,21,14,-5.125,3.332204510175204
2015-03-01,2015-03,2015,3,31,31,False,False,Sea crossings to Mayotte,0,0,0,0,3.3688721820587686,21,15,-5.041666666666667,3.4339872044851463
2015-04-01,2015-04,2015,4,30,30,False,False,Sea crossings to Mayotte,0,0,0,0,3.3688721820587686,21,16,-4.958333333333333,3.4011973816621555
2015-05-01,2015-05,2015,5,31,31,False,False,Sea crossings to Mayotte,8,1,8,0,1.0,21,17,-4.875,3.4339872044851463
2015-06-01,2015-06,2015,6,30,30,False,False,Sea crossings to Mayotte,0,0,0,0,3.3688721820587686,21,18,-4.791666666666667,3.4011973816621555
2015-07-01,2015-07,2015,7,31,31,False,False,Sea crossings to Mayotte,0,0,0,0,3.3688721820587686,21,19,-4.708333333333333,3.4339872044851463
2015-08-01,2015-08,2015,8,31,31,False,False,Sea crossings to Mayotte,0,0,0,0,3.3688721820587686,21,20,-4.625,3.4339872044851463
2015-09-01,2015-09,2015,9,30,30,False,False,Sea crossings to Mayotte,22,1,22,0,1.0,21,21,-4.541666666666667,3.4011973816621555
2015-10-01,2015-10,2015,10,31,31,False,False,Sea crossings to Mayotte,8,1,8,0,1.0,21,22,-4.458333333333333,3.4339872044851463
2015-11-01,2015-11,2015,11,30,30,False,False,Sea crossings to Mayotte,0,0,0,0,3.3688721820587686,21,23,-4.375,3.4011973816621555
2015-12-01,2015-12,2015,12,31,31,False,False,Sea crossings to Mayotte,0,0,0,0,3.3688721820587686,21,24,-4.291666666666667,3.4339872044851463
2016-01-01,2016-01,2016,1,31,31,False,False,Sea crossings to Mayotte,0,0,0,0,3.3688721820587686,21,25,-4.208333333333333,3.4339872044851463
2016-02-01,2016-02,2016,2,29,29,False,False,Sea crossings to Mayotte,0,0,0,0,3.3688721820587686,21,26,-4.125,3.367295829986474
2016-03-01,2016-03,2016,3,31,31,False,False,Sea crossings to Mayotte,3,1,3,0,1.0,21,27,-4.041666666666667,3.4339872044851463
2016-04-01,2016-04,2016,4,30,30,False,False,Sea crossings to Mayotte,0,0,0,0,3.3688721820587686,21,28,-3.9583333333333335,3.4011973816621555
2016-05-01,2016-05,2016,5,31,31,False,False,Sea crossings to Mayotte,7,1,7,0,4.0,21,29,-3.875,3.4339872044851463
2016-06-01,2016-06,2016,6,30,30,False,False,Sea crossings to Mayotte,0,0,0,0,3.3688721820587686,21,30,-3.7916666666666665,3.4011973816621555
2016-07-01,2016-07,2016,7,31,31,False,False,Sea crossings to Mayotte,0,0,0,0,3.3688721820587686,21,31,-3.7083333333333335,3.4339872044851463
2016-08-01,2016-08,2016,8,31,31,False,False,Sea crossings to Mayotte,0,0,0,0,3.3688721820587686,21,32,-3.625,3.4339872044851463
2016-09-01,2016-09,2016,9,30,30,False,False,Sea crossings to Mayotte,0,0,0,0,3.3688721820587686,21,33,-3.5416666666666665,3.4011973816621555
2016-10-01,2016-10,2016,10,31,31,False,False,Sea crossings to Mayotte,0,0,0,0,3.3688721820587686,21,34,-3.4583333333333335,3.4339872044851463
2016-11-01,2016-11,2016,11,30,30,False,False,Sea crossings to Mayotte,0,0,0,0,3.3688721820587686,21,35,-3.375,3.4011973816621555
2016-12-01,2016-12,2016,12,31,31,False,False,Sea crossings to Mayotte,0,0,0,0,3.3688721820587686,21,36,-3.2916666666666665,3.4339872044851463
2017-01-01,2017-01,2017,1,31,31,False,False,Sea crossings to Mayotte,0,0,0,0,3.3688721820587686,21,37,-3.2083333333333335,3.4339872044851463
2017-02-01,2017-02,2017,2,28,28,False,False,Sea crossings to Mayotte,0,0,0,0,3.3688721820587686,21,38,-3.125,3.332204510175204
2017-03-01,2017-03,2017,3,31,31,False,False,Sea crossings to Mayotte,0,0,0,0,3.3688721820587686,21,39,-3.0416666666666665,3.4339872044851463
2017-04-01,2017-04,2017,4,30,30,False,False,Sea crossings to Mayotte,0,0,0,0,3.3688721820587686,21,40,-2.9583333333333335,3.4011973816621555
2017-05-01,2017-05,2017,5,31,31,False,False,Sea crossings to Mayotte,11,1,11,0,1.0,21,41,-2.875,3.4339872044851463
2017-06-01,2017-06,2017,6,30,30,False,False,Sea crossings to Mayotte,0,0,0,0,3.3688721820587686,21,42,-2.7916666666666665,3.4011973816621555
2017-07-01,2017-07,2017,7,31,31,False,False,Sea crossings to Mayotte,0,0,0,0,3.3688721820587686,21,43,-2.7083333333333335,3.4339872044851463
2017-08-01,2017-08,2017,8,31,31,False,False,Sea crossings to Mayotte,11,1,11,0,1.0,21,44,-2.625,3.4339872044851463
2017-09-01,2017-09,2017,9,30,30,False,False,Sea crossings to Mayotte,0,0,0,0,3.3688721820587686,21,45,-2.5416666666666665,3.4011973816621555
2017-10-01,2017-10,2017,10,31,31,False,False,Sea crossings to Mayotte,3,1,3,0,4.0,21,46,-2.4583333333333335,3.4339872044851463
2017-11-01,2017-11,2017,11,30,30,False,False,Sea crossings to Mayotte,6,1,6,0,1.0,21,47,-2.375,3.4011973816621555
2017-12-01,2017-12,2017,12,31,31,False,False,Sea crossings to Mayotte,0,0,0,0,3.3688721820587686,21,48,-2.2916666666666665,3.4339872044851463
2018-01-01,2018-01,2018,1,31,31,False,False,Sea crossings to Mayotte,4,2,3,0,3.0,21,49,-2.2083333333333335,3.4339872044851463
2018-02-01,2018-02,2018,2,28,28,False,False,Sea crossings to Mayotte,0,0,0,0,3.3688721820587686,21,50,-2.125,3.332204510175204
2018-03-01,2018-03,2018,3,31,31,False,False,Sea crossings to Mayotte,0,0,0,0,3.3688721820587686,21,51,-2.0416666666666665,3.4339872044851463
2018-04-01,2018-04,2018,4,30,30,False,False,Sea crossings to Mayotte,0,0,0,0,3.3688721820587686,21,52,-1.9583333333333333,3.4011973816621555
2018-05-01,2018-05,2018,5,31,31,False,False,Sea crossings to Mayotte,13,1,13,0,1.0,21,53,-1.875,3.4339872044851463
2018-06-01,2018-06,2018,6,30,30,False,False,Sea crossings to Mayotte,0,0,0,0,3.3688721820587686,21,54,-1.7916666666666667,3.4011973816621555
2018-07-01,2018-07,2018,7,31,31,False,False,Sea crossings to Mayotte,0,0,0,0,3.3688721820587686,21,55,-1.7083333333333333,3.4339872044851463
2018-08-01,2018-08,2018,8,31,31,False,False,Sea crossings to Mayotte,0,0,0,0,3.3688721820587686,21,56,-1.625,3.4339872044851463
2018-09-01,2018-09,2018,9,30,30,False,False,Sea crossings to Mayotte,1,1,1,0,1.0,21,57,-1.5416666666666667,3.4011973816621555
2018-10-01,2018-10,2018,10,31,31,False,False,Sea crossings to Mayotte,0,0,0,0,3.3688721820587686,21,58,-1.4583333333333333,3.4339872044851463
2018-11-01,2018-11,2018,11,30,30,False,False,Sea crossings to Mayotte,1,1,1,0,3.0,21,59,-1.375,3.4011973816621555
2018-12-01,2018-12,2018,12,31,31,False,False,Sea crossings to Mayotte,0,0,0,0,3.3688721820587686,21,60,-1.2916666666666667,3.4339872044851463
2019-01-01,2019-01,2019,1,31,31,False,False,Sea crossings to Mayotte,0,0,0,0,3.3688721820587686,21,61,-1.2083333333333333,3.4339872044851463
2019-02-01,2019-02,2019,2,28,28,False,False,Sea crossings to Mayotte,0,0,0,0,3.3688721820587686,21,62,-1.125,3.332204510175204
2019-03-01,2019-03,2019,3,31,31,False,False,Sea crossings to Mayotte,0,0,0,0,3.3688721820587686,21,63,-1.0416666666666667,3.4339872044851463
2019-04-01,2019-04,2019,4,30,30,False,False,Sea crossings to Mayotte,0,0,0,0,3.3688721820587686,21,64,-0.9583333333333334,3.4011973816621555
2019-05-01,2019-05,2019,5,31,31,False,False,Sea crossings to Mayotte,3,1,3,0,5.0,21,65,-0.875,3.4339872044851463
2019-06-01,2019-06,2019,6,30,30,False,False,Sea crossings to Mayotte,0,0,0,0,3.3688721820587686,21,66,-0.7916666666666666,3.4011973816621555
2019-07-01,2019-07,2019,7,31,31,False,False,Sea crossings to Mayotte,1,1,1,0,5.0,21,67,-0.7083333333333334,3.4339872044851463
2019-08-01,2019-08,2019,8,31,31,False,False,Sea crossings to Mayotte,0,0,0,0,3.3688721820587686,21,68,-0.625,3.4339872044851463
2019-09-01,2019-09,2019,9,30,30,False,False,Sea crossings to Mayotte,0,0,0,0,3.3688721820587686,21,69,-0.5416666666666666,3.4011973816621555
2019-10-01,2019-10,2019,10,31,31,False,False,Sea crossings to Mayotte,0,0,0,0,3.3688721820587686,21,70,-0.4583333333333333,3.4339872044851463
2019-11-01,2019-11,2019,11,30,30,False,False,Sea crossings to Mayotte,0,0,0,0,3.3688721820587686,21,71,-0.375,3.4011973816621555
2019-12-01,2019-12,2019,12,31,31,False,False,Sea crossings to Mayotte,0,0,0,0,3.3688721820587686,21,72,-0.2916666666666667,3.4339872044851463
2020-01-01,2020-01,2020,1,31,31,False,False,Sea crossings to Mayotte,0,0,0,0,3.3688721820587686,21,73,-0.20833333333333334,3.4339872044851463
2020-02-01,2020-02,2020,2,29,29,False,False,Sea crossings to Mayotte,0,0,0,0,3.3688721820587686,21,74,-0.125,3.367295829986474
2020-03-01,2020-03,2020,3,31,31,False,False,Sea crossings to Mayotte,10,1,10,0,1.0,21,75,-0.041666666666666664,3.4339872044851463
2020-04-01,2020-04,2020,4,30,30,False,False,Sea crossings to Mayotte,0,0,0,0,3.3688721820587686,21,76,0.041666666666666664,3.4011973816621555
2020-05-01,2020-05,2020,5,31,31,False,False,Sea crossings to Mayotte,0,0,0,0,3.3688721820587686,21,77,0.125,3.4339872044851463
2020-06-01,2020-06,2020,6,30,30,False,False,Sea crossings to Mayotte,4,1,4,0,3.0,21,78,0.20833333333333334,3.4011973816621555
2020-07-01,2020-07,2020,7,31,31,False,False,Sea crossings to Mayotte,1,1,1,0,5.0,21,79,0.2916666666666667,3.4339872044851463
2020-08-01,2020-08,2020,8,31,31,False,False,Sea crossings to Mayotte,8,1,8,0,4.0,21,80,0.375,3.4339872044851463
2020-09-01,2020-09,2020,9,30,30,False,False,Sea crossings to Mayotte,10,1,10,0,3.0,21,81,0.4583333333333333,3.4011973816621555
2020-10-01,2020-10,2020,10,31,31,False,False,Sea crossings to Mayotte,0,0,0,0,3.3688721820587686,21,82,0.5416666666666666,3.4339872044851463
2020-11-01,2020-11,2020,11,30,30,False,False,Sea crossings to Mayotte,0,0,0,0,3.3688721820587686,21,83,0.625,3.4011973816621555
2020-12-01,2020-12,2020,12,31,31,False,False,Sea crossings to Mayotte,0,0,0,0,3.3688721820587686,21,84,0.7083333333333334,3.4339872044851463
2021-01-01,2021-01,2021,1,31,31,False,False,Sea crossings to Mayotte,0,0,0,0,3.3688721820587686,21,85,0.7916666666666666,3.4339872044851463
2021-02-01,2021-02,2021,2,28,28,False,False,Sea crossings to Mayotte,0,0,0,0,3.3688721820587686,21,86,0.875,3.332204510175204
2021-03-01,2021-03,2021,3,31,31,False,False,Sea crossings to Mayotte,0,0,0,0,3.3688721820587686,21,87,0.9583333333333334,3.4339872044851463
2021-04-01,2021-04,2021,4,30,30,False,False,Sea crossings to Mayotte,0,0,0,0,3.3688721820587686,21,88,1.0416666666666667,3.4011973816621555
2021-05-01,2021-05,2021,5,31,31,False,False,Sea crossings to Mayotte,8,1,8,0,3.0,21,89,1.125,3.4339872044851463
2021-06-01,2021-06,2021,6,30,30,False,False,Sea crossings to Mayotte,0,0,0,0,3.3688721820587686,21,90,1.2083333333333333,3.4011973816621555
2021-07-01,2021-07,2021,7,31,31,False,False,Sea crossings to Mayotte,0,0,0,0,3.3688721820587686,21,91,1.2916666666666667,3.4339872044851463
2021-08-01,2021-08,2021,8,31,31,False,False,Sea crossings to Mayotte,0,0,0,0,3.3688721820587686,21,92,1.375,3.4339872044851463
2021-09-01,2021-09,2021,9,30,30,False,False,Sea crossings to Mayotte,0,0,0,0,3.3688721820587686,21,93,1.4583333333333333,3.4011973816621555
2021-10-01,2021-10,2021,10,31,31,False,False,Sea crossings to Mayotte,0,0,0,0,3.3688721820587686,21,94,1.5416666666666667,3.4339872044851463
2021-11-01,2021-11,2021,11,30,30,False,False,Sea crossings to Mayotte,0,0,0,0,3.3688721820587686,21,95,1.625,3.4011973816621555
2021-12-01,2021-12,2021,12,31,31,False,False,Sea crossings to Mayotte,0,0,0,0,3.3688721820587686,21,96,1.7083333333333333,3.4339872044851463
2022-01-01,2022-01,2022,1,31,31,False,False,Sea crossings to Mayotte,0,0,0,0,3.3688721820587686,21,97,1.7916666666666667,3.4339872044851463
2022-02-01,2022-02,2022,2,28,28,False,False,Sea crossings to Mayotte,0,0,0,0,3.3688721820587686,21,98,1.875,3.332204510175204
2022-03-01,2022-03,2022,3,31,31,False,False,Sea crossings to Mayotte,0,0,0,0,3.3688721820587686,21,99,1.9583333333333333,3.4339872044851463
2022-04-01,2022-04,2022,4,30,30,False,False,Sea crossings to Mayotte,0,0,0,0,3.3688721820587686,21,100,2.0416666666666665,3.4011973816621555
2022-05-01,2022-05,2022,5,31,31,False,False,Sea crossings to Mayotte,0,0,0,0,3.3688721820587686,21,101,2.125,3.4339872044851463
2022-06-01,2022-06,2022,6,30,30,False,False,Sea crossings to Mayotte,0,0,0,0,3.3688721820587686,21,102,2.2083333333333335,3.4011973816621555
2022-07-01,2022-07,2022,7,31,31,False,False,Sea crossings to Mayotte,0,0,0,0,3.3688721820587686,21,103,2.2916666666666665,3.4339872044851463
2022-08-01,2022-08,2022,8,31,31,False,False,Sea crossings to Mayotte,0,0,0,0,3.3688721820587686,21,104,2.375,3.4339872044851463
2022-09-01,2022-09,2022,9,30,30,False,False,Sea crossings to Mayotte,0,0,0,0,3.3688721820587686,21,105,2.4583333333333335,3.4011973816621555
2022-10-01,2022-10,2022,10,31,31,False,False,Sea crossings to Mayotte,0,0,0,0,3.3688721820587686,21,106,2.5416666666666665,3.4339872044851463
2022-11-01,2022-11,2022,11,30,30,False,False,Sea crossings to Mayotte,0,0,0,0,3.3688721820587686,21,107,2.625,3.4011973816621555
2022-12-01,2022-12,2022,12,31,31,False,False,Sea crossings to Mayotte,0,0,0,0,3.3688721820587686,21,108,2.7083333333333335,3.4339872044851463
2023-01-01,2023-01,2023,1,31,31,False,False,Sea crossings to Mayotte,0,0,0,0,3.3688721820587686,21,109,2.7916666666666665,3.4339872044851463
2023-02-01,2023-02,2023,2,28,28,False,False,Sea crossings to Mayotte,0,0,0,0,3.3688721820587686,21,110,2.875,3.332204510175204
2023-03-01,2023-03,2023,3,31,31,False,False,Sea crossings to Mayotte,34,1,34,0,5.0,21,111,2.9583333333333335,3.4339872044851463
2023-04-01,2023-04,2023,4,30,30,False,False,Sea crossings to Mayotte,0,0,0,0,3.3688721820587686,21,112,3.0416666666666665,3.4011973816621555
2023-05-01,2023-05,2023,5,31,31,False,False,Sea crossings to Mayotte,0,0,0,0,3.3688721820587686,21,113,3.125,3.4339872044851463
2023-06-01,2023-06,2023,6,30,30,False,False,Sea crossings to Mayotte,0,0,0,0,3.3688721820587686,21,114,3.2083333333333335,3.4011973816621555
2023-07-01,2023-07,2023,7,31,31,False,False,Sea crossings to Mayotte,0,0,0,0,3.3688721820587686,21,115,3.2916666666666665,3.4339872044851463
2023-08-01,2023-08,2023,8,31,31,False,False,Sea crossings to Mayotte,0,0,0,0,3.3688721820587686,21,116,3.375,3.4339872044851463
2023-09-01,2023-09,2023,9,30,30,False,False,Sea crossings to Mayotte,0,0,0,0,3.3688721820587686,21,117,3.4583333333333335,3.4011973816621555
2023-10-01,2023-10,2023,10,31,31,False,False,Sea crossings to Mayotte,0,0,0,0,3.3688721820587686,21,118,3.5416666666666665,3.4339872044851463
2023-11-01,2023-11,2023,11,30,30,False,False,Sea crossings to Mayotte,0,0,0,0,3.3688721820587686,21,119,3.625,3.4011973816621555
2023-12-01,2023-12,2023,12,31,31,False,False,Sea crossings to Mayotte,0,0,0,0,3.3688721820587686,21,120,3.7083333333333335,3.4339872044851463
2024-01-01,2024-01,2024,1,31,31,False,False,Sea crossings to Mayotte,0,0,0,0,3.3688721820587686,21,121,3.7916666666666665,3.4339872044851463
2024-02-01,2024-02,2024,2,29,29,False,False,Sea crossings to Mayotte,0,0,0,0,3.3688721820587686,21,122,3.875,3.367295829986474
2024-03-01,2024-03,2024,3,31,31,False,False,Sea crossings to Mayotte,0,0,0,0,3.3688721820587686,21,123,3.9583333333333335,3.4339872044851463
2024-04-01,2024-04,2024,4,30,30,False,False,Sea crossings to Mayotte,0,0,0,0,3.3688721820587686,21,124,4.041666666666667,3.4011973816621555
2024-05-01,2024-05,2024,5,31,31,False,False,Sea crossings to Mayotte,0,0,0,0,3.3688721820587686,21,125,4.125,3.4339872044851463
2024-06-01,2024-06,2024,6,30,30,False,False,Sea crossings to Mayotte,0,0,0,0,3.3688721820587686,21,126,4.208333333333333,3.4011973816621555
2024-07-01,2024-07,2024,7,31,31,False,False,Sea crossings to Mayotte,0,0,0,0,3.3688721820587686,21,127,4.291666666666667,3.4339872044851463
2024-08-01,2024-08,2024,8,31,31,False,False,Sea crossings to Mayotte,10,1,10,0,4.0,21,128,4.375,3.4339872044851463
2024-09-01,2024-09,2024,9,30,30,False,False,Sea crossings to Mayotte,12,1,12,0,1.0,21,129,4.458333333333333,3.4011973816621555
2024-10-01,2024-10,2024,10,31,31,False,False,Sea crossings to Mayotte,25,1,25,0,4.0,21,130,4.541666666666667,3.4339872044851463
2024-11-01,2024-11,2024,11,30,30,False,False,Sea crossings to Mayotte,15,1,15,0,5.0,21,131,4.625,3.4011973816621555
2024-12-01,2024-12,2024,12,31,31,False,False,Sea crossings to Mayotte,0,0,0,0,3.3688721820587686,21,132,4.708333333333333,3.4339872044851463
2025-01-01,2025-01,2025,1,31,31,False,False,Sea crossings to Mayotte,0,0,0,0,3.3688721820587686,21,133,4.791666666666667,3.4339872044851463
2025-02-01,2025-02,2025,2,28,28,False,False,Sea crossings to Mayotte,0,0,0,0,3.3688721820587686,21,134,4.875,3.332204510175204
2025-03-01,2025-03,2025,3,31,31,False,False,Sea crossings to Mayotte,0,0,0,0,3.3688721820587686,21,135,4.958333333333333,3.4339872044851463
2025-04-01,2025-04,2025,4,30,30,False,False,Sea crossings to Mayotte,0,0,0,0,3.3688721820587686,21,136,5.041666666666667,3.4011973816621555
2025-05-01,2025-05,2025,5,31,31,False,False,Sea crossings to Mayotte,11,1,11,0,4.0,21,137,5.125,3.4339872044851463
2025-06-01,2025-06,2025,6,30,30,False,False,Sea crossings to Mayotte,0,0,0,0,3.3688721820587686,21,138,5.208333333333333,3.4011973816621555
2025-07-01,2025-07,2025,7,31,31,False,False,Sea crossings to Mayotte,2,1,2,0,5.0,21,139,5.291666666666667,3.4339872044851463
2025-08-01,2025-08,2025,8,31,31,False,False,Sea crossings to Mayotte,0,0,0,0,3.3688721820587686,21,140,5.375,3.4339872044851463
2025-09-01,2025-09,2025,9,30,30,False,False,Sea crossings to Mayotte,3,1,3,0,3.0,21,141,5.458333333333333,3.4011973816621555
2025-10-01,2025-10,2025,10,31,31,False,False,Sea crossings to Mayotte,0,0,0,0,3.3688721820587686,21,142,5.541666666666667,3.4339872044851463
2025-11-01,2025-11,2025,11,30,30,False,False,Sea crossings to Mayotte,0,0,0,0,3.3688721820587686,21,143,5.625,3.4011973816621555
2025-12-01,2025-12,2025,12,31,31,False,False,Sea crossings to Mayotte,1,1,1,0,3.0,21,144,5.708333333333333,3.4339872044851463
2026-01-01,2026-01,2026,1,31,31,False,True,Sea crossings to Mayotte,0,0,0,0,3.3688721820587686,21,145,5.791666666666667,3.4339872044851463
2026-02-01,2026-02,2026,2,28,28,False,True,Sea crossings to Mayotte,0,0,0,0,3.3688721820587686,21,146,5.875,3.332204510175204
2026-03-01,2026-03,2026,3,31,31,False,True,Sea crossings to Mayotte,2,1,2,0,3.0,21,147,5.958333333333333,3.4339872044851463
2026-04-01,2026-04,2026,4,30,30,False,True,Sea crossings to Mayotte,1,1,1,0,4.0,21,148,6.041666666666667,3.4011973816621555
2026-05-01,2026-05,2026,5,31,31,False,True,Sea crossings to Mayotte,0,0,0,0,3.3688721820587686,21,149,6.125,3.4339872044851463
2026-06-01,2026-06,2026,6,16,30,True,True,Sea crossings to Mayotte,0,0,0,0,3.3688721820587686,21,150,6.208333333333333,2.772588722239781
2014-01-01,2014-01,2014,1,31,31,False,False,Syria to Türkiye,0,0,0,0,3.3688721820587686,22,1,-6.208333333333333,3.4339872044851463
2014-02-01,2014-02,2014,2,28,28,False,False,Syria to Türkiye,0,0,0,0,3.3688721820587686,22,2,-6.125,3.332204510175204
2014-03-01,2014-03,2014,3,31,31,False,False,Syria to Türkiye,0,0,0,0,3.3688721820587686,22,3,-6.041666666666667,3.4339872044851463
2014-04-01,2014-04,2014,4,30,30,False,False,Syria to Türkiye,0,0,0,0,3.3688721820587686,22,4,-5.958333333333333,3.4011973816621555
2014-05-01,2014-05,2014,5,31,31,False,False,Syria to Türkiye,0,0,0,0,3.3688721820587686,22,5,-5.875,3.4339872044851463
2014-06-01,2014-06,2014,6,30,30,False,False,Syria to Türkiye,0,0,0,0,3.3688721820587686,22,6,-5.791666666666667,3.4011973816621555
2014-07-01,2014-07,2014,7,31,31,False,False,Syria to Türkiye,0,0,0,0,3.3688721820587686,22,7,-5.708333333333333,3.4339872044851463
2014-08-01,2014-08,2014,8,31,31,False,False,Syria to Türkiye,0,0,0,0,3.3688721820587686,22,8,-5.625,3.4339872044851463
2014-09-01,2014-09,2014,9,30,30,False,False,Syria to Türkiye,3,2,2,0,4.0,22,9,-5.541666666666667,3.4011973816621555
2014-10-01,2014-10,2014,10,31,31,False,False,Syria to Türkiye,0,0,0,0,3.3688721820587686,22,10,-5.458333333333333,3.4339872044851463
2014-11-01,2014-11,2014,11,30,30,False,False,Syria to Türkiye,38,1,38,0,3.0,22,11,-5.375,3.4011973816621555
2014-12-01,2014-12,2014,12,31,31,False,False,Syria to Türkiye,0,0,0,0,3.3688721820587686,22,12,-5.291666666666667,3.4339872044851463
2015-01-01,2015-01,2015,1,31,31,False,False,Syria to Türkiye,0,0,0,0,3.3688721820587686,22,13,-5.208333333333333,3.4339872044851463
2015-02-01,2015-02,2015,2,28,28,False,False,Syria to Türkiye,0,0,0,0,3.3688721820587686,22,14,-5.125,3.332204510175204
2015-03-01,2015-03,2015,3,31,31,False,False,Syria to Türkiye,0,0,0,0,3.3688721820587686,22,15,-5.041666666666667,3.4339872044851463
2015-04-01,2015-04,2015,4,30,30,False,False,Syria to Türkiye,0,0,0,0,3.3688721820587686,22,16,-4.958333333333333,3.4011973816621555
2015-05-01,2015-05,2015,5,31,31,False,False,Syria to Türkiye,0,0,0,0,3.3688721820587686,22,17,-4.875,3.4339872044851463
2015-06-01,2015-06,2015,6,30,30,False,False,Syria to Türkiye,0,0,0,0,3.3688721820587686,22,18,-4.791666666666667,3.4011973816621555
2015-07-01,2015-07,2015,7,31,31,False,False,Syria to Türkiye,0,0,0,0,3.3688721820587686,22,19,-4.708333333333333,3.4339872044851463
2015-08-01,2015-08,2015,8,31,31,False,False,Syria to Türkiye,1,1,1,0,4.0,22,20,-4.625,3.4339872044851463
2015-09-01,2015-09,2015,9,30,30,False,False,Syria to Türkiye,1,1,1,0,4.0,22,21,-4.541666666666667,3.4011973816621555
2015-10-01,2015-10,2015,10,31,31,False,False,Syria to Türkiye,0,0,0,0,3.3688721820587686,22,22,-4.458333333333333,3.4339872044851463
2015-11-01,2015-11,2015,11,30,30,False,False,Syria to Türkiye,0,0,0,0,3.3688721820587686,22,23,-4.375,3.4011973816621555
2015-12-01,2015-12,2015,12,31,31,False,False,Syria to Türkiye,0,0,0,0,3.3688721820587686,22,24,-4.291666666666667,3.4339872044851463
2016-01-01,2016-01,2016,1,31,31,False,False,Syria to Türkiye,7,7,1,0,4.0,22,25,-4.208333333333333,3.4339872044851463
2016-02-01,2016-02,2016,2,29,29,False,False,Syria to Türkiye,10,10,1,0,3.7,22,26,-4.125,3.367295829986474
2016-03-01,2016-03,2016,3,31,31,False,False,Syria to Türkiye,7,7,1,0,4.0,22,27,-4.041666666666667,3.4339872044851463
2016-04-01,2016-04,2016,4,30,30,False,False,Syria to Türkiye,13,11,2,0,4.0,22,28,-3.9583333333333335,3.4011973816621555
2016-05-01,2016-05,2016,5,31,31,False,False,Syria to Türkiye,9,8,2,0,4.0,22,29,-3.875,3.4339872044851463
2016-06-01,2016-06,2016,6,30,30,False,False,Syria to Türkiye,13,4,8,0,4.0,22,30,-3.7916666666666665,3.4011973816621555
2016-07-01,2016-07,2016,7,31,31,False,False,Syria to Türkiye,0,0,0,0,3.3688721820587686,22,31,-3.7083333333333335,3.4339872044851463
2016-08-01,2016-08,2016,8,31,31,False,False,Syria to Türkiye,0,0,0,0,3.3688721820587686,22,32,-3.625,3.4339872044851463
2016-09-01,2016-09,2016,9,30,30,False,False,Syria to Türkiye,0,0,0,0,3.3688721820587686,22,33,-3.5416666666666665,3.4011973816621555
2016-10-01,2016-10,2016,10,31,31,False,False,Syria to Türkiye,0,0,0,0,3.3688721820587686,22,34,-3.4583333333333335,3.4339872044851463
2016-11-01,2016-11,2016,11,30,30,False,False,Syria to Türkiye,0,0,0,0,3.3688721820587686,22,35,-3.375,3.4011973816621555
2016-12-01,2016-12,2016,12,31,31,False,False,Syria to Türkiye,10,3,4,0,4.0,22,36,-3.2916666666666665,3.4339872044851463
2017-01-01,2017-01,2017,1,31,31,False,False,Syria to Türkiye,0,0,0,0,3.3688721820587686,22,37,-3.2083333333333335,3.4339872044851463
2017-02-01,2017-02,2017,2,28,28,False,False,Syria to Türkiye,0,0,0,0,3.3688721820587686,22,38,-3.125,3.332204510175204
2017-03-01,2017-03,2017,3,31,31,False,False,Syria to Türkiye,0,0,0,0,3.3688721820587686,22,39,-3.0416666666666665,3.4339872044851463
2017-04-01,2017-04,2017,4,30,30,False,False,Syria to Türkiye,0,0,0,0,3.3688721820587686,22,40,-2.9583333333333335,3.4011973816621555
2017-05-01,2017-05,2017,5,31,31,False,False,Syria to Türkiye,2,2,1,0,2.5,22,41,-2.875,3.4339872044851463
2017-06-01,2017-06,2017,6,30,30,False,False,Syria to Türkiye,17,3,10,0,4.0,22,42,-2.7916666666666665,3.4011973816621555
2017-07-01,2017-07,2017,7,31,31,False,False,Syria to Türkiye,17,5,6,0,4.0,22,43,-2.7083333333333335,3.4339872044851463
2017-08-01,2017-08,2017,8,31,31,False,False,Syria to Türkiye,10,9,2,0,3.6666666666666665,22,44,-2.625,3.4339872044851463
2017-09-01,2017-09,2017,9,30,30,False,False,Syria to Türkiye,12,6,6,0,4.0,22,45,-2.5416666666666665,3.4011973816621555
2017-10-01,2017-10,2017,10,31,31,False,False,Syria to Türkiye,3,2,2,0,4.0,22,46,-2.4583333333333335,3.4339872044851463
2017-11-01,2017-11,2017,11,30,30,False,False,Syria to Türkiye,3,2,2,0,4.0,22,47,-2.375,3.4011973816621555
2017-12-01,2017-12,2017,12,31,31,False,False,Syria to Türkiye,17,2,10,0,3.5,22,48,-2.2916666666666665,3.4339872044851463
2018-01-01,2018-01,2018,1,31,31,False,False,Syria to Türkiye,0,0,0,0,3.3688721820587686,22,49,-2.2083333333333335,3.4339872044851463
2018-02-01,2018-02,2018,2,28,28,False,False,Syria to Türkiye,1,1,1,0,4.0,22,50,-2.125,3.332204510175204
2018-03-01,2018-03,2018,3,31,31,False,False,Syria to Türkiye,0,0,0,0,3.3688721820587686,22,51,-2.0416666666666665,3.4339872044851463
2018-04-01,2018-04,2018,4,30,30,False,False,Syria to Türkiye,9,6,2,0,3.5,22,52,-1.9583333333333333,3.4011973816621555
2018-05-01,2018-05,2018,5,31,31,False,False,Syria to Türkiye,5,4,2,0,4.0,22,53,-1.875,3.4339872044851463
2018-06-01,2018-06,2018,6,30,30,False,False,Syria to Türkiye,6,6,1,0,4.0,22,54,-1.7916666666666667,3.4011973816621555
2018-07-01,2018-07,2018,7,31,31,False,False,Syria to Türkiye,7,4,3,0,4.0,22,55,-1.7083333333333333,3.4339872044851463
2018-08-01,2018-08,2018,8,31,31,False,False,Syria to Türkiye,5,4,2,0,4.0,22,56,-1.625,3.4339872044851463
2018-09-01,2018-09,2018,9,30,30,False,False,Syria to Türkiye,4,3,2,0,4.0,22,57,-1.5416666666666667,3.4011973816621555
2018-10-01,2018-10,2018,10,31,31,False,False,Syria to Türkiye,6,1,6,0,3.0,22,58,-1.4583333333333333,3.4339872044851463
2018-11-01,2018-11,2018,11,30,30,False,False,Syria to Türkiye,2,2,1,0,4.0,22,59,-1.375,3.4011973816621555
2018-12-01,2018-12,2018,12,31,31,False,False,Syria to Türkiye,2,2,1,0,4.0,22,60,-1.2916666666666667,3.4339872044851463
2019-01-01,2019-01,2019,1,31,31,False,False,Syria to Türkiye,1,1,1,0,4.0,22,61,-1.2083333333333333,3.4339872044851463
2019-02-01,2019-02,2019,2,28,28,False,False,Syria to Türkiye,3,2,2,0,4.0,22,62,-1.125,3.332204510175204
2019-03-01,2019-03,2019,3,31,31,False,False,Syria to Türkiye,0,0,0,0,3.3688721820587686,22,63,-1.0416666666666667,3.4339872044851463
2019-04-01,2019-04,2019,4,30,30,False,False,Syria to Türkiye,1,1,1,0,4.0,22,64,-0.9583333333333334,3.4011973816621555
2019-05-01,2019-05,2019,5,31,31,False,False,Syria to Türkiye,0,0,0,0,3.3688721820587686,22,65,-0.875,3.4339872044851463
2019-06-01,2019-06,2019,6,30,30,False,False,Syria to Türkiye,0,0,0,0,3.3688721820587686,22,66,-0.7916666666666666,3.4011973816621555
2019-07-01,2019-07,2019,7,31,31,False,False,Syria to Türkiye,0,0,0,0,3.3688721820587686,22,67,-0.7083333333333334,3.4339872044851463
2019-08-01,2019-08,2019,8,31,31,False,False,Syria to Türkiye,1,1,1,0,3.0,22,68,-0.625,3.4339872044851463
2019-09-01,2019-09,2019,9,30,30,False,False,Syria to Türkiye,0,0,0,0,3.3688721820587686,22,69,-0.5416666666666666,3.4011973816621555
2019-10-01,2019-10,2019,10,31,31,False,False,Syria to Türkiye,0,0,0,0,3.3688721820587686,22,70,-0.4583333333333333,3.4339872044851463
2019-11-01,2019-11,2019,11,30,30,False,False,Syria to Türkiye,0,0,0,0,3.3688721820587686,22,71,-0.375,3.4011973816621555
2019-12-01,2019-12,2019,12,31,31,False,False,Syria to Türkiye,0,0,0,0,3.3688721820587686,22,72,-0.2916666666666667,3.4339872044851463
2020-01-01,2020-01,2020,1,31,31,False,False,Syria to Türkiye,0,0,0,0,3.3688721820587686,22,73,-0.20833333333333334,3.4339872044851463
2020-02-01,2020-02,2020,2,29,29,False,False,Syria to Türkiye,0,0,0,0,3.3688721820587686,22,74,-0.125,3.367295829986474
2020-03-01,2020-03,2020,3,31,31,False,False,Syria to Türkiye,0,0,0,0,3.3688721820587686,22,75,-0.041666666666666664,3.4339872044851463
2020-04-01,2020-04,2020,4,30,30,False,False,Syria to Türkiye,0,0,0,0,3.3688721820587686,22,76,0.041666666666666664,3.4011973816621555
2020-05-01,2020-05,2020,5,31,31,False,False,Syria to Türkiye,0,0,0,0,3.3688721820587686,22,77,0.125,3.4339872044851463
2020-06-01,2020-06,2020,6,30,30,False,False,Syria to Türkiye,0,0,0,0,3.3688721820587686,22,78,0.20833333333333334,3.4011973816621555
2020-07-01,2020-07,2020,7,31,31,False,False,Syria to Türkiye,0,0,0,0,3.3688721820587686,22,79,0.2916666666666667,3.4339872044851463
2020-08-01,2020-08,2020,8,31,31,False,False,Syria to Türkiye,0,0,0,0,3.3688721820587686,22,80,0.375,3.4339872044851463
2020-09-01,2020-09,2020,9,30,30,False,False,Syria to Türkiye,0,0,0,0,3.3688721820587686,22,81,0.4583333333333333,3.4011973816621555
2020-10-01,2020-10,2020,10,31,31,False,False,Syria to Türkiye,4,1,4,0,1.0,22,82,0.5416666666666666,3.4339872044851463
2020-11-01,2020-11,2020,11,30,30,False,False,Syria to Türkiye,0,0,0,0,3.3688721820587686,22,83,0.625,3.4011973816621555
2020-12-01,2020-12,2020,12,31,31,False,False,Syria to Türkiye,0,0,0,0,3.3688721820587686,22,84,0.7083333333333334,3.4339872044851463
2021-01-01,2021-01,2021,1,31,31,False,False,Syria to Türkiye,1,1,1,0,4.0,22,85,0.7916666666666666,3.4339872044851463
2021-02-01,2021-02,2021,2,28,28,False,False,Syria to Türkiye,0,0,0,0,3.3688721820587686,22,86,0.875,3.332204510175204
2021-03-01,2021-03,2021,3,31,31,False,False,Syria to Türkiye,0,0,0,0,3.3688721820587686,22,87,0.9583333333333334,3.4339872044851463
2021-04-01,2021-04,2021,4,30,30,False,False,Syria to Türkiye,0,0,0,0,3.3688721820587686,22,88,1.0416666666666667,3.4011973816621555
2021-05-01,2021-05,2021,5,31,31,False,False,Syria to Türkiye,0,0,0,0,3.3688721820587686,22,89,1.125,3.4339872044851463
2021-06-01,2021-06,2021,6,30,30,False,False,Syria to Türkiye,0,0,0,0,3.3688721820587686,22,90,1.2083333333333333,3.4011973816621555
2021-07-01,2021-07,2021,7,31,31,False,False,Syria to Türkiye,0,0,0,0,3.3688721820587686,22,91,1.2916666666666667,3.4339872044851463
2021-08-01,2021-08,2021,8,31,31,False,False,Syria to Türkiye,0,0,0,0,3.3688721820587686,22,92,1.375,3.4339872044851463
2021-09-01,2021-09,2021,9,30,30,False,False,Syria to Türkiye,0,0,0,0,3.3688721820587686,22,93,1.4583333333333333,3.4011973816621555
2021-10-01,2021-10,2021,10,31,31,False,False,Syria to Türkiye,0,0,0,0,3.3688721820587686,22,94,1.5416666666666667,3.4339872044851463
2021-11-01,2021-11,2021,11,30,30,False,False,Syria to Türkiye,0,0,0,0,3.3688721820587686,22,95,1.625,3.4011973816621555
2021-12-01,2021-12,2021,12,31,31,False,False,Syria to Türkiye,0,0,0,0,3.3688721820587686,22,96,1.7083333333333333,3.4339872044851463
2022-01-01,2022-01,2022,1,31,31,False,False,Syria to Türkiye,0,0,0,0,3.3688721820587686,22,97,1.7916666666666667,3.4339872044851463
2022-02-01,2022-02,2022,2,28,28,False,False,Syria to Türkiye,0,0,0,0,3.3688721820587686,22,98,1.875,3.332204510175204
2022-03-01,2022-03,2022,3,31,31,False,False,Syria to Türkiye,2,1,2,0,3.0,22,99,1.9583333333333333,3.4339872044851463
2022-04-01,2022-04,2022,4,30,30,False,False,Syria to Türkiye,0,0,0,0,3.3688721820587686,22,100,2.0416666666666665,3.4011973816621555
2022-05-01,2022-05,2022,5,31,31,False,False,Syria to Türkiye,0,0,0,0,3.3688721820587686,22,101,2.125,3.4339872044851463
2022-06-01,2022-06,2022,6,30,30,False,False,Syria to Türkiye,0,0,0,0,3.3688721820587686,22,102,2.2083333333333335,3.4011973816621555
2022-07-01,2022-07,2022,7,31,31,False,False,Syria to Türkiye,0,0,0,0,3.3688721820587686,22,103,2.2916666666666665,3.4339872044851463
2022-08-01,2022-08,2022,8,31,31,False,False,Syria to Türkiye,0,0,0,0,3.3688721820587686,22,104,2.375,3.4339872044851463
2022-09-01,2022-09,2022,9,30,30,False,False,Syria to Türkiye,0,0,0,0,3.3688721820587686,22,105,2.4583333333333335,3.4011973816621555
2022-10-01,2022-10,2022,10,31,31,False,False,Syria to Türkiye,0,0,0,0,3.3688721820587686,22,106,2.5416666666666665,3.4339872044851463
2022-11-01,2022-11,2022,11,30,30,False,False,Syria to Türkiye,0,0,0,0,3.3688721820587686,22,107,2.625,3.4011973816621555
2022-12-01,2022-12,2022,12,31,31,False,False,Syria to Türkiye,9,1,9,0,5.0,22,108,2.7083333333333335,3.4339872044851463
2023-01-01,2023-01,2023,1,31,31,False,False,Syria to Türkiye,0,0,0,0,3.3688721820587686,22,109,2.7916666666666665,3.4339872044851463
2023-02-01,2023-02,2023,2,28,28,False,False,Syria to Türkiye,0,0,0,0,3.3688721820587686,22,110,2.875,3.332204510175204
2023-03-01,2023-03,2023,3,31,31,False,False,Syria to Türkiye,0,0,0,0,3.3688721820587686,22,111,2.9583333333333335,3.4339872044851463
2023-04-01,2023-04,2023,4,30,30,False,False,Syria to Türkiye,0,0,0,0,3.3688721820587686,22,112,3.0416666666666665,3.4011973816621555
2023-05-01,2023-05,2023,5,31,31,False,False,Syria to Türkiye,0,0,0,0,3.3688721820587686,22,113,3.125,3.4339872044851463
2023-06-01,2023-06,2023,6,30,30,False,False,Syria to Türkiye,0,0,0,0,3.3688721820587686,22,114,3.2083333333333335,3.4011973816621555
2023-07-01,2023-07,2023,7,31,31,False,False,Syria to Türkiye,0,0,0,0,3.3688721820587686,22,115,3.2916666666666665,3.4339872044851463
2023-08-01,2023-08,2023,8,31,31,False,False,Syria to Türkiye,0,0,0,0,3.3688721820587686,22,116,3.375,3.4339872044851463
2023-09-01,2023-09,2023,9,30,30,False,False,Syria to Türkiye,0,0,0,0,3.3688721820587686,22,117,3.4583333333333335,3.4011973816621555
2023-10-01,2023-10,2023,10,31,31,False,False,Syria to Türkiye,0,0,0,0,3.3688721820587686,22,118,3.5416666666666665,3.4339872044851463
2023-11-01,2023-11,2023,11,30,30,False,False,Syria to Türkiye,0,0,0,0,3.3688721820587686,22,119,3.625,3.4011973816621555
2023-12-01,2023-12,2023,12,31,31,False,False,Syria to Türkiye,0,0,0,0,3.3688721820587686,22,120,3.7083333333333335,3.4339872044851463
2024-01-01,2024-01,2024,1,31,31,False,False,Syria to Türkiye,0,0,0,0,3.3688721820587686,22,121,3.7916666666666665,3.4339872044851463
2024-02-01,2024-02,2024,2,29,29,False,False,Syria to Türkiye,0,0,0,0,3.3688721820587686,22,122,3.875,3.367295829986474
2024-03-01,2024-03,2024,3,31,31,False,False,Syria to Türkiye,2,1,2,0,3.0,22,123,3.9583333333333335,3.4339872044851463
2024-04-01,2024-04,2024,4,30,30,False,False,Syria to Türkiye,0,0,0,0,3.3688721820587686,22,124,4.041666666666667,3.4011973816621555
2024-05-01,2024-05,2024,5,31,31,False,False,Syria to Türkiye,0,0,0,0,3.3688721820587686,22,125,4.125,3.4339872044851463
2024-06-01,2024-06,2024,6,30,30,False,False,Syria to Türkiye,0,0,0,0,3.3688721820587686,22,126,4.208333333333333,3.4011973816621555
2024-07-01,2024-07,2024,7,31,31,False,False,Syria to Türkiye,0,0,0,0,3.3688721820587686,22,127,4.291666666666667,3.4339872044851463
2024-08-01,2024-08,2024,8,31,31,False,False,Syria to Türkiye,0,0,0,0,3.3688721820587686,22,128,4.375,3.4339872044851463
2024-09-01,2024-09,2024,9,30,30,False,False,Syria to Türkiye,0,0,0,0,3.3688721820587686,22,129,4.458333333333333,3.4011973816621555
2024-10-01,2024-10,2024,10,31,31,False,False,Syria to Türkiye,0,0,0,0,3.3688721820587686,22,130,4.541666666666667,3.4339872044851463
2024-11-01,2024-11,2024,11,30,30,False,False,Syria to Türkiye,0,0,0,0,3.3688721820587686,22,131,4.625,3.4011973816621555
2024-12-01,2024-12,2024,12,31,31,False,False,Syria to Türkiye,0,0,0,0,3.3688721820587686,22,132,4.708333333333333,3.4339872044851463
2025-01-01,2025-01,2025,1,31,31,False,False,Syria to Türkiye,0,0,0,0,3.3688721820587686,22,133,4.791666666666667,3.4339872044851463
2025-02-01,2025-02,2025,2,28,28,False,False,Syria to Türkiye,0,0,0,0,3.3688721820587686,22,134,4.875,3.332204510175204
2025-03-01,2025-03,2025,3,31,31,False,False,Syria to Türkiye,0,0,0,0,3.3688721820587686,22,135,4.958333333333333,3.4339872044851463
2025-04-01,2025-04,2025,4,30,30,False,False,Syria to Türkiye,0,0,0,0,3.3688721820587686,22,136,5.041666666666667,3.4011973816621555
2025-05-01,2025-05,2025,5,31,31,False,False,Syria to Türkiye,0,0,0,0,3.3688721820587686,22,137,5.125,3.4339872044851463
2025-06-01,2025-06,2025,6,30,30,False,False,Syria to Türkiye,0,0,0,0,3.3688721820587686,22,138,5.208333333333333,3.4011973816621555
2025-07-01,2025-07,2025,7,31,31,False,False,Syria to Türkiye,0,0,0,0,3.3688721820587686,22,139,5.291666666666667,3.4339872044851463
2025-08-01,2025-08,2025,8,31,31,False,False,Syria to Türkiye,0,0,0,0,3.3688721820587686,22,140,5.375,3.4339872044851463
2025-09-01,2025-09,2025,9,30,30,False,False,Syria to Türkiye,0,0,0,0,3.3688721820587686,22,141,5.458333333333333,3.4011973816621555
2025-10-01,2025-10,2025,10,31,31,False,False,Syria to Türkiye,0,0,0,0,3.3688721820587686,22,142,5.541666666666667,3.4339872044851463
2025-11-01,2025-11,2025,11,30,30,False,False,Syria to Türkiye,0,0,0,0,3.3688721820587686,22,143,5.625,3.4011973816621555
2025-12-01,2025-12,2025,12,31,31,False,False,Syria to Türkiye,0,0,0,0,3.3688721820587686,22,144,5.708333333333333,3.4339872044851463
2026-01-01,2026-01,2026,1,31,31,False,True,Syria to Türkiye,0,0,0,0,3.3688721820587686,22,145,5.791666666666667,3.4339872044851463
2026-02-01,2026-02,2026,2,28,28,False,True,Syria to Türkiye,0,0,0,0,3.3688721820587686,22,146,5.875,3.332204510175204
2026-03-01,2026-03,2026,3,31,31,False,True,Syria to Türkiye,0,0,0,0,3.3688721820587686,22,147,5.958333333333333,3.4339872044851463
2026-04-01,2026-04,2026,4,30,30,False,True,Syria to Türkiye,0,0,0,0,3.3688721820587686,22,148,6.041666666666667,3.4011973816621555
2026-05-01,2026-05,2026,5,31,31,False,True,Syria to Türkiye,0,0,0,0,3.3688721820587686,22,149,6.125,3.4339872044851463
2026-06-01,2026-06,2026,6,16,30,True,True,Syria to Türkiye,0,0,0,0,3.3688721820587686,22,150,6.208333333333333,2.772588722239781
2014-01-01,2014-01,2014,1,31,31,False,False,Türkiye-Europe land route,0,0,0,0,3.3688721820587686,23,1,-6.208333333333333,3.4339872044851463
2014-02-01,2014-02,2014,2,28,28,False,False,Türkiye-Europe land route,0,0,0,0,3.3688721820587686,23,2,-6.125,3.332204510175204
2014-03-01,2014-03,2014,3,31,31,False,False,Türkiye-Europe land route,0,0,0,0,3.3688721820587686,23,3,-6.041666666666667,3.4339872044851463
2014-04-01,2014-04,2014,4,30,30,False,False,Türkiye-Europe land route,0,0,0,0,3.3688721820587686,23,4,-5.958333333333333,3.4011973816621555
2014-05-01,2014-05,2014,5,31,31,False,False,Türkiye-Europe land route,0,0,0,0,3.3688721820587686,23,5,-5.875,3.4339872044851463
2014-06-01,2014-06,2014,6,30,30,False,False,Türkiye-Europe land route,0,0,0,0,3.3688721820587686,23,6,-5.791666666666667,3.4011973816621555
2014-07-01,2014-07,2014,7,31,31,False,False,Türkiye-Europe land route,0,0,0,0,3.3688721820587686,23,7,-5.708333333333333,3.4339872044851463
2014-08-01,2014-08,2014,8,31,31,False,False,Türkiye-Europe land route,0,0,0,0,3.3688721820587686,23,8,-5.625,3.4339872044851463
2014-09-01,2014-09,2014,9,30,30,False,False,Türkiye-Europe land route,0,0,0,0,3.3688721820587686,23,9,-5.541666666666667,3.4011973816621555
2014-10-01,2014-10,2014,10,31,31,False,False,Türkiye-Europe land route,0,0,0,0,3.3688721820587686,23,10,-5.458333333333333,3.4339872044851463
2014-11-01,2014-11,2014,11,30,30,False,False,Türkiye-Europe land route,0,0,0,0,3.3688721820587686,23,11,-5.375,3.4011973816621555
2014-12-01,2014-12,2014,12,31,31,False,False,Türkiye-Europe land route,0,0,0,0,3.3688721820587686,23,12,-5.291666666666667,3.4339872044851463
2015-01-01,2015-01,2015,1,31,31,False,False,Türkiye-Europe land route,0,0,0,0,3.3688721820587686,23,13,-5.208333333333333,3.4339872044851463
2015-02-01,2015-02,2015,2,28,28,False,False,Türkiye-Europe land route,0,0,0,0,3.3688721820587686,23,14,-5.125,3.332204510175204
2015-03-01,2015-03,2015,3,31,31,False,False,Türkiye-Europe land route,2,1,2,0,1.0,23,15,-5.041666666666667,3.4339872044851463
2015-04-01,2015-04,2015,4,30,30,False,False,Türkiye-Europe land route,0,0,0,0,3.3688721820587686,23,16,-4.958333333333333,3.4011973816621555
2015-05-01,2015-05,2015,5,31,31,False,False,Türkiye-Europe land route,0,0,0,0,3.3688721820587686,23,17,-4.875,3.4339872044851463
2015-06-01,2015-06,2015,6,30,30,False,False,Türkiye-Europe land route,0,0,0,0,3.3688721820587686,23,18,-4.791666666666667,3.4011973816621555
2015-07-01,2015-07,2015,7,31,31,False,False,Türkiye-Europe land route,0,0,0,0,3.3688721820587686,23,19,-4.708333333333333,3.4339872044851463
2015-08-01,2015-08,2015,8,31,31,False,False,Türkiye-Europe land route,0,0,0,0,3.3688721820587686,23,20,-4.625,3.4339872044851463
2015-09-01,2015-09,2015,9,30,30,False,False,Türkiye-Europe land route,0,0,0,0,3.3688721820587686,23,21,-4.541666666666667,3.4011973816621555
2015-10-01,2015-10,2015,10,31,31,False,False,Türkiye-Europe land route,0,0,0,0,3.3688721820587686,23,22,-4.458333333333333,3.4339872044851463
2015-11-01,2015-11,2015,11,30,30,False,False,Türkiye-Europe land route,0,0,0,0,3.3688721820587686,23,23,-4.375,3.4011973816621555
2015-12-01,2015-12,2015,12,31,31,False,False,Türkiye-Europe land route,0,0,0,0,3.3688721820587686,23,24,-4.291666666666667,3.4339872044851463
2016-01-01,2016-01,2016,1,31,31,False,False,Türkiye-Europe land route,0,0,0,0,3.3688721820587686,23,25,-4.208333333333333,3.4339872044851463
2016-02-01,2016-02,2016,2,29,29,False,False,Türkiye-Europe land route,0,0,0,0,3.3688721820587686,23,26,-4.125,3.367295829986474
2016-03-01,2016-03,2016,3,31,31,False,False,Türkiye-Europe land route,0,0,0,0,3.3688721820587686,23,27,-4.041666666666667,3.4339872044851463
2016-04-01,2016-04,2016,4,30,30,False,False,Türkiye-Europe land route,0,0,0,0,3.3688721820587686,23,28,-3.9583333333333335,3.4011973816621555
2016-05-01,2016-05,2016,5,31,31,False,False,Türkiye-Europe land route,0,0,0,0,3.3688721820587686,23,29,-3.875,3.4339872044851463
2016-06-01,2016-06,2016,6,30,30,False,False,Türkiye-Europe land route,0,0,0,0,3.3688721820587686,23,30,-3.7916666666666665,3.4011973816621555
2016-07-01,2016-07,2016,7,31,31,False,False,Türkiye-Europe land route,0,0,0,0,3.3688721820587686,23,31,-3.7083333333333335,3.4339872044851463
2016-08-01,2016-08,2016,8,31,31,False,False,Türkiye-Europe land route,0,0,0,0,3.3688721820587686,23,32,-3.625,3.4339872044851463
2016-09-01,2016-09,2016,9,30,30,False,False,Türkiye-Europe land route,0,0,0,0,3.3688721820587686,23,33,-3.5416666666666665,3.4011973816621555
2016-10-01,2016-10,2016,10,31,31,False,False,Türkiye-Europe land route,0,0,0,0,3.3688721820587686,23,34,-3.4583333333333335,3.4339872044851463
2016-11-01,2016-11,2016,11,30,30,False,False,Türkiye-Europe land route,0,0,0,0,3.3688721820587686,23,35,-3.375,3.4011973816621555
2016-12-01,2016-12,2016,12,31,31,False,False,Türkiye-Europe land route,0,0,0,0,3.3688721820587686,23,36,-3.2916666666666665,3.4339872044851463
2017-01-01,2017-01,2017,1,31,31,False,False,Türkiye-Europe land route,0,0,0,0,3.3688721820587686,23,37,-3.2083333333333335,3.4339872044851463
2017-02-01,2017-02,2017,2,28,28,False,False,Türkiye-Europe land route,3,1,3,0,3.0,23,38,-3.125,3.332204510175204
2017-03-01,2017-03,2017,3,31,31,False,False,Türkiye-Europe land route,0,0,0,0,3.3688721820587686,23,39,-3.0416666666666665,3.4339872044851463
2017-04-01,2017-04,2017,4,30,30,False,False,Türkiye-Europe land route,0,0,0,0,3.3688721820587686,23,40,-2.9583333333333335,3.4011973816621555
2017-05-01,2017-05,2017,5,31,31,False,False,Türkiye-Europe land route,0,0,0,0,3.3688721820587686,23,41,-2.875,3.4339872044851463
2017-06-01,2017-06,2017,6,30,30,False,False,Türkiye-Europe land route,0,0,0,0,3.3688721820587686,23,42,-2.7916666666666665,3.4011973816621555
2017-07-01,2017-07,2017,7,31,31,False,False,Türkiye-Europe land route,0,0,0,0,3.3688721820587686,23,43,-2.7083333333333335,3.4339872044851463
2017-08-01,2017-08,2017,8,31,31,False,False,Türkiye-Europe land route,0,0,0,0,3.3688721820587686,23,44,-2.625,3.4339872044851463
2017-09-01,2017-09,2017,9,30,30,False,False,Türkiye-Europe land route,0,0,0,0,3.3688721820587686,23,45,-2.5416666666666665,3.4011973816621555
2017-10-01,2017-10,2017,10,31,31,False,False,Türkiye-Europe land route,0,0,0,0,3.3688721820587686,23,46,-2.4583333333333335,3.4339872044851463
2017-11-01,2017-11,2017,11,30,30,False,False,Türkiye-Europe land route,0,0,0,0,3.3688721820587686,23,47,-2.375,3.4011973816621555
2017-12-01,2017-12,2017,12,31,31,False,False,Türkiye-Europe land route,1,1,1,0,3.0,23,48,-2.2916666666666665,3.4339872044851463
2018-01-01,2018-01,2018,1,31,31,False,False,Türkiye-Europe land route,1,1,1,0,4.0,23,49,-2.2083333333333335,3.4339872044851463
2018-02-01,2018-02,2018,2,28,28,False,False,Türkiye-Europe land route,7,1,7,0,5.0,23,50,-2.125,3.332204510175204
2018-03-01,2018-03,2018,3,31,31,False,False,Türkiye-Europe land route,5,4,2,0,3.75,23,51,-2.0416666666666665,3.4339872044851463
2018-04-01,2018-04,2018,4,30,30,False,False,Türkiye-Europe land route,2,2,1,0,4.0,23,52,-1.9583333333333333,3.4011973816621555
2018-05-01,2018-05,2018,5,31,31,False,False,Türkiye-Europe land route,4,3,2,0,4.0,23,53,-1.875,3.4339872044851463
2018-06-01,2018-06,2018,6,30,30,False,False,Türkiye-Europe land route,3,1,3,0,1.0,23,54,-1.7916666666666667,3.4011973816621555
2018-07-01,2018-07,2018,7,31,31,False,False,Türkiye-Europe land route,7,3,4,0,2.6666666666666665,23,55,-1.7083333333333333,3.4339872044851463
2018-08-01,2018-08,2018,8,31,31,False,False,Türkiye-Europe land route,0,0,0,0,3.3688721820587686,23,56,-1.625,3.4339872044851463
2018-09-01,2018-09,2018,9,30,30,False,False,Türkiye-Europe land route,0,0,0,0,3.3688721820587686,23,57,-1.5416666666666667,3.4011973816621555
2018-10-01,2018-10,2018,10,31,31,False,False,Türkiye-Europe land route,7,3,3,0,3.0,23,58,-1.4583333333333333,3.4339872044851463
2018-11-01,2018-11,2018,11,30,30,False,False,Türkiye-Europe land route,5,2,4,0,4.0,23,59,-1.375,3.4011973816621555
2018-12-01,2018-12,2018,12,31,31,False,False,Türkiye-Europe land route,4,2,3,0,3.5,23,60,-1.2916666666666667,3.4339872044851463
2019-01-01,2019-01,2019,1,31,31,False,False,Türkiye-Europe land route,3,1,3,0,3.0,23,61,-1.2083333333333333,3.4339872044851463
2019-02-01,2019-02,2019,2,28,28,False,False,Türkiye-Europe land route,3,1,3,0,3.0,23,62,-1.125,3.332204510175204
2019-03-01,2019-03,2019,3,31,31,False,False,Türkiye-Europe land route,1,1,1,0,4.0,23,63,-1.0416666666666667,3.4339872044851463
2019-04-01,2019-04,2019,4,30,30,False,False,Türkiye-Europe land route,1,1,1,0,1.0,23,64,-0.9583333333333334,3.4011973816621555
2019-05-01,2019-05,2019,5,31,31,False,False,Türkiye-Europe land route,3,3,1,0,2.3333333333333335,23,65,-0.875,3.4339872044851463
2019-06-01,2019-06,2019,6,30,30,False,False,Türkiye-Europe land route,11,2,10,0,3.0,23,66,-0.7916666666666666,3.4011973816621555
2019-07-01,2019-07,2019,7,31,31,False,False,Türkiye-Europe land route,0,0,0,0,3.3688721820587686,23,67,-0.7083333333333334,3.4339872044851463
2019-08-01,2019-08,2019,8,31,31,False,False,Türkiye-Europe land route,0,0,0,0,3.3688721820587686,23,68,-0.625,3.4339872044851463
2019-09-01,2019-09,2019,9,30,30,False,False,Türkiye-Europe land route,2,2,1,0,3.0,23,69,-0.5416666666666666,3.4011973816621555
2019-10-01,2019-10,2019,10,31,31,False,False,Türkiye-Europe land route,2,2,1,0,2.0,23,70,-0.4583333333333333,3.4339872044851463
2019-11-01,2019-11,2019,11,30,30,False,False,Türkiye-Europe land route,0,0,0,0,3.3688721820587686,23,71,-0.375,3.4011973816621555
2019-12-01,2019-12,2019,12,31,31,False,False,Türkiye-Europe land route,0,0,0,0,3.3688721820587686,23,72,-0.2916666666666667,3.4339872044851463
2020-01-01,2020-01,2020,1,31,31,False,False,Türkiye-Europe land route,3,2,2,0,5.0,23,73,-0.20833333333333334,3.4339872044851463
2020-02-01,2020-02,2020,2,29,29,False,False,Türkiye-Europe land route,2,2,1,0,4.5,23,74,-0.125,3.367295829986474
2020-03-01,2020-03,2020,3,31,31,False,False,Türkiye-Europe land route,4,4,1,0,4.25,23,75,-0.041666666666666664,3.4339872044851463
2020-04-01,2020-04,2020,4,30,30,False,False,Türkiye-Europe land route,4,4,1,0,5.0,23,76,0.041666666666666664,3.4011973816621555
2020-05-01,2020-05,2020,5,31,31,False,False,Türkiye-Europe land route,0,0,0,0,3.3688721820587686,23,77,0.125,3.4339872044851463
2020-06-01,2020-06,2020,6,30,30,False,False,Türkiye-Europe land route,3,2,2,0,3.0,23,78,0.20833333333333334,3.4011973816621555
2020-07-01,2020-07,2020,7,31,31,False,False,Türkiye-Europe land route,1,1,1,0,4.0,23,79,0.2916666666666667,3.4339872044851463
2020-08-01,2020-08,2020,8,31,31,False,False,Türkiye-Europe land route,0,0,0,0,3.3688721820587686,23,80,0.375,3.4339872044851463
2020-09-01,2020-09,2020,9,30,30,False,False,Türkiye-Europe land route,4,3,2,0,3.6666666666666665,23,81,0.4583333333333333,3.4011973816621555
2020-10-01,2020-10,2020,10,31,31,False,False,Türkiye-Europe land route,4,4,1,0,4.75,23,82,0.5416666666666666,3.4339872044851463
2020-11-01,2020-11,2020,11,30,30,False,False,Türkiye-Europe land route,0,0,0,0,3.3688721820587686,23,83,0.625,3.4011973816621555
2020-12-01,2020-12,2020,12,31,31,False,False,Türkiye-Europe land route,9,5,5,0,4.0,23,84,0.7083333333333334,3.4339872044851463
2021-01-01,2021-01,2021,1,31,31,False,False,Türkiye-Europe land route,10,9,2,0,3.7777777777777777,23,85,0.7916666666666666,3.4339872044851463
2021-02-01,2021-02,2021,2,28,28,False,False,Türkiye-Europe land route,0,0,0,0,3.3688721820587686,23,86,0.875,3.332204510175204
2021-03-01,2021-03,2021,3,31,31,False,False,Türkiye-Europe land route,1,1,1,0,1.0,23,87,0.9583333333333334,3.4339872044851463
2021-04-01,2021-04,2021,4,30,30,False,False,Türkiye-Europe land route,6,4,3,0,3.75,23,88,1.0416666666666667,3.4011973816621555
2021-05-01,2021-05,2021,5,31,31,False,False,Türkiye-Europe land route,4,3,2,0,3.3333333333333335,23,89,1.125,3.4339872044851463
2021-06-01,2021-06,2021,6,30,30,False,False,Türkiye-Europe land route,1,1,1,0,1.0,23,90,1.2083333333333333,3.4011973816621555
2021-07-01,2021-07,2021,7,31,31,False,False,Türkiye-Europe land route,1,1,1,0,5.0,23,91,1.2916666666666667,3.4339872044851463
2021-08-01,2021-08,2021,8,31,31,False,False,Türkiye-Europe land route,9,4,4,0,4.75,23,92,1.375,3.4339872044851463
2021-09-01,2021-09,2021,9,30,30,False,False,Türkiye-Europe land route,5,5,1,0,4.0,23,93,1.4583333333333333,3.4011973816621555
2021-10-01,2021-10,2021,10,31,31,False,False,Türkiye-Europe land route,2,1,2,0,4.0,23,94,1.5416666666666667,3.4339872044851463
2021-11-01,2021-11,2021,11,30,30,False,False,Türkiye-Europe land route,1,1,1,0,2.0,23,95,1.625,3.4011973816621555
2021-12-01,2021-12,2021,12,31,31,False,False,Türkiye-Europe land route,9,7,3,0,3.142857142857143,23,96,1.7083333333333333,3.4339872044851463
2022-01-01,2022-01,2022,1,31,31,False,False,Türkiye-Europe land route,4,2,2,0,4.5,23,97,1.7916666666666667,3.4339872044851463
2022-02-01,2022-02,2022,2,28,28,False,False,Türkiye-Europe land route,0,0,0,0,3.3688721820587686,23,98,1.875,3.332204510175204
2022-03-01,2022-03,2022,3,31,31,False,False,Türkiye-Europe land route,1,1,1,0,4.0,23,99,1.9583333333333333,3.4339872044851463
2022-04-01,2022-04,2022,4,30,30,False,False,Türkiye-Europe land route,9,6,2,0,3.8333333333333335,23,100,2.0416666666666665,3.4011973816621555
2022-05-01,2022-05,2022,5,31,31,False,False,Türkiye-Europe land route,0,0,0,0,3.3688721820587686,23,101,2.125,3.4339872044851463
2022-06-01,2022-06,2022,6,30,30,False,False,Türkiye-Europe land route,6,5,2,0,4.8,23,102,2.2083333333333335,3.4011973816621555
2022-07-01,2022-07,2022,7,31,31,False,False,Türkiye-Europe land route,8,5,3,0,4.2,23,103,2.2916666666666665,3.4339872044851463
2022-08-01,2022-08,2022,8,31,31,False,False,Türkiye-Europe land route,13,12,2,0,3.6666666666666665,23,104,2.375,3.4339872044851463
2022-09-01,2022-09,2022,9,30,30,False,False,Türkiye-Europe land route,8,8,1,0,2.0,23,105,2.4583333333333335,3.4011973816621555
2022-10-01,2022-10,2022,10,31,31,False,False,Türkiye-Europe land route,3,1,3,0,4.0,23,106,2.5416666666666665,3.4339872044851463
2022-11-01,2022-11,2022,11,30,30,False,False,Türkiye-Europe land route,1,1,1,0,4.0,23,107,2.625,3.4011973816621555
2022-12-01,2022-12,2022,12,31,31,False,False,Türkiye-Europe land route,2,2,1,0,3.5,23,108,2.7083333333333335,3.4339872044851463
2023-01-01,2023-01,2023,1,31,31,False,False,Türkiye-Europe land route,0,0,0,0,3.3688721820587686,23,109,2.7916666666666665,3.4339872044851463
2023-02-01,2023-02,2023,2,28,28,False,False,Türkiye-Europe land route,0,0,0,0,3.3688721820587686,23,110,2.875,3.332204510175204
2023-03-01,2023-03,2023,3,31,31,False,False,Türkiye-Europe land route,2,2,1,0,5.0,23,111,2.9583333333333335,3.4339872044851463
2023-04-01,2023-04,2023,4,30,30,False,False,Türkiye-Europe land route,4,1,4,0,2.0,23,112,3.0416666666666665,3.4011973816621555
2023-05-01,2023-05,2023,5,31,31,False,False,Türkiye-Europe land route,2,1,2,0,4.0,23,113,3.125,3.4339872044851463
2023-06-01,2023-06,2023,6,30,30,False,False,Türkiye-Europe land route,0,0,0,0,3.3688721820587686,23,114,3.2083333333333335,3.4011973816621555
2023-07-01,2023-07,2023,7,31,31,False,False,Türkiye-Europe land route,6,2,4,0,3.0,23,115,3.2916666666666665,3.4339872044851463
2023-08-01,2023-08,2023,8,31,31,False,False,Türkiye-Europe land route,26,4,18,0,4.25,23,116,3.375,3.4339872044851463
2023-09-01,2023-09,2023,9,30,30,False,False,Türkiye-Europe land route,2,2,1,0,4.0,23,117,3.4583333333333335,3.4011973816621555
2023-10-01,2023-10,2023,10,31,31,False,False,Türkiye-Europe land route,0,0,0,0,3.3688721820587686,23,118,3.5416666666666665,3.4339872044851463
2023-11-01,2023-11,2023,11,30,30,False,False,Türkiye-Europe land route,1,1,1,0,3.0,23,119,3.625,3.4011973816621555
2023-12-01,2023-12,2023,12,31,31,False,False,Türkiye-Europe land route,0,0,0,0,3.3688721820587686,23,120,3.7083333333333335,3.4339872044851463
2024-01-01,2024-01,2024,1,31,31,False,False,Türkiye-Europe land route,0,0,0,0,3.3688721820587686,23,121,3.7916666666666665,3.4339872044851463
2024-02-01,2024-02,2024,2,29,29,False,False,Türkiye-Europe land route,0,0,0,0,3.3688721820587686,23,122,3.875,3.367295829986474
2024-03-01,2024-03,2024,3,31,31,False,False,Türkiye-Europe land route,1,1,1,0,4.0,23,123,3.9583333333333335,3.4339872044851463
2024-04-01,2024-04,2024,4,30,30,False,False,Türkiye-Europe land route,0,0,0,0,3.3688721820587686,23,124,4.041666666666667,3.4011973816621555
2024-05-01,2024-05,2024,5,31,31,False,False,Türkiye-Europe land route,0,0,0,0,3.3688721820587686,23,125,4.125,3.4339872044851463
2024-06-01,2024-06,2024,6,30,30,False,False,Türkiye-Europe land route,0,0,0,0,3.3688721820587686,23,126,4.208333333333333,3.4011973816621555
2024-07-01,2024-07,2024,7,31,31,False,False,Türkiye-Europe land route,1,1,1,0,3.0,23,127,4.291666666666667,3.4339872044851463
2024-08-01,2024-08,2024,8,31,31,False,False,Türkiye-Europe land route,0,0,0,0,3.3688721820587686,23,128,4.375,3.4339872044851463
2024-09-01,2024-09,2024,9,30,30,False,False,Türkiye-Europe land route,0,0,0,0,3.3688721820587686,23,129,4.458333333333333,3.4011973816621555
2024-10-01,2024-10,2024,10,31,31,False,False,Türkiye-Europe land route,1,1,1,0,5.0,23,130,4.541666666666667,3.4339872044851463
2024-11-01,2024-11,2024,11,30,30,False,False,Türkiye-Europe land route,0,0,0,0,3.3688721820587686,23,131,4.625,3.4011973816621555
2024-12-01,2024-12,2024,12,31,31,False,False,Türkiye-Europe land route,3,1,3,0,4.0,23,132,4.708333333333333,3.4339872044851463
2025-01-01,2025-01,2025,1,31,31,False,False,Türkiye-Europe land route,2,1,2,0,3.0,23,133,4.791666666666667,3.4339872044851463
2025-02-01,2025-02,2025,2,28,28,False,False,Türkiye-Europe land route,0,0,0,0,3.3688721820587686,23,134,4.875,3.332204510175204
2025-03-01,2025-03,2025,3,31,31,False,False,Türkiye-Europe land route,0,0,0,0,3.3688721820587686,23,135,4.958333333333333,3.4339872044851463
2025-04-01,2025-04,2025,4,30,30,False,False,Türkiye-Europe land route,0,0,0,0,3.3688721820587686,23,136,5.041666666666667,3.4011973816621555
2025-05-01,2025-05,2025,5,31,31,False,False,Türkiye-Europe land route,0,0,0,0,3.3688721820587686,23,137,5.125,3.4339872044851463
2025-06-01,2025-06,2025,6,30,30,False,False,Türkiye-Europe land route,0,0,0,0,3.3688721820587686,23,138,5.208333333333333,3.4011973816621555
2025-07-01,2025-07,2025,7,31,31,False,False,Türkiye-Europe land route,0,0,0,0,3.3688721820587686,23,139,5.291666666666667,3.4339872044851463
2025-08-01,2025-08,2025,8,31,31,False,False,Türkiye-Europe land route,0,0,0,0,3.3688721820587686,23,140,5.375,3.4339872044851463
2025-09-01,2025-09,2025,9,30,30,False,False,Türkiye-Europe land route,0,0,0,0,3.3688721820587686,23,141,5.458333333333333,3.4011973816621555
2025-10-01,2025-10,2025,10,31,31,False,False,Türkiye-Europe land route,0,0,0,0,3.3688721820587686,23,142,5.541666666666667,3.4339872044851463
2025-11-01,2025-11,2025,11,30,30,False,False,Türkiye-Europe land route,0,0,0,0,3.3688721820587686,23,143,5.625,3.4011973816621555
2025-12-01,2025-12,2025,12,31,31,False,False,Türkiye-Europe land route,0,0,0,0,3.3688721820587686,23,144,5.708333333333333,3.4339872044851463
2026-01-01,2026-01,2026,1,31,31,False,True,Türkiye-Europe land route,1,1,1,0,3.0,23,145,5.791666666666667,3.4339872044851463
2026-02-01,2026-02,2026,2,28,28,False,True,Türkiye-Europe land route,2,1,2,0,3.0,23,146,5.875,3.332204510175204
2026-03-01,2026-03,2026,3,31,31,False,True,Türkiye-Europe land route,0,0,0,0,3.3688721820587686,23,147,5.958333333333333,3.4339872044851463
2026-04-01,2026-04,2026,4,30,30,False,True,Türkiye-Europe land route,1,1,1,0,2.0,23,148,6.041666666666667,3.4011973816621555
2026-05-01,2026-05,2026,5,31,31,False,True,Türkiye-Europe land route,0,0,0,0,3.3688721820587686,23,149,6.125,3.4339872044851463
2026-06-01,2026-06,2026,6,16,30,True,True,Türkiye-Europe land route,0,0,0,0,3.3688721820587686,23,150,6.208333333333333,2.772588722239781
2014-01-01,2014-01,2014,1,31,31,False,False,US-Mexico border crossing,27,27,1,0,5.0,24,1,-6.208333333333333,3.4339872044851463
2014-02-01,2014-02,2014,2,28,28,False,False,US-Mexico border crossing,31,31,1,0,5.0,24,2,-6.125,3.332204510175204
2014-03-01,2014-03,2014,3,31,31,False,False,US-Mexico border crossing,25,25,1,0,4.84,24,3,-6.041666666666667,3.4339872044851463
2014-04-01,2014-04,2014,4,30,30,False,False,US-Mexico border crossing,32,32,1,0,5.0,24,4,-5.958333333333333,3.4011973816621555
2014-05-01,2014-05,2014,5,31,31,False,False,US-Mexico border crossing,32,32,1,0,5.0,24,5,-5.875,3.4339872044851463
2014-06-01,2014-06,2014,6,30,30,False,False,US-Mexico border crossing,52,52,1,0,5.0,24,6,-5.791666666666667,3.4011973816621555
2014-07-01,2014-07,2014,7,31,31,False,False,US-Mexico border crossing,42,42,1,0,5.0,24,7,-5.708333333333333,3.4339872044851463
2014-08-01,2014-08,2014,8,31,31,False,False,US-Mexico border crossing,39,39,1,0,5.0,24,8,-5.625,3.4339872044851463
2014-09-01,2014-09,2014,9,30,30,False,False,US-Mexico border crossing,33,33,1,0,4.878787878787879,24,9,-5.541666666666667,3.4011973816621555
2014-10-01,2014-10,2014,10,31,31,False,False,US-Mexico border crossing,27,27,1,0,5.0,24,10,-5.458333333333333,3.4339872044851463
2014-11-01,2014-11,2014,11,30,30,False,False,US-Mexico border crossing,21,21,1,0,5.0,24,11,-5.375,3.4011973816621555
2014-12-01,2014-12,2014,12,31,31,False,False,US-Mexico border crossing,24,24,1,0,5.0,24,12,-5.291666666666667,3.4339872044851463
2015-01-01,2015-01,2015,1,31,31,False,False,US-Mexico border crossing,34,34,1,0,5.0,24,13,-5.208333333333333,3.4339872044851463
2015-02-01,2015-02,2015,2,28,28,False,False,US-Mexico border crossing,22,22,1,0,5.0,24,14,-5.125,3.332204510175204
2015-03-01,2015-03,2015,3,31,31,False,False,US-Mexico border crossing,24,24,1,0,4.666666666666667,24,15,-5.041666666666667,3.4339872044851463
2015-04-01,2015-04,2015,4,30,30,False,False,US-Mexico border crossing,21,18,3,0,4.222222222222222,24,16,-4.958333333333333,3.4011973816621555
2015-05-01,2015-05,2015,5,31,31,False,False,US-Mexico border crossing,26,26,1,0,4.846153846153846,24,17,-4.875,3.4339872044851463
2015-06-01,2015-06,2015,6,30,30,False,False,US-Mexico border crossing,53,53,1,0,4.773584905660377,24,18,-4.791666666666667,3.4011973816621555
2015-07-01,2015-07,2015,7,31,31,False,False,US-Mexico border crossing,39,36,3,0,4.611111111111111,24,19,-4.708333333333333,3.4339872044851463
2015-08-01,2015-08,2015,8,31,31,False,False,US-Mexico border crossing,62,62,1,0,4.629032258064516,24,20,-4.625,3.4339872044851463
2015-09-01,2015-09,2015,9,30,30,False,False,US-Mexico border crossing,47,43,5,0,4.8604651162790695,24,21,-4.541666666666667,3.4011973816621555
2015-10-01,2015-10,2015,10,31,31,False,False,US-Mexico border crossing,32,32,1,0,4.375,24,22,-4.458333333333333,3.4339872044851463
2015-11-01,2015-11,2015,11,30,30,False,False,US-Mexico border crossing,34,33,2,0,4.151515151515151,24,23,-4.375,3.4011973816621555
2015-12-01,2015-12,2015,12,31,31,False,False,US-Mexico border crossing,26,26,1,0,4.6923076923076925,24,24,-4.291666666666667,3.4339872044851463
2016-01-01,2016-01,2016,1,31,31,False,False,US-Mexico border crossing,28,25,4,0,4.68,24,25,-4.208333333333333,3.4339872044851463
2016-02-01,2016-02,2016,2,29,29,False,False,US-Mexico border crossing,29,25,4,0,4.52,24,26,-4.125,3.367295829986474
2016-03-01,2016-03,2016,3,31,31,False,False,US-Mexico border crossing,34,33,2,0,4.333333333333333,24,27,-4.041666666666667,3.4339872044851463
2016-04-01,2016-04,2016,4,30,30,False,False,US-Mexico border crossing,35,35,1,0,4.085714285714285,24,28,-3.9583333333333335,3.4011973816621555
2016-05-01,2016-05,2016,5,31,31,False,False,US-Mexico border crossing,35,35,1,0,4.428571428571429,24,29,-3.875,3.4339872044851463
2016-06-01,2016-06,2016,6,30,30,False,False,US-Mexico border crossing,56,56,1,0,4.571428571428571,24,30,-3.7916666666666665,3.4011973816621555
2016-07-01,2016-07,2016,7,31,31,False,False,US-Mexico border crossing,74,73,2,0,4.301369863013699,24,31,-3.7083333333333335,3.4339872044851463
2016-08-01,2016-08,2016,8,31,31,False,False,US-Mexico border crossing,77,72,6,0,4.375,24,32,-3.625,3.4339872044851463
2016-09-01,2016-09,2016,9,30,30,False,False,US-Mexico border crossing,58,58,1,0,4.413793103448276,24,33,-3.5416666666666665,3.4011973816621555
2016-10-01,2016-10,2016,10,31,31,False,False,US-Mexico border crossing,50,45,6,0,4.355555555555555,24,34,-3.4583333333333335,3.4339872044851463
2016-11-01,2016-11,2016,11,30,30,False,False,US-Mexico border crossing,30,30,1,0,4.6,24,35,-3.375,3.4011973816621555
2016-12-01,2016-12,2016,12,31,31,False,False,US-Mexico border crossing,37,37,1,0,4.891891891891892,24,36,-3.2916666666666665,3.4339872044851463
2017-01-01,2017-01,2017,1,31,31,False,False,US-Mexico border crossing,58,58,1,0,4.310344827586207,24,37,-3.2083333333333335,3.4339872044851463
2017-02-01,2017-02,2017,2,28,28,False,False,US-Mexico border crossing,45,45,1,0,4.355555555555555,24,38,-3.125,3.332204510175204
2017-03-01,2017-03,2017,3,31,31,False,False,US-Mexico border crossing,22,20,2,0,4.4,24,39,-3.0416666666666665,3.4339872044851463
2017-04-01,2017-04,2017,4,30,30,False,False,US-Mexico border crossing,26,26,1,0,4.269230769230769,24,40,-2.9583333333333335,3.4011973816621555
2017-05-01,2017-05,2017,5,31,31,False,False,US-Mexico border crossing,50,50,1,0,4.34,24,41,-2.875,3.4339872044851463
2017-06-01,2017-06,2017,6,30,30,False,False,US-Mexico border crossing,59,58,2,0,4.689655172413793,24,42,-2.7916666666666665,3.4011973816621555
2017-07-01,2017-07,2017,7,31,31,False,False,US-Mexico border crossing,41,41,1,0,4.365853658536586,24,43,-2.7083333333333335,3.4339872044851463
2017-08-01,2017-08,2017,8,31,31,False,False,US-Mexico border crossing,57,53,3,0,4.509433962264151,24,44,-2.625,3.4339872044851463
2017-09-01,2017-09,2017,9,30,30,False,False,US-Mexico border crossing,42,41,2,0,4.7073170731707314,24,45,-2.5416666666666665,3.4011973816621555
2017-10-01,2017-10,2017,10,31,31,False,False,US-Mexico border crossing,15,15,1,0,3.3333333333333335,24,46,-2.4583333333333335,3.4339872044851463
2017-11-01,2017-11,2017,11,30,30,False,False,US-Mexico border crossing,26,22,5,0,4.181818181818182,24,47,-2.375,3.4011973816621555
2017-12-01,2017-12,2017,12,31,31,False,False,US-Mexico border crossing,17,16,2,0,4.375,24,48,-2.2916666666666665,3.4339872044851463
2018-01-01,2018-01,2018,1,31,31,False,False,US-Mexico border crossing,22,22,1,0,3.6363636363636362,24,49,-2.2083333333333335,3.4339872044851463
2018-02-01,2018-02,2018,2,28,28,False,False,US-Mexico border crossing,32,28,3,0,3.892857142857143,24,50,-2.125,3.332204510175204
2018-03-01,2018-03,2018,3,31,31,False,False,US-Mexico border crossing,28,28,1,0,4.178571428571429,24,51,-2.0416666666666665,3.4339872044851463
2018-04-01,2018-04,2018,4,30,30,False,False,US-Mexico border crossing,23,22,2,0,4.318181818181818,24,52,-1.9583333333333333,3.4011973816621555
2018-05-01,2018-05,2018,5,31,31,False,False,US-Mexico border crossing,34,33,2,0,4.0606060606060606,24,53,-1.875,3.4339872044851463
2018-06-01,2018-06,2018,6,30,30,False,False,US-Mexico border crossing,64,60,5,0,4.4,24,54,-1.7916666666666667,3.4011973816621555
2018-07-01,2018-07,2018,7,31,31,False,False,US-Mexico border crossing,39,39,1,0,4.153846153846154,24,55,-1.7083333333333333,3.4339872044851463
2018-08-01,2018-08,2018,8,31,31,False,False,US-Mexico border crossing,43,41,2,0,4.024390243902439,24,56,-1.625,3.4339872044851463
2018-09-01,2018-09,2018,9,30,30,False,False,US-Mexico border crossing,35,32,4,0,4.375,24,57,-1.5416666666666667,3.4011973816621555
2018-10-01,2018-10,2018,10,31,31,False,False,US-Mexico border crossing,26,26,1,0,3.6153846153846154,24,58,-1.4583333333333333,3.4339872044851463
2018-11-01,2018-11,2018,11,30,30,False,False,US-Mexico border crossing,29,26,3,0,3.230769230769231,24,59,-1.375,3.4011973816621555
2018-12-01,2018-12,2018,12,31,31,False,False,US-Mexico border crossing,31,30,2,0,4.2,24,60,-1.2916666666666667,3.4339872044851463
2019-01-01,2019-01,2019,1,31,31,False,False,US-Mexico border crossing,35,31,3,0,4.161290322580645,24,61,-1.2083333333333333,3.4339872044851463
2019-02-01,2019-02,2019,2,28,28,False,False,US-Mexico border crossing,25,25,1,0,4.24,24,62,-1.125,3.332204510175204
2019-03-01,2019-03,2019,3,31,31,False,False,US-Mexico border crossing,13,12,2,0,4.833333333333333,24,63,-1.0416666666666667,3.4339872044851463
2019-04-01,2019-04,2019,4,30,30,False,False,US-Mexico border crossing,52,37,13,0,3.945945945945946,24,64,-0.9583333333333334,3.4011973816621555
2019-05-01,2019-05,2019,5,31,31,False,False,US-Mexico border crossing,37,32,4,0,3.9375,24,65,-0.875,3.4339872044851463
2019-06-01,2019-06,2019,6,30,30,False,False,US-Mexico border crossing,65,51,6,0,4.137254901960785,24,66,-0.7916666666666666,3.4011973816621555
2019-07-01,2019-07,2019,7,31,31,False,False,US-Mexico border crossing,61,59,2,0,3.6271186440677967,24,67,-0.7083333333333334,3.4339872044851463
2019-08-01,2019-08,2019,8,31,31,False,False,US-Mexico border crossing,49,45,3,0,3.7111111111111112,24,68,-0.625,3.4339872044851463
2019-09-01,2019-09,2019,9,30,30,False,False,US-Mexico border crossing,41,38,2,0,3.4210526315789473,24,69,-0.5416666666666666,3.4011973816621555
2019-10-01,2019-10,2019,10,31,31,False,False,US-Mexico border crossing,28,27,2,0,3.888888888888889,24,70,-0.4583333333333333,3.4339872044851463
2019-11-01,2019-11,2019,11,30,30,False,False,US-Mexico border crossing,16,16,1,0,3.625,24,71,-0.375,3.4011973816621555
2019-12-01,2019-12,2019,12,31,31,False,False,US-Mexico border crossing,28,18,10,0,4.777777777777778,24,72,-0.2916666666666667,3.4339872044851463
2020-01-01,2020-01,2020,1,31,31,False,False,US-Mexico border crossing,37,37,1,0,4.351351351351352,24,73,-0.20833333333333334,3.4339872044851463
2020-02-01,2020-02,2020,2,29,29,False,False,US-Mexico border crossing,42,37,3,0,4.513513513513513,24,74,-0.125,3.367295829986474
2020-03-01,2020-03,2020,3,31,31,False,False,US-Mexico border crossing,44,36,5,0,3.611111111111111,24,75,-0.041666666666666664,3.4339872044851463
2020-04-01,2020-04,2020,4,30,30,False,False,US-Mexico border crossing,25,25,1,0,3.96,24,76,0.041666666666666664,3.4011973816621555
2020-05-01,2020-05,2020,5,31,31,False,False,US-Mexico border crossing,24,24,1,0,4.5,24,77,0.125,3.4339872044851463
2020-06-01,2020-06,2020,6,30,30,False,False,US-Mexico border crossing,45,42,3,0,4.380952380952381,24,78,0.20833333333333334,3.4011973816621555
2020-07-01,2020-07,2020,7,31,31,False,False,US-Mexico border crossing,61,58,2,0,4.310344827586207,24,79,0.2916666666666667,3.4339872044851463
2020-08-01,2020-08,2020,8,31,31,False,False,US-Mexico border crossing,57,54,2,0,4.37037037037037,24,80,0.375,3.4339872044851463
2020-09-01,2020-09,2020,9,30,30,False,False,US-Mexico border crossing,64,63,2,0,3.984126984126984,24,81,0.4583333333333333,3.4011973816621555
2020-10-01,2020-10,2020,10,31,31,False,False,US-Mexico border crossing,43,43,1,0,4.441860465116279,24,82,0.5416666666666666,3.4339872044851463
2020-11-01,2020-11,2020,11,30,30,False,False,US-Mexico border crossing,28,28,1,0,4.285714285714286,24,83,0.625,3.4011973816621555
2020-12-01,2020-12,2020,12,31,31,False,False,US-Mexico border crossing,29,27,2,0,4.62962962962963,24,84,0.7083333333333334,3.4339872044851463
2021-01-01,2021-01,2021,1,31,31,False,False,US-Mexico border crossing,41,40,2,0,4.55,24,85,0.7916666666666666,3.4339872044851463
2021-02-01,2021-02,2021,2,28,28,False,False,US-Mexico border crossing,37,32,4,0,4.1875,24,86,0.875,3.332204510175204
2021-03-01,2021-03,2021,3,31,31,False,False,US-Mexico border crossing,50,42,8,0,4.428571428571429,24,87,0.9583333333333334,3.4339872044851463
2021-04-01,2021-04,2021,4,30,30,False,False,US-Mexico border crossing,58,58,1,0,3.8620689655172415,24,88,1.0416666666666667,3.4011973816621555
2021-05-01,2021-05,2021,5,31,31,False,False,US-Mexico border crossing,43,40,4,0,4.6,24,89,1.125,3.4339872044851463
2021-06-01,2021-06,2021,6,30,30,False,False,US-Mexico border crossing,92,90,2,0,4.333333333333333,24,90,1.2083333333333333,3.4011973816621555
2021-07-01,2021-07,2021,7,31,31,False,False,US-Mexico border crossing,60,58,2,0,3.896551724137931,24,91,1.2916666666666667,3.4339872044851463
2021-08-01,2021-08,2021,8,31,31,False,False,US-Mexico border crossing,66,61,3,0,4.229508196721311,24,92,1.375,3.4339872044851463
2021-09-01,2021-09,2021,9,30,30,False,False,US-Mexico border crossing,68,65,3,0,4.2,24,93,1.4583333333333333,3.4011973816621555
2021-10-01,2021-10,2021,10,31,31,False,False,US-Mexico border crossing,32,29,4,0,4.103448275862069,24,94,1.5416666666666667,3.4339872044851463
2021-11-01,2021-11,2021,11,30,30,False,False,US-Mexico border crossing,42,42,1,0,4.095238095238095,24,95,1.625,3.4011973816621555
2021-12-01,2021-12,2021,12,31,31,False,False,US-Mexico border crossing,22,22,1,0,4.090909090909091,24,96,1.7083333333333333,3.4339872044851463
2022-01-01,2022-01,2022,1,31,31,False,False,US-Mexico border crossing,31,31,1,0,4.548387096774194,24,97,1.7916666666666667,3.4339872044851463
2022-02-01,2022-02,2022,2,28,28,False,False,US-Mexico border crossing,31,30,2,0,4.0,24,98,1.875,3.332204510175204
2022-03-01,2022-03,2022,3,31,31,False,False,US-Mexico border crossing,50,49,2,0,4.1020408163265305,24,99,1.9583333333333333,3.4339872044851463
2022-04-01,2022-04,2022,4,30,30,False,False,US-Mexico border crossing,56,47,6,0,3.4680851063829787,24,100,2.0416666666666665,3.4011973816621555
2022-05-01,2022-05,2022,5,31,31,False,False,US-Mexico border crossing,69,59,5,0,3.5762711864406778,24,101,2.125,3.4339872044851463
2022-06-01,2022-06,2022,6,30,30,False,False,US-Mexico border crossing,92,86,3,0,4.372093023255814,24,102,2.2083333333333335,3.4011973816621555
2022-07-01,2022-07,2022,7,31,31,False,False,US-Mexico border crossing,84,82,2,0,4.170731707317073,24,103,2.2916666666666665,3.4339872044851463
2022-08-01,2022-08,2022,8,31,31,False,False,US-Mexico border crossing,70,66,3,0,3.4696969696969697,24,104,2.375,3.4339872044851463
2022-09-01,2022-09,2022,9,30,30,False,False,US-Mexico border crossing,56,52,2,0,3.9615384615384617,24,105,2.4583333333333335,3.4011973816621555
2022-10-01,2022-10,2022,10,31,31,False,False,US-Mexico border crossing,41,38,3,0,3.789473684210526,24,106,2.5416666666666665,3.4339872044851463
2022-11-01,2022-11,2022,11,30,30,False,False,US-Mexico border crossing,47,39,5,0,3.6666666666666665,24,107,2.625,3.4011973816621555
2022-12-01,2022-12,2022,12,31,31,False,False,US-Mexico border crossing,23,19,3,0,3.5789473684210527,24,108,2.7083333333333335,3.4339872044851463
2023-01-01,2023-01,2023,1,31,31,False,False,US-Mexico border crossing,26,25,2,0,3.8,24,109,2.7916666666666665,3.4339872044851463
2023-02-01,2023-02,2023,2,28,28,False,False,US-Mexico border crossing,40,36,2,0,4.5,24,110,2.875,3.332204510175204
2023-03-01,2023-03,2023,3,31,31,False,False,US-Mexico border crossing,41,33,8,0,4.181818181818182,24,111,2.9583333333333335,3.4339872044851463
2023-04-01,2023-04,2023,4,30,30,False,False,US-Mexico border crossing,43,40,3,0,3.975,24,112,3.0416666666666665,3.4011973816621555
2023-05-01,2023-05,2023,5,31,31,False,False,US-Mexico border crossing,62,54,8,0,4.055555555555555,24,113,3.125,3.4339872044851463
2023-06-01,2023-06,2023,6,30,30,False,False,US-Mexico border crossing,57,57,1,0,4.614035087719298,24,114,3.2083333333333335,3.4011973816621555
2023-07-01,2023-07,2023,7,31,31,False,False,US-Mexico border crossing,107,105,2,0,4.504761904761905,24,115,3.2916666666666665,3.4339872044851463
2023-08-01,2023-08,2023,8,31,31,False,False,US-Mexico border crossing,101,82,11,0,4.2926829268292686,24,116,3.375,3.4339872044851463
2023-09-01,2023-09,2023,9,30,30,False,False,US-Mexico border crossing,58,57,2,0,4.157894736842105,24,117,3.4583333333333335,3.4011973816621555
2023-10-01,2023-10,2023,10,31,31,False,False,US-Mexico border crossing,45,42,2,0,3.5714285714285716,24,118,3.5416666666666665,3.4339872044851463
2023-11-01,2023-11,2023,11,30,30,False,False,US-Mexico border crossing,61,51,4,0,4.137254901960785,24,119,3.625,3.4011973816621555
2023-12-01,2023-12,2023,12,31,31,False,False,US-Mexico border crossing,20,19,2,0,4.0,24,120,3.7083333333333335,3.4339872044851463
2024-01-01,2024-01,2024,1,31,31,False,False,US-Mexico border crossing,33,29,3,0,4.241379310344827,24,121,3.7916666666666665,3.4339872044851463
2024-02-01,2024-02,2024,2,29,29,False,False,US-Mexico border crossing,86,76,5,0,4.105263157894737,24,122,3.875,3.367295829986474
2024-03-01,2024-03,2024,3,31,31,False,False,US-Mexico border crossing,30,28,3,0,3.857142857142857,24,123,3.9583333333333335,3.4339872044851463
2024-04-01,2024-04,2024,4,30,30,False,False,US-Mexico border crossing,22,22,1,0,4.636363636363637,24,124,4.041666666666667,3.4011973816621555
2024-05-01,2024-05,2024,5,31,31,False,False,US-Mexico border crossing,40,33,4,0,3.909090909090909,24,125,4.125,3.4339872044851463
2024-06-01,2024-06,2024,6,30,30,False,False,US-Mexico border crossing,90,85,4,0,4.5058823529411764,24,126,4.208333333333333,3.4011973816621555
2024-07-01,2024-07,2024,7,31,31,False,False,US-Mexico border crossing,86,85,2,0,4.7176470588235295,24,127,4.291666666666667,3.4339872044851463
2024-08-01,2024-08,2024,8,31,31,False,False,US-Mexico border crossing,49,49,1,0,4.510204081632653,24,128,4.375,3.4339872044851463
2024-09-01,2024-09,2024,9,30,30,False,False,US-Mexico border crossing,44,43,2,0,4.534883720930233,24,129,4.458333333333333,3.4011973816621555
2024-10-01,2024-10,2024,10,31,31,False,False,US-Mexico border crossing,39,36,2,0,4.333333333333333,24,130,4.541666666666667,3.4339872044851463
2024-11-01,2024-11,2024,11,30,30,False,False,US-Mexico border crossing,20,19,2,0,4.578947368421052,24,131,4.625,3.4011973816621555
2024-12-01,2024-12,2024,12,31,31,False,False,US-Mexico border crossing,20,20,1,0,4.8,24,132,4.708333333333333,3.4339872044851463
2025-01-01,2025-01,2025,1,31,31,False,False,US-Mexico border crossing,16,16,1,0,4.25,24,133,4.791666666666667,3.4339872044851463
2025-02-01,2025-02,2025,2,28,28,False,False,US-Mexico border crossing,12,12,1,0,4.666666666666667,24,134,4.875,3.332204510175204
2025-03-01,2025-03,2025,3,31,31,False,False,US-Mexico border crossing,14,13,2,0,4.6923076923076925,24,135,4.958333333333333,3.4339872044851463
2025-04-01,2025-04,2025,4,30,30,False,False,US-Mexico border crossing,12,12,1,0,4.333333333333333,24,136,5.041666666666667,3.4011973816621555
2025-05-01,2025-05,2025,5,31,31,False,False,US-Mexico border crossing,10,10,1,0,4.0,24,137,5.125,3.4339872044851463
2025-06-01,2025-06,2025,6,30,30,False,False,US-Mexico border crossing,19,19,1,0,3.8421052631578947,24,138,5.208333333333333,3.4011973816621555
2025-07-01,2025-07,2025,7,31,31,False,False,US-Mexico border crossing,13,13,1,0,4.6923076923076925,24,139,5.291666666666667,3.4339872044851463
2025-08-01,2025-08,2025,8,31,31,False,False,US-Mexico border crossing,23,23,1,0,3.869565217391304,24,140,5.375,3.4339872044851463
2025-09-01,2025-09,2025,9,30,30,False,False,US-Mexico border crossing,15,15,1,0,2.8666666666666667,24,141,5.458333333333333,3.4011973816621555
2025-10-01,2025-10,2025,10,31,31,False,False,US-Mexico border crossing,6,6,1,0,2.3333333333333335,24,142,5.541666666666667,3.4339872044851463
2025-11-01,2025-11,2025,11,30,30,False,False,US-Mexico border crossing,5,2,4,0,5.0,24,143,5.625,3.4011973816621555
2025-12-01,2025-12,2025,12,31,31,False,False,US-Mexico border crossing,3,3,1,0,4.333333333333333,24,144,5.708333333333333,3.4339872044851463
2026-01-01,2026-01,2026,1,31,31,False,True,US-Mexico border crossing,3,3,1,0,3.0,24,145,5.791666666666667,3.4339872044851463
2026-02-01,2026-02,2026,2,28,28,False,True,US-Mexico border crossing,2,2,1,0,2.0,24,146,5.875,3.332204510175204
2026-03-01,2026-03,2026,3,31,31,False,True,US-Mexico border crossing,3,2,2,0,2.0,24,147,5.958333333333333,3.4339872044851463
2026-04-01,2026-04,2026,4,30,30,False,True,US-Mexico border crossing,7,7,1,0,2.142857142857143,24,148,6.041666666666667,3.4011973816621555
2026-05-01,2026-05,2026,5,31,31,False,True,US-Mexico border crossing,4,4,1,0,2.5,24,149,6.125,3.4339872044851463
2026-06-01,2026-06,2026,6,16,30,True,True,US-Mexico border crossing,2,2,1,0,1.0,24,150,6.208333333333333,2.772588722239781
2014-01-01,2014-01,2014,1,31,31,False,False,Ukraine to Europe,0,0,0,0,3.3688721820587686,25,1,-6.208333333333333,3.4339872044851463
2014-02-01,2014-02,2014,2,28,28,False,False,Ukraine to Europe,0,0,0,0,3.3688721820587686,25,2,-6.125,3.332204510175204
2014-03-01,2014-03,2014,3,31,31,False,False,Ukraine to Europe,0,0,0,0,3.3688721820587686,25,3,-6.041666666666667,3.4339872044851463
2014-04-01,2014-04,2014,4,30,30,False,False,Ukraine to Europe,0,0,0,0,3.3688721820587686,25,4,-5.958333333333333,3.4011973816621555
2014-05-01,2014-05,2014,5,31,31,False,False,Ukraine to Europe,0,0,0,0,3.3688721820587686,25,5,-5.875,3.4339872044851463
2014-06-01,2014-06,2014,6,30,30,False,False,Ukraine to Europe,0,0,0,0,3.3688721820587686,25,6,-5.791666666666667,3.4011973816621555
2014-07-01,2014-07,2014,7,31,31,False,False,Ukraine to Europe,0,0,0,0,3.3688721820587686,25,7,-5.708333333333333,3.4339872044851463
2014-08-01,2014-08,2014,8,31,31,False,False,Ukraine to Europe,0,0,0,0,3.3688721820587686,25,8,-5.625,3.4339872044851463
2014-09-01,2014-09,2014,9,30,30,False,False,Ukraine to Europe,0,0,0,0,3.3688721820587686,25,9,-5.541666666666667,3.4011973816621555
2014-10-01,2014-10,2014,10,31,31,False,False,Ukraine to Europe,0,0,0,0,3.3688721820587686,25,10,-5.458333333333333,3.4339872044851463
2014-11-01,2014-11,2014,11,30,30,False,False,Ukraine to Europe,0,0,0,0,3.3688721820587686,25,11,-5.375,3.4011973816621555
2014-12-01,2014-12,2014,12,31,31,False,False,Ukraine to Europe,0,0,0,0,3.3688721820587686,25,12,-5.291666666666667,3.4339872044851463
2015-01-01,2015-01,2015,1,31,31,False,False,Ukraine to Europe,0,0,0,0,3.3688721820587686,25,13,-5.208333333333333,3.4339872044851463
2015-02-01,2015-02,2015,2,28,28,False,False,Ukraine to Europe,0,0,0,0,3.3688721820587686,25,14,-5.125,3.332204510175204
2015-03-01,2015-03,2015,3,31,31,False,False,Ukraine to Europe,0,0,0,0,3.3688721820587686,25,15,-5.041666666666667,3.4339872044851463
2015-04-01,2015-04,2015,4,30,30,False,False,Ukraine to Europe,0,0,0,0,3.3688721820587686,25,16,-4.958333333333333,3.4011973816621555
2015-05-01,2015-05,2015,5,31,31,False,False,Ukraine to Europe,0,0,0,0,3.3688721820587686,25,17,-4.875,3.4339872044851463
2015-06-01,2015-06,2015,6,30,30,False,False,Ukraine to Europe,0,0,0,0,3.3688721820587686,25,18,-4.791666666666667,3.4011973816621555
2015-07-01,2015-07,2015,7,31,31,False,False,Ukraine to Europe,0,0,0,0,3.3688721820587686,25,19,-4.708333333333333,3.4339872044851463
2015-08-01,2015-08,2015,8,31,31,False,False,Ukraine to Europe,0,0,0,0,3.3688721820587686,25,20,-4.625,3.4339872044851463
2015-09-01,2015-09,2015,9,30,30,False,False,Ukraine to Europe,0,0,0,0,3.3688721820587686,25,21,-4.541666666666667,3.4011973816621555
2015-10-01,2015-10,2015,10,31,31,False,False,Ukraine to Europe,0,0,0,0,3.3688721820587686,25,22,-4.458333333333333,3.4339872044851463
2015-11-01,2015-11,2015,11,30,30,False,False,Ukraine to Europe,0,0,0,0,3.3688721820587686,25,23,-4.375,3.4011973816621555
2015-12-01,2015-12,2015,12,31,31,False,False,Ukraine to Europe,0,0,0,0,3.3688721820587686,25,24,-4.291666666666667,3.4339872044851463
2016-01-01,2016-01,2016,1,31,31,False,False,Ukraine to Europe,0,0,0,0,3.3688721820587686,25,25,-4.208333333333333,3.4339872044851463
2016-02-01,2016-02,2016,2,29,29,False,False,Ukraine to Europe,0,0,0,0,3.3688721820587686,25,26,-4.125,3.367295829986474
2016-03-01,2016-03,2016,3,31,31,False,False,Ukraine to Europe,0,0,0,0,3.3688721820587686,25,27,-4.041666666666667,3.4339872044851463
2016-04-01,2016-04,2016,4,30,30,False,False,Ukraine to Europe,0,0,0,0,3.3688721820587686,25,28,-3.9583333333333335,3.4011973816621555
2016-05-01,2016-05,2016,5,31,31,False,False,Ukraine to Europe,0,0,0,0,3.3688721820587686,25,29,-3.875,3.4339872044851463
2016-06-01,2016-06,2016,6,30,30,False,False,Ukraine to Europe,0,0,0,0,3.3688721820587686,25,30,-3.7916666666666665,3.4011973816621555
2016-07-01,2016-07,2016,7,31,31,False,False,Ukraine to Europe,0,0,0,0,3.3688721820587686,25,31,-3.7083333333333335,3.4339872044851463
2016-08-01,2016-08,2016,8,31,31,False,False,Ukraine to Europe,0,0,0,0,3.3688721820587686,25,32,-3.625,3.4339872044851463
2016-09-01,2016-09,2016,9,30,30,False,False,Ukraine to Europe,0,0,0,0,3.3688721820587686,25,33,-3.5416666666666665,3.4011973816621555
2016-10-01,2016-10,2016,10,31,31,False,False,Ukraine to Europe,0,0,0,0,3.3688721820587686,25,34,-3.4583333333333335,3.4339872044851463
2016-11-01,2016-11,2016,11,30,30,False,False,Ukraine to Europe,0,0,0,0,3.3688721820587686,25,35,-3.375,3.4011973816621555
2016-12-01,2016-12,2016,12,31,31,False,False,Ukraine to Europe,0,0,0,0,3.3688721820587686,25,36,-3.2916666666666665,3.4339872044851463
2017-01-01,2017-01,2017,1,31,31,False,False,Ukraine to Europe,0,0,0,0,3.3688721820587686,25,37,-3.2083333333333335,3.4339872044851463
2017-02-01,2017-02,2017,2,28,28,False,False,Ukraine to Europe,0,0,0,0,3.3688721820587686,25,38,-3.125,3.332204510175204
2017-03-01,2017-03,2017,3,31,31,False,False,Ukraine to Europe,0,0,0,0,3.3688721820587686,25,39,-3.0416666666666665,3.4339872044851463
2017-04-01,2017-04,2017,4,30,30,False,False,Ukraine to Europe,0,0,0,0,3.3688721820587686,25,40,-2.9583333333333335,3.4011973816621555
2017-05-01,2017-05,2017,5,31,31,False,False,Ukraine to Europe,0,0,0,0,3.3688721820587686,25,41,-2.875,3.4339872044851463
2017-06-01,2017-06,2017,6,30,30,False,False,Ukraine to Europe,0,0,0,0,3.3688721820587686,25,42,-2.7916666666666665,3.4011973816621555
2017-07-01,2017-07,2017,7,31,31,False,False,Ukraine to Europe,0,0,0,0,3.3688721820587686,25,43,-2.7083333333333335,3.4339872044851463
2017-08-01,2017-08,2017,8,31,31,False,False,Ukraine to Europe,0,0,0,0,3.3688721820587686,25,44,-2.625,3.4339872044851463
2017-09-01,2017-09,2017,9,30,30,False,False,Ukraine to Europe,0,0,0,0,3.3688721820587686,25,45,-2.5416666666666665,3.4011973816621555
2017-10-01,2017-10,2017,10,31,31,False,False,Ukraine to Europe,0,0,0,0,3.3688721820587686,25,46,-2.4583333333333335,3.4339872044851463
2017-11-01,2017-11,2017,11,30,30,False,False,Ukraine to Europe,0,0,0,0,3.3688721820587686,25,47,-2.375,3.4011973816621555
2017-12-01,2017-12,2017,12,31,31,False,False,Ukraine to Europe,0,0,0,0,3.3688721820587686,25,48,-2.2916666666666665,3.4339872044851463
2018-01-01,2018-01,2018,1,31,31,False,False,Ukraine to Europe,0,0,0,0,3.3688721820587686,25,49,-2.2083333333333335,3.4339872044851463
2018-02-01,2018-02,2018,2,28,28,False,False,Ukraine to Europe,0,0,0,0,3.3688721820587686,25,50,-2.125,3.332204510175204
2018-03-01,2018-03,2018,3,31,31,False,False,Ukraine to Europe,0,0,0,0,3.3688721820587686,25,51,-2.0416666666666665,3.4339872044851463
2018-04-01,2018-04,2018,4,30,30,False,False,Ukraine to Europe,0,0,0,0,3.3688721820587686,25,52,-1.9583333333333333,3.4011973816621555
2018-05-01,2018-05,2018,5,31,31,False,False,Ukraine to Europe,0,0,0,0,3.3688721820587686,25,53,-1.875,3.4339872044851463
2018-06-01,2018-06,2018,6,30,30,False,False,Ukraine to Europe,0,0,0,0,3.3688721820587686,25,54,-1.7916666666666667,3.4011973816621555
2018-07-01,2018-07,2018,7,31,31,False,False,Ukraine to Europe,0,0,0,0,3.3688721820587686,25,55,-1.7083333333333333,3.4339872044851463
2018-08-01,2018-08,2018,8,31,31,False,False,Ukraine to Europe,0,0,0,0,3.3688721820587686,25,56,-1.625,3.4339872044851463
2018-09-01,2018-09,2018,9,30,30,False,False,Ukraine to Europe,0,0,0,0,3.3688721820587686,25,57,-1.5416666666666667,3.4011973816621555
2018-10-01,2018-10,2018,10,31,31,False,False,Ukraine to Europe,0,0,0,0,3.3688721820587686,25,58,-1.4583333333333333,3.4339872044851463
2018-11-01,2018-11,2018,11,30,30,False,False,Ukraine to Europe,0,0,0,0,3.3688721820587686,25,59,-1.375,3.4011973816621555
2018-12-01,2018-12,2018,12,31,31,False,False,Ukraine to Europe,0,0,0,0,3.3688721820587686,25,60,-1.2916666666666667,3.4339872044851463
2019-01-01,2019-01,2019,1,31,31,False,False,Ukraine to Europe,0,0,0,0,3.3688721820587686,25,61,-1.2083333333333333,3.4339872044851463
2019-02-01,2019-02,2019,2,28,28,False,False,Ukraine to Europe,0,0,0,0,3.3688721820587686,25,62,-1.125,3.332204510175204
2019-03-01,2019-03,2019,3,31,31,False,False,Ukraine to Europe,0,0,0,0,3.3688721820587686,25,63,-1.0416666666666667,3.4339872044851463
2019-04-01,2019-04,2019,4,30,30,False,False,Ukraine to Europe,0,0,0,0,3.3688721820587686,25,64,-0.9583333333333334,3.4011973816621555
2019-05-01,2019-05,2019,5,31,31,False,False,Ukraine to Europe,0,0,0,0,3.3688721820587686,25,65,-0.875,3.4339872044851463
2019-06-01,2019-06,2019,6,30,30,False,False,Ukraine to Europe,0,0,0,0,3.3688721820587686,25,66,-0.7916666666666666,3.4011973816621555
2019-07-01,2019-07,2019,7,31,31,False,False,Ukraine to Europe,0,0,0,0,3.3688721820587686,25,67,-0.7083333333333334,3.4339872044851463
2019-08-01,2019-08,2019,8,31,31,False,False,Ukraine to Europe,0,0,0,0,3.3688721820587686,25,68,-0.625,3.4339872044851463
2019-09-01,2019-09,2019,9,30,30,False,False,Ukraine to Europe,0,0,0,0,3.3688721820587686,25,69,-0.5416666666666666,3.4011973816621555
2019-10-01,2019-10,2019,10,31,31,False,False,Ukraine to Europe,0,0,0,0,3.3688721820587686,25,70,-0.4583333333333333,3.4339872044851463
2019-11-01,2019-11,2019,11,30,30,False,False,Ukraine to Europe,0,0,0,0,3.3688721820587686,25,71,-0.375,3.4011973816621555
2019-12-01,2019-12,2019,12,31,31,False,False,Ukraine to Europe,0,0,0,0,3.3688721820587686,25,72,-0.2916666666666667,3.4339872044851463
2020-01-01,2020-01,2020,1,31,31,False,False,Ukraine to Europe,0,0,0,0,3.3688721820587686,25,73,-0.20833333333333334,3.4339872044851463
2020-02-01,2020-02,2020,2,29,29,False,False,Ukraine to Europe,0,0,0,0,3.3688721820587686,25,74,-0.125,3.367295829986474
2020-03-01,2020-03,2020,3,31,31,False,False,Ukraine to Europe,0,0,0,0,3.3688721820587686,25,75,-0.041666666666666664,3.4339872044851463
2020-04-01,2020-04,2020,4,30,30,False,False,Ukraine to Europe,0,0,0,0,3.3688721820587686,25,76,0.041666666666666664,3.4011973816621555
2020-05-01,2020-05,2020,5,31,31,False,False,Ukraine to Europe,0,0,0,0,3.3688721820587686,25,77,0.125,3.4339872044851463
2020-06-01,2020-06,2020,6,30,30,False,False,Ukraine to Europe,0,0,0,0,3.3688721820587686,25,78,0.20833333333333334,3.4011973816621555
2020-07-01,2020-07,2020,7,31,31,False,False,Ukraine to Europe,0,0,0,0,3.3688721820587686,25,79,0.2916666666666667,3.4339872044851463
2020-08-01,2020-08,2020,8,31,31,False,False,Ukraine to Europe,0,0,0,0,3.3688721820587686,25,80,0.375,3.4339872044851463
2020-09-01,2020-09,2020,9,30,30,False,False,Ukraine to Europe,0,0,0,0,3.3688721820587686,25,81,0.4583333333333333,3.4011973816621555
2020-10-01,2020-10,2020,10,31,31,False,False,Ukraine to Europe,0,0,0,0,3.3688721820587686,25,82,0.5416666666666666,3.4339872044851463
2020-11-01,2020-11,2020,11,30,30,False,False,Ukraine to Europe,0,0,0,0,3.3688721820587686,25,83,0.625,3.4011973816621555
2020-12-01,2020-12,2020,12,31,31,False,False,Ukraine to Europe,0,0,0,0,3.3688721820587686,25,84,0.7083333333333334,3.4339872044851463
2021-01-01,2021-01,2021,1,31,31,False,False,Ukraine to Europe,0,0,0,0,3.3688721820587686,25,85,0.7916666666666666,3.4339872044851463
2021-02-01,2021-02,2021,2,28,28,False,False,Ukraine to Europe,0,0,0,0,3.3688721820587686,25,86,0.875,3.332204510175204
2021-03-01,2021-03,2021,3,31,31,False,False,Ukraine to Europe,0,0,0,0,3.3688721820587686,25,87,0.9583333333333334,3.4339872044851463
2021-04-01,2021-04,2021,4,30,30,False,False,Ukraine to Europe,0,0,0,0,3.3688721820587686,25,88,1.0416666666666667,3.4011973816621555
2021-05-01,2021-05,2021,5,31,31,False,False,Ukraine to Europe,0,0,0,0,3.3688721820587686,25,89,1.125,3.4339872044851463
2021-06-01,2021-06,2021,6,30,30,False,False,Ukraine to Europe,0,0,0,0,3.3688721820587686,25,90,1.2083333333333333,3.4011973816621555
2021-07-01,2021-07,2021,7,31,31,False,False,Ukraine to Europe,0,0,0,0,3.3688721820587686,25,91,1.2916666666666667,3.4339872044851463
2021-08-01,2021-08,2021,8,31,31,False,False,Ukraine to Europe,0,0,0,0,3.3688721820587686,25,92,1.375,3.4339872044851463
2021-09-01,2021-09,2021,9,30,30,False,False,Ukraine to Europe,0,0,0,0,3.3688721820587686,25,93,1.4583333333333333,3.4011973816621555
2021-10-01,2021-10,2021,10,31,31,False,False,Ukraine to Europe,0,0,0,0,3.3688721820587686,25,94,1.5416666666666667,3.4339872044851463
2021-11-01,2021-11,2021,11,30,30,False,False,Ukraine to Europe,0,0,0,0,3.3688721820587686,25,95,1.625,3.4011973816621555
2021-12-01,2021-12,2021,12,31,31,False,False,Ukraine to Europe,0,0,0,0,3.3688721820587686,25,96,1.7083333333333333,3.4339872044851463
2022-01-01,2022-01,2022,1,31,31,False,False,Ukraine to Europe,0,0,0,0,3.3688721820587686,25,97,1.7916666666666667,3.4339872044851463
2022-02-01,2022-02,2022,2,28,28,False,False,Ukraine to Europe,2,2,1,0,2.0,25,98,1.875,3.332204510175204
2022-03-01,2022-03,2022,3,31,31,False,False,Ukraine to Europe,11,4,8,0,2.5,25,99,1.9583333333333333,3.4339872044851463
2022-04-01,2022-04,2022,4,30,30,False,False,Ukraine to Europe,2,2,1,0,3.0,25,100,2.0416666666666665,3.4011973816621555
2022-05-01,2022-05,2022,5,31,31,False,False,Ukraine to Europe,2,1,2,0,5.0,25,101,2.125,3.4339872044851463
2022-06-01,2022-06,2022,6,30,30,False,False,Ukraine to Europe,0,0,0,0,3.3688721820587686,25,102,2.2083333333333335,3.4011973816621555
2022-07-01,2022-07,2022,7,31,31,False,False,Ukraine to Europe,0,0,0,0,3.3688721820587686,25,103,2.2916666666666665,3.4339872044851463
2022-08-01,2022-08,2022,8,31,31,False,False,Ukraine to Europe,0,0,0,0,3.3688721820587686,25,104,2.375,3.4339872044851463
2022-09-01,2022-09,2022,9,30,30,False,False,Ukraine to Europe,0,0,0,0,3.3688721820587686,25,105,2.4583333333333335,3.4011973816621555
2022-10-01,2022-10,2022,10,31,31,False,False,Ukraine to Europe,0,0,0,0,3.3688721820587686,25,106,2.5416666666666665,3.4339872044851463
2022-11-01,2022-11,2022,11,30,30,False,False,Ukraine to Europe,0,0,0,0,3.3688721820587686,25,107,2.625,3.4011973816621555
2022-12-01,2022-12,2022,12,31,31,False,False,Ukraine to Europe,0,0,0,0,3.3688721820587686,25,108,2.7083333333333335,3.4339872044851463
2023-01-01,2023-01,2023,1,31,31,False,False,Ukraine to Europe,0,0,0,0,3.3688721820587686,25,109,2.7916666666666665,3.4339872044851463
2023-02-01,2023-02,2023,2,28,28,False,False,Ukraine to Europe,0,0,0,0,3.3688721820587686,25,110,2.875,3.332204510175204
2023-03-01,2023-03,2023,3,31,31,False,False,Ukraine to Europe,0,0,0,0,3.3688721820587686,25,111,2.9583333333333335,3.4339872044851463
2023-04-01,2023-04,2023,4,30,30,False,False,Ukraine to Europe,0,0,0,0,3.3688721820587686,25,112,3.0416666666666665,3.4011973816621555
2023-05-01,2023-05,2023,5,31,31,False,False,Ukraine to Europe,0,0,0,0,3.3688721820587686,25,113,3.125,3.4339872044851463
2023-06-01,2023-06,2023,6,30,30,False,False,Ukraine to Europe,0,0,0,0,3.3688721820587686,25,114,3.2083333333333335,3.4011973816621555
2023-07-01,2023-07,2023,7,31,31,False,False,Ukraine to Europe,0,0,0,0,3.3688721820587686,25,115,3.2916666666666665,3.4339872044851463
2023-08-01,2023-08,2023,8,31,31,False,False,Ukraine to Europe,0,0,0,0,3.3688721820587686,25,116,3.375,3.4339872044851463
2023-09-01,2023-09,2023,9,30,30,False,False,Ukraine to Europe,0,0,0,0,3.3688721820587686,25,117,3.4583333333333335,3.4011973816621555
2023-10-01,2023-10,2023,10,31,31,False,False,Ukraine to Europe,0,0,0,0,3.3688721820587686,25,118,3.5416666666666665,3.4339872044851463
2023-11-01,2023-11,2023,11,30,30,False,False,Ukraine to Europe,0,0,0,0,3.3688721820587686,25,119,3.625,3.4011973816621555
2023-12-01,2023-12,2023,12,31,31,False,False,Ukraine to Europe,0,0,0,0,3.3688721820587686,25,120,3.7083333333333335,3.4339872044851463
2024-01-01,2024-01,2024,1,31,31,False,False,Ukraine to Europe,0,0,0,0,3.3688721820587686,25,121,3.7916666666666665,3.4339872044851463
2024-02-01,2024-02,2024,2,29,29,False,False,Ukraine to Europe,0,0,0,0,3.3688721820587686,25,122,3.875,3.367295829986474
2024-03-01,2024-03,2024,3,31,31,False,False,Ukraine to Europe,0,0,0,0,3.3688721820587686,25,123,3.9583333333333335,3.4339872044851463
2024-04-01,2024-04,2024,4,30,30,False,False,Ukraine to Europe,2,1,2,0,5.0,25,124,4.041666666666667,3.4011973816621555
2024-05-01,2024-05,2024,5,31,31,False,False,Ukraine to Europe,6,4,3,0,5.0,25,125,4.125,3.4339872044851463
2024-06-01,2024-06,2024,6,30,30,False,False,Ukraine to Europe,0,0,0,0,3.3688721820587686,25,126,4.208333333333333,3.4011973816621555
2024-07-01,2024-07,2024,7,31,31,False,False,Ukraine to Europe,0,0,0,0,3.3688721820587686,25,127,4.291666666666667,3.4339872044851463
2024-08-01,2024-08,2024,8,31,31,False,False,Ukraine to Europe,0,0,0,0,3.3688721820587686,25,128,4.375,3.4339872044851463
2024-09-01,2024-09,2024,9,30,30,False,False,Ukraine to Europe,0,0,0,0,3.3688721820587686,25,129,4.458333333333333,3.4011973816621555
2024-10-01,2024-10,2024,10,31,31,False,False,Ukraine to Europe,0,0,0,0,3.3688721820587686,25,130,4.541666666666667,3.4339872044851463
2024-11-01,2024-11,2024,11,30,30,False,False,Ukraine to Europe,1,1,1,0,5.0,25,131,4.625,3.4011973816621555
2024-12-01,2024-12,2024,12,31,31,False,False,Ukraine to Europe,2,2,1,0,5.0,25,132,4.708333333333333,3.4339872044851463
2025-01-01,2025-01,2025,1,31,31,False,False,Ukraine to Europe,0,0,0,0,3.3688721820587686,25,133,4.791666666666667,3.4339872044851463
2025-02-01,2025-02,2025,2,28,28,False,False,Ukraine to Europe,0,0,0,0,3.3688721820587686,25,134,4.875,3.332204510175204
2025-03-01,2025-03,2025,3,31,31,False,False,Ukraine to Europe,0,0,0,0,3.3688721820587686,25,135,4.958333333333333,3.4339872044851463
2025-04-01,2025-04,2025,4,30,30,False,False,Ukraine to Europe,0,0,0,0,3.3688721820587686,25,136,5.041666666666667,3.4011973816621555
2025-05-01,2025-05,2025,5,31,31,False,False,Ukraine to Europe,0,0,0,0,3.3688721820587686,25,137,5.125,3.4339872044851463
2025-06-01,2025-06,2025,6,30,30,False,False,Ukraine to Europe,0,0,0,0,3.3688721820587686,25,138,5.208333333333333,3.4011973816621555
2025-07-01,2025-07,2025,7,31,31,False,False,Ukraine to Europe,0,0,0,0,3.3688721820587686,25,139,5.291666666666667,3.4339872044851463
2025-08-01,2025-08,2025,8,31,31,False,False,Ukraine to Europe,0,0,0,0,3.3688721820587686,25,140,5.375,3.4339872044851463
2025-09-01,2025-09,2025,9,30,30,False,False,Ukraine to Europe,0,0,0,0,3.3688721820587686,25,141,5.458333333333333,3.4011973816621555
2025-10-01,2025-10,2025,10,31,31,False,False,Ukraine to Europe,0,0,0,0,3.3688721820587686,25,142,5.541666666666667,3.4339872044851463
2025-11-01,2025-11,2025,11,30,30,False,False,Ukraine to Europe,0,0,0,0,3.3688721820587686,25,143,5.625,3.4011973816621555
2025-12-01,2025-12,2025,12,31,31,False,False,Ukraine to Europe,0,0,0,0,3.3688721820587686,25,144,5.708333333333333,3.4339872044851463
2026-01-01,2026-01,2026,1,31,31,False,True,Ukraine to Europe,0,0,0,0,3.3688721820587686,25,145,5.791666666666667,3.4339872044851463
2026-02-01,2026-02,2026,2,28,28,False,True,Ukraine to Europe,0,0,0,0,3.3688721820587686,25,146,5.875,3.332204510175204
2026-03-01,2026-03,2026,3,31,31,False,True,Ukraine to Europe,1,1,1,0,5.0,25,147,5.958333333333333,3.4339872044851463
2026-04-01,2026-04,2026,4,30,30,False,True,Ukraine to Europe,0,0,0,0,3.3688721820587686,25,148,6.041666666666667,3.4011973816621555
2026-05-01,2026-05,2026,5,31,31,False,True,Ukraine to Europe,0,0,0,0,3.3688721820587686,25,149,6.125,3.4339872044851463
2026-06-01,2026-06,2026,6,16,30,True,True,Ukraine to Europe,1,1,1,0,5.0,25,150,6.208333333333333,2.772588722239781
2014-01-01,2014-01,2014,1,31,31,False,False,Unknown/Not reported,1,1,1,0,1.0,26,1,-6.208333333333333,3.4339872044851463
2014-02-01,2014-02,2014,2,28,28,False,False,Unknown/Not reported,1,1,1,0,1.0,26,2,-6.125,3.332204510175204
2014-03-01,2014-03,2014,3,31,31,False,False,Unknown/Not reported,259,4,251,1,2.0,26,3,-6.041666666666667,3.4339872044851463
2014-04-01,2014-04,2014,4,30,30,False,False,Unknown/Not reported,16,3,7,0,1.6666666666666667,26,4,-5.958333333333333,3.4011973816621555
2014-05-01,2014-05,2014,5,31,31,False,False,Unknown/Not reported,10,2,9,0,2.0,26,5,-5.875,3.4339872044851463
2014-06-01,2014-06,2014,6,30,30,False,False,Unknown/Not reported,43,3,35,0,2.3333333333333335,26,6,-5.791666666666667,3.4011973816621555
2014-07-01,2014-07,2014,7,31,31,False,False,Unknown/Not reported,22,3,20,0,1.3333333333333333,26,7,-5.708333333333333,3.4339872044851463
2014-08-01,2014-08,2014,8,31,31,False,False,Unknown/Not reported,41,3,23,0,1.6666666666666667,26,8,-5.625,3.4339872044851463
2014-09-01,2014-09,2014,9,30,30,False,False,Unknown/Not reported,12,3,9,0,1.6666666666666667,26,9,-5.541666666666667,3.4011973816621555
2014-10-01,2014-10,2014,10,31,31,False,False,Unknown/Not reported,5,2,4,0,2.0,26,10,-5.458333333333333,3.4339872044851463
2014-11-01,2014-11,2014,11,30,30,False,False,Unknown/Not reported,0,0,0,0,3.3688721820587686,26,11,-5.375,3.4011973816621555
2014-12-01,2014-12,2014,12,31,31,False,False,Unknown/Not reported,0,0,0,0,3.3688721820587686,26,12,-5.291666666666667,3.4339872044851463
2015-01-01,2015-01,2015,1,31,31,False,False,Unknown/Not reported,75,11,57,0,1.9090909090909092,26,13,-5.208333333333333,3.4339872044851463
2015-02-01,2015-02,2015,2,28,28,False,False,Unknown/Not reported,21,3,15,0,1.3333333333333333,26,14,-5.125,3.332204510175204
2015-03-01,2015-03,2015,3,31,31,False,False,Unknown/Not reported,16,7,9,0,2.2857142857142856,26,15,-5.041666666666667,3.4339872044851463
2015-04-01,2015-04,2015,4,30,30,False,False,Unknown/Not reported,59,7,40,0,2.0,26,16,-4.958333333333333,3.4011973816621555
2015-05-01,2015-05,2015,5,31,31,False,False,Unknown/Not reported,46,9,36,0,2.2222222222222223,26,17,-4.875,3.4339872044851463
2015-06-01,2015-06,2015,6,30,30,False,False,Unknown/Not reported,15,5,9,0,1.4,26,18,-4.791666666666667,3.4011973816621555
2015-07-01,2015-07,2015,7,31,31,False,False,Unknown/Not reported,6,4,2,0,1.0,26,19,-4.708333333333333,3.4339872044851463
2015-08-01,2015-08,2015,8,31,31,False,False,Unknown/Not reported,43,10,24,0,1.5,26,20,-4.625,3.4339872044851463
2015-09-01,2015-09,2015,9,30,30,False,False,Unknown/Not reported,78,12,61,0,1.4166666666666667,26,21,-4.541666666666667,3.4011973816621555
2015-10-01,2015-10,2015,10,31,31,False,False,Unknown/Not reported,31,17,5,0,1.7647058823529411,26,22,-4.458333333333333,3.4339872044851463
2015-11-01,2015-11,2015,11,30,30,False,False,Unknown/Not reported,51,15,15,0,1.4,26,23,-4.375,3.4011973816621555
2015-12-01,2015-12,2015,12,31,31,False,False,Unknown/Not reported,31,18,6,0,1.6666666666666667,26,24,-4.291666666666667,3.4339872044851463
2016-01-01,2016-01,2016,1,31,31,False,False,Unknown/Not reported,59,14,35,0,1.2142857142857142,26,25,-4.208333333333333,3.4339872044851463
2016-02-01,2016-02,2016,2,29,29,False,False,Unknown/Not reported,52,12,26,0,1.5833333333333333,26,26,-4.125,3.367295829986474
2016-03-01,2016-03,2016,3,31,31,False,False,Unknown/Not reported,28,19,5,0,1.631578947368421,26,27,-4.041666666666667,3.4339872044851463
2016-04-01,2016-04,2016,4,30,30,False,False,Unknown/Not reported,11,10,2,0,1.5,26,28,-3.9583333333333335,3.4011973816621555
2016-05-01,2016-05,2016,5,31,31,False,False,Unknown/Not reported,30,19,10,0,1.5263157894736843,26,29,-3.875,3.4339872044851463
2016-06-01,2016-06,2016,6,30,30,False,False,Unknown/Not reported,19,10,6,0,1.4,26,30,-3.7916666666666665,3.4011973816621555
2016-07-01,2016-07,2016,7,31,31,False,False,Unknown/Not reported,50,13,26,0,1.3076923076923077,26,31,-3.7083333333333335,3.4339872044851463
2016-08-01,2016-08,2016,8,31,31,False,False,Unknown/Not reported,34,14,10,0,1.7857142857142858,26,32,-3.625,3.4339872044851463
2016-09-01,2016-09,2016,9,30,30,False,False,Unknown/Not reported,8,8,1,0,1.25,26,33,-3.5416666666666665,3.4011973816621555
2016-10-01,2016-10,2016,10,31,31,False,False,Unknown/Not reported,26,14,6,0,1.9285714285714286,26,34,-3.4583333333333335,3.4339872044851463
2016-11-01,2016-11,2016,11,30,30,False,False,Unknown/Not reported,74,15,60,0,1.7333333333333334,26,35,-3.375,3.4011973816621555
2016-12-01,2016-12,2016,12,31,31,False,False,Unknown/Not reported,20,9,6,0,1.5555555555555556,26,36,-3.2916666666666665,3.4339872044851463
2017-01-01,2017-01,2017,1,31,31,False,False,Unknown/Not reported,108,7,68,0,3.142857142857143,26,37,-3.2083333333333335,3.4339872044851463
2017-02-01,2017-02,2017,2,28,28,False,False,Unknown/Not reported,47,15,13,0,2.0,26,38,-3.125,3.332204510175204
2017-03-01,2017-03,2017,3,31,31,False,False,Unknown/Not reported,37,13,22,0,2.3076923076923075,26,39,-3.0416666666666665,3.4339872044851463
2017-04-01,2017-04,2017,4,30,30,False,False,Unknown/Not reported,16,14,2,0,1.7142857142857142,26,40,-2.9583333333333335,3.4011973816621555
2017-05-01,2017-05,2017,5,31,31,False,False,Unknown/Not reported,52,23,10,0,1.826086956521739,26,41,-2.875,3.4339872044851463
2017-06-01,2017-06,2017,6,30,30,False,False,Unknown/Not reported,30,19,7,0,2.210526315789474,26,42,-2.7916666666666665,3.4011973816621555
2017-07-01,2017-07,2017,7,31,31,False,False,Unknown/Not reported,19,12,5,0,1.75,26,43,-2.7083333333333335,3.4339872044851463
2017-08-01,2017-08,2017,8,31,31,False,False,Unknown/Not reported,18,12,4,0,1.8333333333333333,26,44,-2.625,3.4339872044851463
2017-09-01,2017-09,2017,9,30,30,False,False,Unknown/Not reported,86,26,38,0,2.1538461538461537,26,45,-2.5416666666666665,3.4011973816621555
2017-10-01,2017-10,2017,10,31,31,False,False,Unknown/Not reported,66,19,37,0,2.1578947368421053,26,46,-2.4583333333333335,3.4339872044851463
2017-11-01,2017-11,2017,11,30,30,False,False,Unknown/Not reported,62,28,15,0,2.0,26,47,-2.375,3.4011973816621555
2017-12-01,2017-12,2017,12,31,31,False,False,Unknown/Not reported,34,19,6,0,1.894736842105263,26,48,-2.2916666666666665,3.4339872044851463
2018-01-01,2018-01,2018,1,31,31,False,False,Unknown/Not reported,95,22,52,0,2.3636363636363638,26,49,-2.2083333333333335,3.4339872044851463
2018-02-01,2018-02,2018,2,28,28,False,False,Unknown/Not reported,28,17,6,0,2.176470588235294,26,50,-2.125,3.332204510175204
2018-03-01,2018-03,2018,3,31,31,False,False,Unknown/Not reported,99,36,20,0,2.388888888888889,26,51,-2.0416666666666665,3.4339872044851463
2018-04-01,2018-04,2018,4,30,30,False,False,Unknown/Not reported,82,18,47,0,2.1666666666666665,26,52,-1.9583333333333333,3.4011973816621555
2018-05-01,2018-05,2018,5,31,31,False,False,Unknown/Not reported,31,22,5,0,2.1818181818181817,26,53,-1.875,3.4339872044851463
2018-06-01,2018-06,2018,6,30,30,False,False,Unknown/Not reported,40,20,6,0,2.3,26,54,-1.7916666666666667,3.4011973816621555
2018-07-01,2018-07,2018,7,31,31,False,False,Unknown/Not reported,72,35,19,0,2.057142857142857,26,55,-1.7083333333333333,3.4339872044851463
2018-08-01,2018-08,2018,8,31,31,False,False,Unknown/Not reported,60,33,8,0,2.272727272727273,26,56,-1.625,3.4339872044851463
2018-09-01,2018-09,2018,9,30,30,False,False,Unknown/Not reported,40,30,3,0,2.066666666666667,26,57,-1.5416666666666667,3.4011973816621555
2018-10-01,2018-10,2018,10,31,31,False,False,Unknown/Not reported,106,43,22,0,2.302325581395349,26,58,-1.4583333333333333,3.4339872044851463
2018-11-01,2018-11,2018,11,30,30,False,False,Unknown/Not reported,50,27,7,0,2.185185185185185,26,59,-1.375,3.4011973816621555
2018-12-01,2018-12,2018,12,31,31,False,False,Unknown/Not reported,14,12,2,0,2.1666666666666665,26,60,-1.2916666666666667,3.4339872044851463
2019-01-01,2019-01,2019,1,31,31,False,False,Unknown/Not reported,35,25,4,0,2.36,26,61,-1.2083333333333333,3.4339872044851463
2019-02-01,2019-02,2019,2,28,28,False,False,Unknown/Not reported,76,28,31,0,2.5357142857142856,26,62,-1.125,3.332204510175204
2019-03-01,2019-03,2019,3,31,31,False,False,Unknown/Not reported,103,41,24,0,2.2195121951219514,26,63,-1.0416666666666667,3.4339872044851463
2019-04-01,2019-04,2019,4,30,30,False,False,Unknown/Not reported,143,65,11,0,2.0615384615384613,26,64,-0.9583333333333334,3.4011973816621555
2019-05-01,2019-05,2019,5,31,31,False,False,Unknown/Not reported,168,70,13,0,2.2,26,65,-0.875,3.4339872044851463
2019-06-01,2019-06,2019,6,30,30,False,False,Unknown/Not reported,92,54,8,0,2.2037037037037037,26,66,-0.7916666666666666,3.4011973816621555
2019-07-01,2019-07,2019,7,31,31,False,False,Unknown/Not reported,97,64,7,0,2.1875,26,67,-0.7083333333333334,3.4339872044851463
2019-08-01,2019-08,2019,8,31,31,False,False,Unknown/Not reported,121,55,10,0,2.327272727272727,26,68,-0.625,3.4339872044851463
2019-09-01,2019-09,2019,9,30,30,False,False,Unknown/Not reported,70,46,6,0,2.152173913043478,26,69,-0.5416666666666666,3.4011973816621555
2019-10-01,2019-10,2019,10,31,31,False,False,Unknown/Not reported,78,48,6,0,2.3333333333333335,26,70,-0.4583333333333333,3.4339872044851463
2019-11-01,2019-11,2019,11,30,30,False,False,Unknown/Not reported,112,62,7,0,2.1451612903225805,26,71,-0.375,3.4011973816621555
2019-12-01,2019-12,2019,12,31,31,False,False,Unknown/Not reported,112,56,13,0,2.0357142857142856,26,72,-0.2916666666666667,3.4339872044851463
2020-01-01,2020-01,2020,1,31,31,False,False,Unknown/Not reported,102,29,39,0,2.5172413793103448,26,73,-0.20833333333333334,3.4339872044851463
2020-02-01,2020-02,2020,2,29,29,False,False,Unknown/Not reported,18,15,3,0,2.6,26,74,-0.125,3.367295829986474
2020-03-01,2020-03,2020,3,31,31,False,False,Unknown/Not reported,10,7,3,0,2.0,26,75,-0.041666666666666664,3.4339872044851463
2020-04-01,2020-04,2020,4,30,30,False,False,Unknown/Not reported,21,13,8,0,2.6153846153846154,26,76,0.041666666666666664,3.4011973816621555
2020-05-01,2020-05,2020,5,31,31,False,False,Unknown/Not reported,8,6,3,0,2.8333333333333335,26,77,0.125,3.4339872044851463
2020-06-01,2020-06,2020,6,30,30,False,False,Unknown/Not reported,61,15,31,0,2.6666666666666665,26,78,0.20833333333333334,3.4011973816621555
2020-07-01,2020-07,2020,7,31,31,False,False,Unknown/Not reported,8,8,1,0,1.75,26,79,0.2916666666666667,3.4339872044851463
2020-08-01,2020-08,2020,8,31,31,False,False,Unknown/Not reported,31,17,7,0,2.7058823529411766,26,80,0.375,3.4339872044851463
2020-09-01,2020-09,2020,9,30,30,False,False,Unknown/Not reported,30,18,6,0,2.611111111111111,26,81,0.4583333333333333,3.4011973816621555
2020-10-01,2020-10,2020,10,31,31,False,False,Unknown/Not reported,29,15,11,0,2.2,26,82,0.5416666666666666,3.4339872044851463
2020-11-01,2020-11,2020,11,30,30,False,False,Unknown/Not reported,14,9,4,0,1.3333333333333333,26,83,0.625,3.4011973816621555
2020-12-01,2020-12,2020,12,31,31,False,False,Unknown/Not reported,7,5,3,0,1.4,26,84,0.7083333333333334,3.4339872044851463
2021-01-01,2021-01,2021,1,31,31,False,False,Unknown/Not reported,23,11,10,0,2.090909090909091,26,85,0.7916666666666666,3.4339872044851463
2021-02-01,2021-02,2021,2,28,28,False,False,Unknown/Not reported,18,15,3,0,2.6666666666666665,26,86,0.875,3.332204510175204
2021-03-01,2021-03,2021,3,31,31,False,False,Unknown/Not reported,22,13,7,0,3.3076923076923075,26,87,0.9583333333333334,3.4339872044851463
2021-04-01,2021-04,2021,4,30,30,False,False,Unknown/Not reported,25,15,6,0,2.8666666666666667,26,88,1.0416666666666667,3.4011973816621555
2021-05-01,2021-05,2021,5,31,31,False,False,Unknown/Not reported,18,13,4,0,2.230769230769231,26,89,1.125,3.4339872044851463
2021-06-01,2021-06,2021,6,30,30,False,False,Unknown/Not reported,38,16,15,0,2.3125,26,90,1.2083333333333333,3.4011973816621555
2021-07-01,2021-07,2021,7,31,31,False,False,Unknown/Not reported,35,11,22,0,2.1818181818181817,26,91,1.2916666666666667,3.4339872044851463
2021-08-01,2021-08,2021,8,31,31,False,False,Unknown/Not reported,235,27,167,1,2.7037037037037037,26,92,1.375,3.4339872044851463
2021-09-01,2021-09,2021,9,30,30,False,False,Unknown/Not reported,32,20,4,0,1.7,26,93,1.4583333333333333,3.4011973816621555
2021-10-01,2021-10,2021,10,31,31,False,False,Unknown/Not reported,52,33,6,0,3.484848484848485,26,94,1.5416666666666667,3.4339872044851463
2021-11-01,2021-11,2021,11,30,30,False,False,Unknown/Not reported,70,20,14,0,3.45,26,95,1.625,3.4011973816621555
2021-12-01,2021-12,2021,12,31,31,False,False,Unknown/Not reported,105,15,37,0,2.8666666666666667,26,96,1.7083333333333333,3.4339872044851463
2022-01-01,2022-01,2022,1,31,31,False,False,Unknown/Not reported,36,17,7,0,3.2941176470588234,26,97,1.7916666666666667,3.4339872044851463
2022-02-01,2022-02,2022,2,28,28,False,False,Unknown/Not reported,35,15,8,0,2.8,26,98,1.875,3.332204510175204
2022-03-01,2022-03,2022,3,31,31,False,False,Unknown/Not reported,57,18,28,0,3.111111111111111,26,99,1.9583333333333333,3.4339872044851463
2022-04-01,2022-04,2022,4,30,30,False,False,Unknown/Not reported,34,19,7,0,2.8421052631578947,26,100,2.0416666666666665,3.4011973816621555
2022-05-01,2022-05,2022,5,31,31,False,False,Unknown/Not reported,59,19,8,0,3.0,26,101,2.125,3.4339872044851463
2022-06-01,2022-06,2022,6,30,30,False,False,Unknown/Not reported,26,15,7,0,2.6,26,102,2.2083333333333335,3.4011973816621555
2022-07-01,2022-07,2022,7,31,31,False,False,Unknown/Not reported,33,12,9,0,2.8333333333333335,26,103,2.2916666666666665,3.4339872044851463
2022-08-01,2022-08,2022,8,31,31,False,False,Unknown/Not reported,51,25,14,0,2.88,26,104,2.375,3.4339872044851463
2022-09-01,2022-09,2022,9,30,30,False,False,Unknown/Not reported,57,17,20,0,2.7058823529411766,26,105,2.4583333333333335,3.4011973816621555
2022-10-01,2022-10,2022,10,31,31,False,False,Unknown/Not reported,43,18,13,0,3.388888888888889,26,106,2.5416666666666665,3.4339872044851463
2022-11-01,2022-11,2022,11,30,30,False,False,Unknown/Not reported,46,16,16,0,3.3125,26,107,2.625,3.4011973816621555
2022-12-01,2022-12,2022,12,31,31,False,False,Unknown/Not reported,48,17,13,0,3.3529411764705883,26,108,2.7083333333333335,3.4339872044851463
2023-01-01,2023-01,2023,1,31,31,False,False,Unknown/Not reported,70,14,26,0,3.2142857142857144,26,109,2.7916666666666665,3.4339872044851463
2023-02-01,2023-02,2023,2,28,28,False,False,Unknown/Not reported,14,11,3,0,3.4545454545454546,26,110,2.875,3.332204510175204
2023-03-01,2023-03,2023,3,31,31,False,False,Unknown/Not reported,38,12,14,0,2.75,26,111,2.9583333333333335,3.4339872044851463
2023-04-01,2023-04,2023,4,30,30,False,False,Unknown/Not reported,28,13,7,0,3.076923076923077,26,112,3.0416666666666665,3.4011973816621555
2023-05-01,2023-05,2023,5,31,31,False,False,Unknown/Not reported,42,18,11,0,2.888888888888889,26,113,3.125,3.4339872044851463
2023-06-01,2023-06,2023,6,30,30,False,False,Unknown/Not reported,24,14,4,0,2.7142857142857144,26,114,3.2083333333333335,3.4011973816621555
2023-07-01,2023-07,2023,7,31,31,False,False,Unknown/Not reported,102,41,19,0,3.5853658536585367,26,115,3.2916666666666665,3.4339872044851463
2023-08-01,2023-08,2023,8,31,31,False,False,Unknown/Not reported,100,18,27,0,3.0,26,116,3.375,3.4339872044851463
2023-09-01,2023-09,2023,9,30,30,False,False,Unknown/Not reported,73,21,32,0,2.5238095238095237,26,117,3.4583333333333335,3.4011973816621555
2023-10-01,2023-10,2023,10,31,31,False,False,Unknown/Not reported,92,31,38,0,2.7096774193548385,26,118,3.5416666666666665,3.4339872044851463
2023-11-01,2023-11,2023,11,30,30,False,False,Unknown/Not reported,41,21,14,0,2.1904761904761907,26,119,3.625,3.4011973816621555
2023-12-01,2023-12,2023,12,31,31,False,False,Unknown/Not reported,43,22,9,0,3.3636363636363638,26,120,3.7083333333333335,3.4339872044851463
2024-01-01,2024-01,2024,1,31,31,False,False,Unknown/Not reported,90,17,32,0,2.6470588235294117,26,121,3.7916666666666665,3.4339872044851463
2024-02-01,2024-02,2024,2,29,29,False,False,Unknown/Not reported,40,24,9,0,3.4583333333333335,26,122,3.875,3.367295829986474
2024-03-01,2024-03,2024,3,31,31,False,False,Unknown/Not reported,56,27,16,0,2.7777777777777777,26,123,3.9583333333333335,3.4339872044851463
2024-04-01,2024-04,2024,4,30,30,False,False,Unknown/Not reported,33,14,9,0,3.142857142857143,26,124,4.041666666666667,3.4011973816621555
2024-05-01,2024-05,2024,5,31,31,False,False,Unknown/Not reported,22,17,5,0,3.2941176470588234,26,125,4.125,3.4339872044851463
2024-06-01,2024-06,2024,6,30,30,False,False,Unknown/Not reported,15,11,3,0,3.4545454545454546,26,126,4.208333333333333,3.4011973816621555
2024-07-01,2024-07,2024,7,31,31,False,False,Unknown/Not reported,98,20,40,0,3.15,26,127,4.291666666666667,3.4339872044851463
2024-08-01,2024-08,2024,8,31,31,False,False,Unknown/Not reported,96,14,64,0,2.5,26,128,4.375,3.4339872044851463
2024-09-01,2024-09,2024,9,30,30,False,False,Unknown/Not reported,62,13,30,0,3.3846153846153846,26,129,4.458333333333333,3.4011973816621555
2024-10-01,2024-10,2024,10,31,31,False,False,Unknown/Not reported,231,16,200,1,3.125,26,130,4.541666666666667,3.4339872044851463
2024-11-01,2024-11,2024,11,30,30,False,False,Unknown/Not reported,28,17,7,0,2.235294117647059,26,131,4.625,3.4011973816621555
2024-12-01,2024-12,2024,12,31,31,False,False,Unknown/Not reported,27,23,2,0,2.869565217391304,26,132,4.708333333333333,3.4339872044851463
2025-01-01,2025-01,2025,1,31,31,False,False,Unknown/Not reported,40,18,7,0,3.4444444444444446,26,133,4.791666666666667,3.4339872044851463
2025-02-01,2025-02,2025,2,28,28,False,False,Unknown/Not reported,24,16,4,0,2.25,26,134,4.875,3.332204510175204
2025-03-01,2025-03,2025,3,31,31,False,False,Unknown/Not reported,25,9,15,0,2.4444444444444446,26,135,4.958333333333333,3.4339872044851463
2025-04-01,2025-04,2025,4,30,30,False,False,Unknown/Not reported,39,18,12,0,2.4444444444444446,26,136,5.041666666666667,3.4011973816621555
2025-05-01,2025-05,2025,5,31,31,False,False,Unknown/Not reported,53,24,14,0,2.6666666666666665,26,137,5.125,3.4339872044851463
2025-06-01,2025-06,2025,6,30,30,False,False,Unknown/Not reported,45,24,6,0,2.7083333333333335,26,138,5.208333333333333,3.4011973816621555
2025-07-01,2025-07,2025,7,31,31,False,False,Unknown/Not reported,41,12,9,0,2.5833333333333335,26,139,5.291666666666667,3.4339872044851463
2025-08-01,2025-08,2025,8,31,31,False,False,Unknown/Not reported,102,14,78,0,2.642857142857143,26,140,5.375,3.4339872044851463
2025-09-01,2025-09,2025,9,30,30,False,False,Unknown/Not reported,41,16,19,0,3.1875,26,141,5.458333333333333,3.4011973816621555
2025-10-01,2025-10,2025,10,31,31,False,False,Unknown/Not reported,34,12,16,0,2.5833333333333335,26,142,5.541666666666667,3.4339872044851463
2025-11-01,2025-11,2025,11,30,30,False,False,Unknown/Not reported,29,12,12,0,3.5833333333333335,26,143,5.625,3.4011973816621555
2025-12-01,2025-12,2025,12,31,31,False,False,Unknown/Not reported,23,9,9,0,3.3333333333333335,26,144,5.708333333333333,3.4339872044851463
2026-01-01,2026-01,2026,1,31,31,False,True,Unknown/Not reported,50,11,21,0,3.090909090909091,26,145,5.791666666666667,3.4339872044851463
2026-02-01,2026-02,2026,2,28,28,False,True,Unknown/Not reported,7,6,2,0,2.5,26,146,5.875,3.332204510175204
2026-03-01,2026-03,2026,3,31,31,False,True,Unknown/Not reported,6,4,3,0,2.25,26,147,5.958333333333333,3.4339872044851463
2026-04-01,2026-04,2026,4,30,30,False,True,Unknown/Not reported,8,6,2,0,3.0,26,148,6.041666666666667,3.4011973816621555
2026-05-01,2026-05,2026,5,31,31,False,True,Unknown/Not reported,41,5,22,0,3.4,26,149,6.125,3.4339872044851463
2026-06-01,2026-06,2026,6,16,30,True,True,Unknown/Not reported,5,5,1,0,3.0,26,150,6.208333333333333,2.772588722239781
2014-01-01,2014-01,2014,1,31,31,False,False,Venezuela to Caribbean,0,0,0,0,3.3688721820587686,27,1,-6.208333333333333,3.4339872044851463
2014-02-01,2014-02,2014,2,28,28,False,False,Venezuela to Caribbean,0,0,0,0,3.3688721820587686,27,2,-6.125,3.332204510175204
2014-03-01,2014-03,2014,3,31,31,False,False,Venezuela to Caribbean,0,0,0,0,3.3688721820587686,27,3,-6.041666666666667,3.4339872044851463
2014-04-01,2014-04,2014,4,30,30,False,False,Venezuela to Caribbean,0,0,0,0,3.3688721820587686,27,4,-5.958333333333333,3.4011973816621555
2014-05-01,2014-05,2014,5,31,31,False,False,Venezuela to Caribbean,0,0,0,0,3.3688721820587686,27,5,-5.875,3.4339872044851463
2014-06-01,2014-06,2014,6,30,30,False,False,Venezuela to Caribbean,0,0,0,0,3.3688721820587686,27,6,-5.791666666666667,3.4011973816621555
2014-07-01,2014-07,2014,7,31,31,False,False,Venezuela to Caribbean,0,0,0,0,3.3688721820587686,27,7,-5.708333333333333,3.4339872044851463
2014-08-01,2014-08,2014,8,31,31,False,False,Venezuela to Caribbean,0,0,0,0,3.3688721820587686,27,8,-5.625,3.4339872044851463
2014-09-01,2014-09,2014,9,30,30,False,False,Venezuela to Caribbean,0,0,0,0,3.3688721820587686,27,9,-5.541666666666667,3.4011973816621555
2014-10-01,2014-10,2014,10,31,31,False,False,Venezuela to Caribbean,0,0,0,0,3.3688721820587686,27,10,-5.458333333333333,3.4339872044851463
2014-11-01,2014-11,2014,11,30,30,False,False,Venezuela to Caribbean,0,0,0,0,3.3688721820587686,27,11,-5.375,3.4011973816621555
2014-12-01,2014-12,2014,12,31,31,False,False,Venezuela to Caribbean,0,0,0,0,3.3688721820587686,27,12,-5.291666666666667,3.4339872044851463
2015-01-01,2015-01,2015,1,31,31,False,False,Venezuela to Caribbean,0,0,0,0,3.3688721820587686,27,13,-5.208333333333333,3.4339872044851463
2015-02-01,2015-02,2015,2,28,28,False,False,Venezuela to Caribbean,0,0,0,0,3.3688721820587686,27,14,-5.125,3.332204510175204
2015-03-01,2015-03,2015,3,31,31,False,False,Venezuela to Caribbean,0,0,0,0,3.3688721820587686,27,15,-5.041666666666667,3.4339872044851463
2015-04-01,2015-04,2015,4,30,30,False,False,Venezuela to Caribbean,0,0,0,0,3.3688721820587686,27,16,-4.958333333333333,3.4011973816621555
2015-05-01,2015-05,2015,5,31,31,False,False,Venezuela to Caribbean,0,0,0,0,3.3688721820587686,27,17,-4.875,3.4339872044851463
2015-06-01,2015-06,2015,6,30,30,False,False,Venezuela to Caribbean,0,0,0,0,3.3688721820587686,27,18,-4.791666666666667,3.4011973816621555
2015-07-01,2015-07,2015,7,31,31,False,False,Venezuela to Caribbean,0,0,0,0,3.3688721820587686,27,19,-4.708333333333333,3.4339872044851463
2015-08-01,2015-08,2015,8,31,31,False,False,Venezuela to Caribbean,0,0,0,0,3.3688721820587686,27,20,-4.625,3.4339872044851463
2015-09-01,2015-09,2015,9,30,30,False,False,Venezuela to Caribbean,0,0,0,0,3.3688721820587686,27,21,-4.541666666666667,3.4011973816621555
2015-10-01,2015-10,2015,10,31,31,False,False,Venezuela to Caribbean,0,0,0,0,3.3688721820587686,27,22,-4.458333333333333,3.4339872044851463
2015-11-01,2015-11,2015,11,30,30,False,False,Venezuela to Caribbean,0,0,0,0,3.3688721820587686,27,23,-4.375,3.4011973816621555
2015-12-01,2015-12,2015,12,31,31,False,False,Venezuela to Caribbean,0,0,0,0,3.3688721820587686,27,24,-4.291666666666667,3.4339872044851463
2016-01-01,2016-01,2016,1,31,31,False,False,Venezuela to Caribbean,0,0,0,0,3.3688721820587686,27,25,-4.208333333333333,3.4339872044851463
2016-02-01,2016-02,2016,2,29,29,False,False,Venezuela to Caribbean,0,0,0,0,3.3688721820587686,27,26,-4.125,3.367295829986474
2016-03-01,2016-03,2016,3,31,31,False,False,Venezuela to Caribbean,0,0,0,0,3.3688721820587686,27,27,-4.041666666666667,3.4339872044851463
2016-04-01,2016-04,2016,4,30,30,False,False,Venezuela to Caribbean,1,1,1,0,1.0,27,28,-3.9583333333333335,3.4011973816621555
2016-05-01,2016-05,2016,5,31,31,False,False,Venezuela to Caribbean,0,0,0,0,3.3688721820587686,27,29,-3.875,3.4339872044851463
2016-06-01,2016-06,2016,6,30,30,False,False,Venezuela to Caribbean,0,0,0,0,3.3688721820587686,27,30,-3.7916666666666665,3.4011973816621555
2016-07-01,2016-07,2016,7,31,31,False,False,Venezuela to Caribbean,0,0,0,0,3.3688721820587686,27,31,-3.7083333333333335,3.4339872044851463
2016-08-01,2016-08,2016,8,31,31,False,False,Venezuela to Caribbean,0,0,0,0,3.3688721820587686,27,32,-3.625,3.4339872044851463
2016-09-01,2016-09,2016,9,30,30,False,False,Venezuela to Caribbean,0,0,0,0,3.3688721820587686,27,33,-3.5416666666666665,3.4011973816621555
2016-10-01,2016-10,2016,10,31,31,False,False,Venezuela to Caribbean,0,0,0,0,3.3688721820587686,27,34,-3.4583333333333335,3.4339872044851463
2016-11-01,2016-11,2016,11,30,30,False,False,Venezuela to Caribbean,0,0,0,0,3.3688721820587686,27,35,-3.375,3.4011973816621555
2016-12-01,2016-12,2016,12,31,31,False,False,Venezuela to Caribbean,0,0,0,0,3.3688721820587686,27,36,-3.2916666666666665,3.4339872044851463
2017-01-01,2017-01,2017,1,31,31,False,False,Venezuela to Caribbean,0,0,0,0,3.3688721820587686,27,37,-3.2083333333333335,3.4339872044851463
2017-02-01,2017-02,2017,2,28,28,False,False,Venezuela to Caribbean,0,0,0,0,3.3688721820587686,27,38,-3.125,3.332204510175204
2017-03-01,2017-03,2017,3,31,31,False,False,Venezuela to Caribbean,0,0,0,0,3.3688721820587686,27,39,-3.0416666666666665,3.4339872044851463
2017-04-01,2017-04,2017,4,30,30,False,False,Venezuela to Caribbean,0,0,0,0,3.3688721820587686,27,40,-2.9583333333333335,3.4011973816621555
2017-05-01,2017-05,2017,5,31,31,False,False,Venezuela to Caribbean,0,0,0,0,3.3688721820587686,27,41,-2.875,3.4339872044851463
2017-06-01,2017-06,2017,6,30,30,False,False,Venezuela to Caribbean,0,0,0,0,3.3688721820587686,27,42,-2.7916666666666665,3.4011973816621555
2017-07-01,2017-07,2017,7,31,31,False,False,Venezuela to Caribbean,0,0,0,0,3.3688721820587686,27,43,-2.7083333333333335,3.4339872044851463
2017-08-01,2017-08,2017,8,31,31,False,False,Venezuela to Caribbean,0,0,0,0,3.3688721820587686,27,44,-2.625,3.4339872044851463
2017-09-01,2017-09,2017,9,30,30,False,False,Venezuela to Caribbean,0,0,0,0,3.3688721820587686,27,45,-2.5416666666666665,3.4011973816621555
2017-10-01,2017-10,2017,10,31,31,False,False,Venezuela to Caribbean,0,0,0,0,3.3688721820587686,27,46,-2.4583333333333335,3.4339872044851463
2017-11-01,2017-11,2017,11,30,30,False,False,Venezuela to Caribbean,0,0,0,0,3.3688721820587686,27,47,-2.375,3.4011973816621555
2017-12-01,2017-12,2017,12,31,31,False,False,Venezuela to Caribbean,0,0,0,0,3.3688721820587686,27,48,-2.2916666666666665,3.4339872044851463
2018-01-01,2018-01,2018,1,31,31,False,False,Venezuela to Caribbean,0,0,0,0,3.3688721820587686,27,49,-2.2083333333333335,3.4339872044851463
2018-02-01,2018-02,2018,2,28,28,False,False,Venezuela to Caribbean,0,0,0,0,3.3688721820587686,27,50,-2.125,3.332204510175204
2018-03-01,2018-03,2018,3,31,31,False,False,Venezuela to Caribbean,0,0,0,0,3.3688721820587686,27,51,-2.0416666666666665,3.4339872044851463
2018-04-01,2018-04,2018,4,30,30,False,False,Venezuela to Caribbean,0,0,0,0,3.3688721820587686,27,52,-1.9583333333333333,3.4011973816621555
2018-05-01,2018-05,2018,5,31,31,False,False,Venezuela to Caribbean,0,0,0,0,3.3688721820587686,27,53,-1.875,3.4339872044851463
2018-06-01,2018-06,2018,6,30,30,False,False,Venezuela to Caribbean,0,0,0,0,3.3688721820587686,27,54,-1.7916666666666667,3.4011973816621555
2018-07-01,2018-07,2018,7,31,31,False,False,Venezuela to Caribbean,0,0,0,0,3.3688721820587686,27,55,-1.7083333333333333,3.4339872044851463
2018-08-01,2018-08,2018,8,31,31,False,False,Venezuela to Caribbean,0,0,0,0,3.3688721820587686,27,56,-1.625,3.4339872044851463
2018-09-01,2018-09,2018,9,30,30,False,False,Venezuela to Caribbean,0,0,0,0,3.3688721820587686,27,57,-1.5416666666666667,3.4011973816621555
2018-10-01,2018-10,2018,10,31,31,False,False,Venezuela to Caribbean,0,0,0,0,3.3688721820587686,27,58,-1.4583333333333333,3.4339872044851463
2018-11-01,2018-11,2018,11,30,30,False,False,Venezuela to Caribbean,0,0,0,0,3.3688721820587686,27,59,-1.375,3.4011973816621555
2018-12-01,2018-12,2018,12,31,31,False,False,Venezuela to Caribbean,0,0,0,0,3.3688721820587686,27,60,-1.2916666666666667,3.4339872044851463
2019-01-01,2019-01,2019,1,31,31,False,False,Venezuela to Caribbean,0,0,0,0,3.3688721820587686,27,61,-1.2083333333333333,3.4339872044851463
2019-02-01,2019-02,2019,2,28,28,False,False,Venezuela to Caribbean,0,0,0,0,3.3688721820587686,27,62,-1.125,3.332204510175204
2019-03-01,2019-03,2019,3,31,31,False,False,Venezuela to Caribbean,0,0,0,0,3.3688721820587686,27,63,-1.0416666666666667,3.4339872044851463
2019-04-01,2019-04,2019,4,30,30,False,False,Venezuela to Caribbean,23,1,23,0,4.0,27,64,-0.9583333333333334,3.4011973816621555
2019-05-01,2019-05,2019,5,31,31,False,False,Venezuela to Caribbean,29,1,29,0,3.0,27,65,-0.875,3.4339872044851463
2019-06-01,2019-06,2019,6,30,30,False,False,Venezuela to Caribbean,0,0,0,0,3.3688721820587686,27,66,-0.7916666666666666,3.4011973816621555
2019-07-01,2019-07,2019,7,31,31,False,False,Venezuela to Caribbean,0,0,0,0,3.3688721820587686,27,67,-0.7083333333333334,3.4339872044851463
2019-08-01,2019-08,2019,8,31,31,False,False,Venezuela to Caribbean,0,0,0,0,3.3688721820587686,27,68,-0.625,3.4339872044851463
2019-09-01,2019-09,2019,9,30,30,False,False,Venezuela to Caribbean,0,0,0,0,3.3688721820587686,27,69,-0.5416666666666666,3.4011973816621555
2019-10-01,2019-10,2019,10,31,31,False,False,Venezuela to Caribbean,0,0,0,0,3.3688721820587686,27,70,-0.4583333333333333,3.4339872044851463
2019-11-01,2019-11,2019,11,30,30,False,False,Venezuela to Caribbean,0,0,0,0,3.3688721820587686,27,71,-0.375,3.4011973816621555
2019-12-01,2019-12,2019,12,31,31,False,False,Venezuela to Caribbean,0,0,0,0,3.3688721820587686,27,72,-0.2916666666666667,3.4339872044851463
2020-01-01,2020-01,2020,1,31,31,False,False,Venezuela to Caribbean,0,0,0,0,3.3688721820587686,27,73,-0.20833333333333334,3.4339872044851463
2020-02-01,2020-02,2020,2,29,29,False,False,Venezuela to Caribbean,0,0,0,0,3.3688721820587686,27,74,-0.125,3.367295829986474
2020-03-01,2020-03,2020,3,31,31,False,False,Venezuela to Caribbean,16,1,16,0,3.0,27,75,-0.041666666666666664,3.4339872044851463
2020-04-01,2020-04,2020,4,30,30,False,False,Venezuela to Caribbean,0,0,0,0,3.3688721820587686,27,76,0.041666666666666664,3.4011973816621555
2020-05-01,2020-05,2020,5,31,31,False,False,Venezuela to Caribbean,0,0,0,0,3.3688721820587686,27,77,0.125,3.4339872044851463
2020-06-01,2020-06,2020,6,30,30,False,False,Venezuela to Caribbean,0,0,0,0,3.3688721820587686,27,78,0.20833333333333334,3.4011973816621555
2020-07-01,2020-07,2020,7,31,31,False,False,Venezuela to Caribbean,0,0,0,0,3.3688721820587686,27,79,0.2916666666666667,3.4339872044851463
2020-08-01,2020-08,2020,8,31,31,False,False,Venezuela to Caribbean,0,0,0,0,3.3688721820587686,27,80,0.375,3.4339872044851463
2020-09-01,2020-09,2020,9,30,30,False,False,Venezuela to Caribbean,0,0,0,0,3.3688721820587686,27,81,0.4583333333333333,3.4011973816621555
2020-10-01,2020-10,2020,10,31,31,False,False,Venezuela to Caribbean,0,0,0,0,3.3688721820587686,27,82,0.5416666666666666,3.4339872044851463
2020-11-01,2020-11,2020,11,30,30,False,False,Venezuela to Caribbean,0,0,0,0,3.3688721820587686,27,83,0.625,3.4011973816621555
2020-12-01,2020-12,2020,12,31,31,False,False,Venezuela to Caribbean,53,2,33,0,4.0,27,84,0.7083333333333334,3.4339872044851463
2021-01-01,2021-01,2021,1,31,31,False,False,Venezuela to Caribbean,0,0,0,0,3.3688721820587686,27,85,0.7916666666666666,3.4339872044851463
2021-02-01,2021-02,2021,2,28,28,False,False,Venezuela to Caribbean,0,0,0,0,3.3688721820587686,27,86,0.875,3.332204510175204
2021-03-01,2021-03,2021,3,31,31,False,False,Venezuela to Caribbean,0,0,0,0,3.3688721820587686,27,87,0.9583333333333334,3.4339872044851463
2021-04-01,2021-04,2021,4,30,30,False,False,Venezuela to Caribbean,17,1,17,0,4.0,27,88,1.0416666666666667,3.4011973816621555
2021-05-01,2021-05,2021,5,31,31,False,False,Venezuela to Caribbean,0,0,0,0,3.3688721820587686,27,89,1.125,3.4339872044851463
2021-06-01,2021-06,2021,6,30,30,False,False,Venezuela to Caribbean,0,0,0,0,3.3688721820587686,27,90,1.2083333333333333,3.4011973816621555
2021-07-01,2021-07,2021,7,31,31,False,False,Venezuela to Caribbean,0,0,0,0,3.3688721820587686,27,91,1.2916666666666667,3.4339872044851463
2021-08-01,2021-08,2021,8,31,31,False,False,Venezuela to Caribbean,0,0,0,0,3.3688721820587686,27,92,1.375,3.4339872044851463
2021-09-01,2021-09,2021,9,30,30,False,False,Venezuela to Caribbean,0,0,0,0,3.3688721820587686,27,93,1.4583333333333333,3.4011973816621555
2021-10-01,2021-10,2021,10,31,31,False,False,Venezuela to Caribbean,0,0,0,0,3.3688721820587686,27,94,1.5416666666666667,3.4339872044851463
2021-11-01,2021-11,2021,11,30,30,False,False,Venezuela to Caribbean,0,0,0,0,3.3688721820587686,27,95,1.625,3.4011973816621555
2021-12-01,2021-12,2021,12,31,31,False,False,Venezuela to Caribbean,10,1,10,0,3.0,27,96,1.7083333333333333,3.4339872044851463
2022-01-01,2022-01,2022,1,31,31,False,False,Venezuela to Caribbean,0,0,0,0,3.3688721820587686,27,97,1.7916666666666667,3.4339872044851463
2022-02-01,2022-02,2022,2,28,28,False,False,Venezuela to Caribbean,1,1,1,0,5.0,27,98,1.875,3.332204510175204
2022-03-01,2022-03,2022,3,31,31,False,False,Venezuela to Caribbean,0,0,0,0,3.3688721820587686,27,99,1.9583333333333333,3.4339872044851463
2022-04-01,2022-04,2022,4,30,30,False,False,Venezuela to Caribbean,0,0,0,0,3.3688721820587686,27,100,2.0416666666666665,3.4011973816621555
2022-05-01,2022-05,2022,5,31,31,False,False,Venezuela to Caribbean,0,0,0,0,3.3688721820587686,27,101,2.125,3.4339872044851463
2022-06-01,2022-06,2022,6,30,30,False,False,Venezuela to Caribbean,0,0,0,0,3.3688721820587686,27,102,2.2083333333333335,3.4011973816621555
2022-07-01,2022-07,2022,7,31,31,False,False,Venezuela to Caribbean,0,0,0,0,3.3688721820587686,27,103,2.2916666666666665,3.4339872044851463
2022-08-01,2022-08,2022,8,31,31,False,False,Venezuela to Caribbean,0,0,0,0,3.3688721820587686,27,104,2.375,3.4339872044851463
2022-09-01,2022-09,2022,9,30,30,False,False,Venezuela to Caribbean,0,0,0,0,3.3688721820587686,27,105,2.4583333333333335,3.4011973816621555
2022-10-01,2022-10,2022,10,31,31,False,False,Venezuela to Caribbean,0,0,0,0,3.3688721820587686,27,106,2.5416666666666665,3.4339872044851463
2022-11-01,2022-11,2022,11,30,30,False,False,Venezuela to Caribbean,0,0,0,0,3.3688721820587686,27,107,2.625,3.4011973816621555
2022-12-01,2022-12,2022,12,31,31,False,False,Venezuela to Caribbean,0,0,0,0,3.3688721820587686,27,108,2.7083333333333335,3.4339872044851463
2023-01-01,2023-01,2023,1,31,31,False,False,Venezuela to Caribbean,0,0,0,0,3.3688721820587686,27,109,2.7916666666666665,3.4339872044851463
2023-02-01,2023-02,2023,2,28,28,False,False,Venezuela to Caribbean,0,0,0,0,3.3688721820587686,27,110,2.875,3.332204510175204
2023-03-01,2023-03,2023,3,31,31,False,False,Venezuela to Caribbean,0,0,0,0,3.3688721820587686,27,111,2.9583333333333335,3.4339872044851463
2023-04-01,2023-04,2023,4,30,30,False,False,Venezuela to Caribbean,0,0,0,0,3.3688721820587686,27,112,3.0416666666666665,3.4011973816621555
2023-05-01,2023-05,2023,5,31,31,False,False,Venezuela to Caribbean,0,0,0,0,3.3688721820587686,27,113,3.125,3.4339872044851463
2023-06-01,2023-06,2023,6,30,30,False,False,Venezuela to Caribbean,0,0,0,0,3.3688721820587686,27,114,3.2083333333333335,3.4011973816621555
2023-07-01,2023-07,2023,7,31,31,False,False,Venezuela to Caribbean,0,0,0,0,3.3688721820587686,27,115,3.2916666666666665,3.4339872044851463
2023-08-01,2023-08,2023,8,31,31,False,False,Venezuela to Caribbean,0,0,0,0,3.3688721820587686,27,116,3.375,3.4339872044851463
2023-09-01,2023-09,2023,9,30,30,False,False,Venezuela to Caribbean,0,0,0,0,3.3688721820587686,27,117,3.4583333333333335,3.4011973816621555
2023-10-01,2023-10,2023,10,31,31,False,False,Venezuela to Caribbean,0,0,0,0,3.3688721820587686,27,118,3.5416666666666665,3.4339872044851463
2023-11-01,2023-11,2023,11,30,30,False,False,Venezuela to Caribbean,0,0,0,0,3.3688721820587686,27,119,3.625,3.4011973816621555
2023-12-01,2023-12,2023,12,31,31,False,False,Venezuela to Caribbean,0,0,0,0,3.3688721820587686,27,120,3.7083333333333335,3.4339872044851463
2024-01-01,2024-01,2024,1,31,31,False,False,Venezuela to Caribbean,0,0,0,0,3.3688721820587686,27,121,3.7916666666666665,3.4339872044851463
2024-02-01,2024-02,2024,2,29,29,False,False,Venezuela to Caribbean,0,0,0,0,3.3688721820587686,27,122,3.875,3.367295829986474
2024-03-01,2024-03,2024,3,31,31,False,False,Venezuela to Caribbean,0,0,0,0,3.3688721820587686,27,123,3.9583333333333335,3.4339872044851463
2024-04-01,2024-04,2024,4,30,30,False,False,Venezuela to Caribbean,0,0,0,0,3.3688721820587686,27,124,4.041666666666667,3.4011973816621555
2024-05-01,2024-05,2024,5,31,31,False,False,Venezuela to Caribbean,0,0,0,0,3.3688721820587686,27,125,4.125,3.4339872044851463
2024-06-01,2024-06,2024,6,30,30,False,False,Venezuela to Caribbean,0,0,0,0,3.3688721820587686,27,126,4.208333333333333,3.4011973816621555
2024-07-01,2024-07,2024,7,31,31,False,False,Venezuela to Caribbean,0,0,0,0,3.3688721820587686,27,127,4.291666666666667,3.4339872044851463
2024-08-01,2024-08,2024,8,31,31,False,False,Venezuela to Caribbean,0,0,0,0,3.3688721820587686,27,128,4.375,3.4339872044851463
2024-09-01,2024-09,2024,9,30,30,False,False,Venezuela to Caribbean,0,0,0,0,3.3688721820587686,27,129,4.458333333333333,3.4011973816621555
2024-10-01,2024-10,2024,10,31,31,False,False,Venezuela to Caribbean,0,0,0,0,3.3688721820587686,27,130,4.541666666666667,3.4339872044851463
2024-11-01,2024-11,2024,11,30,30,False,False,Venezuela to Caribbean,0,0,0,0,3.3688721820587686,27,131,4.625,3.4011973816621555
2024-12-01,2024-12,2024,12,31,31,False,False,Venezuela to Caribbean,0,0,0,0,3.3688721820587686,27,132,4.708333333333333,3.4339872044851463
2025-01-01,2025-01,2025,1,31,31,False,False,Venezuela to Caribbean,0,0,0,0,3.3688721820587686,27,133,4.791666666666667,3.4339872044851463
2025-02-01,2025-02,2025,2,28,28,False,False,Venezuela to Caribbean,7,1,7,0,3.0,27,134,4.875,3.332204510175204
2025-03-01,2025-03,2025,3,31,31,False,False,Venezuela to Caribbean,0,0,0,0,3.3688721820587686,27,135,4.958333333333333,3.4339872044851463
2025-04-01,2025-04,2025,4,30,30,False,False,Venezuela to Caribbean,0,0,0,0,3.3688721820587686,27,136,5.041666666666667,3.4011973816621555
2025-05-01,2025-05,2025,5,31,31,False,False,Venezuela to Caribbean,0,0,0,0,3.3688721820587686,27,137,5.125,3.4339872044851463
2025-06-01,2025-06,2025,6,30,30,False,False,Venezuela to Caribbean,0,0,0,0,3.3688721820587686,27,138,5.208333333333333,3.4011973816621555
2025-07-01,2025-07,2025,7,31,31,False,False,Venezuela to Caribbean,0,0,0,0,3.3688721820587686,27,139,5.291666666666667,3.4339872044851463
2025-08-01,2025-08,2025,8,31,31,False,False,Venezuela to Caribbean,0,0,0,0,3.3688721820587686,27,140,5.375,3.4339872044851463
2025-09-01,2025-09,2025,9,30,30,False,False,Venezuela to Caribbean,0,0,0,0,3.3688721820587686,27,141,5.458333333333333,3.4011973816621555
2025-10-01,2025-10,2025,10,31,31,False,False,Venezuela to Caribbean,0,0,0,0,3.3688721820587686,27,142,5.541666666666667,3.4339872044851463
2025-11-01,2025-11,2025,11,30,30,False,False,Venezuela to Caribbean,0,0,0,0,3.3688721820587686,27,143,5.625,3.4011973816621555
2025-12-01,2025-12,2025,12,31,31,False,False,Venezuela to Caribbean,0,0,0,0,3.3688721820587686,27,144,5.708333333333333,3.4339872044851463
2026-01-01,2026-01,2026,1,31,31,False,True,Venezuela to Caribbean,0,0,0,0,3.3688721820587686,27,145,5.791666666666667,3.4339872044851463
2026-02-01,2026-02,2026,2,28,28,False,True,Venezuela to Caribbean,0,0,0,0,3.3688721820587686,27,146,5.875,3.332204510175204
2026-03-01,2026-03,2026,3,31,31,False,True,Venezuela to Caribbean,0,0,0,0,3.3688721820587686,27,147,5.958333333333333,3.4339872044851463
2026-04-01,2026-04,2026,4,30,30,False,True,Venezuela to Caribbean,0,0,0,0,3.3688721820587686,27,148,6.041666666666667,3.4011973816621555
2026-05-01,2026-05,2026,5,31,31,False,True,Venezuela to Caribbean,0,0,0,0,3.3688721820587686,27,149,6.125,3.4339872044851463
2026-06-01,2026-06,2026,6,16,30,True,True,Venezuela to Caribbean,0,0,0,0,3.3688721820587686,27,150,6.208333333333333,2.772588722239781
2014-01-01,2014-01,2014,1,31,31,False,False,Western Africa / Atlantic route to the Canary Islands,0,0,0,0,3.3688721820587686,28,1,-6.208333333333333,3.4339872044851463
2014-02-01,2014-02,2014,2,28,28,False,False,Western Africa / Atlantic route to the Canary Islands,0,0,0,0,3.3688721820587686,28,2,-6.125,3.332204510175204
2014-03-01,2014-03,2014,3,31,31,False,False,Western Africa / Atlantic route to the Canary Islands,0,0,0,0,3.3688721820587686,28,3,-6.041666666666667,3.4339872044851463
2014-04-01,2014-04,2014,4,30,30,False,False,Western Africa / Atlantic route to the Canary Islands,0,0,0,0,3.3688721820587686,28,4,-5.958333333333333,3.4011973816621555
2014-05-01,2014-05,2014,5,31,31,False,False,Western Africa / Atlantic route to the Canary Islands,0,0,0,0,3.3688721820587686,28,5,-5.875,3.4339872044851463
2014-06-01,2014-06,2014,6,30,30,False,False,Western Africa / Atlantic route to the Canary Islands,29,1,29,0,1.0,28,6,-5.791666666666667,3.4011973816621555
2014-07-01,2014-07,2014,7,31,31,False,False,Western Africa / Atlantic route to the Canary Islands,0,0,0,0,3.3688721820587686,28,7,-5.708333333333333,3.4339872044851463
2014-08-01,2014-08,2014,8,31,31,False,False,Western Africa / Atlantic route to the Canary Islands,0,0,0,0,3.3688721820587686,28,8,-5.625,3.4339872044851463
2014-09-01,2014-09,2014,9,30,30,False,False,Western Africa / Atlantic route to the Canary Islands,0,0,0,0,3.3688721820587686,28,9,-5.541666666666667,3.4011973816621555
2014-10-01,2014-10,2014,10,31,31,False,False,Western Africa / Atlantic route to the Canary Islands,0,0,0,0,3.3688721820587686,28,10,-5.458333333333333,3.4339872044851463
2014-11-01,2014-11,2014,11,30,30,False,False,Western Africa / Atlantic route to the Canary Islands,0,0,0,0,3.3688721820587686,28,11,-5.375,3.4011973816621555
2014-12-01,2014-12,2014,12,31,31,False,False,Western Africa / Atlantic route to the Canary Islands,0,0,0,0,3.3688721820587686,28,12,-5.291666666666667,3.4339872044851463
2015-01-01,2015-01,2015,1,31,31,False,False,Western Africa / Atlantic route to the Canary Islands,0,0,0,0,3.3688721820587686,28,13,-5.208333333333333,3.4339872044851463
2015-02-01,2015-02,2015,2,28,28,False,False,Western Africa / Atlantic route to the Canary Islands,0,0,0,0,3.3688721820587686,28,14,-5.125,3.332204510175204
2015-03-01,2015-03,2015,3,31,31,False,False,Western Africa / Atlantic route to the Canary Islands,41,3,25,0,1.6666666666666667,28,15,-5.041666666666667,3.4339872044851463
2015-04-01,2015-04,2015,4,30,30,False,False,Western Africa / Atlantic route to the Canary Islands,0,0,0,0,3.3688721820587686,28,16,-4.958333333333333,3.4011973816621555
2015-05-01,2015-05,2015,5,31,31,False,False,Western Africa / Atlantic route to the Canary Islands,0,0,0,0,3.3688721820587686,28,17,-4.875,3.4339872044851463
2015-06-01,2015-06,2015,6,30,30,False,False,Western Africa / Atlantic route to the Canary Islands,0,0,0,0,3.3688721820587686,28,18,-4.791666666666667,3.4011973816621555
2015-07-01,2015-07,2015,7,31,31,False,False,Western Africa / Atlantic route to the Canary Islands,0,0,0,0,3.3688721820587686,28,19,-4.708333333333333,3.4339872044851463
2015-08-01,2015-08,2015,8,31,31,False,False,Western Africa / Atlantic route to the Canary Islands,0,0,0,0,3.3688721820587686,28,20,-4.625,3.4339872044851463
2015-09-01,2015-09,2015,9,30,30,False,False,Western Africa / Atlantic route to the Canary Islands,0,0,0,0,3.3688721820587686,28,21,-4.541666666666667,3.4011973816621555
2015-10-01,2015-10,2015,10,31,31,False,False,Western Africa / Atlantic route to the Canary Islands,0,0,0,0,3.3688721820587686,28,22,-4.458333333333333,3.4339872044851463
2015-11-01,2015-11,2015,11,30,30,False,False,Western Africa / Atlantic route to the Canary Islands,3,1,3,0,3.0,28,23,-4.375,3.4011973816621555
2015-12-01,2015-12,2015,12,31,31,False,False,Western Africa / Atlantic route to the Canary Islands,38,1,38,0,3.0,28,24,-4.291666666666667,3.4339872044851463
2016-01-01,2016-01,2016,1,31,31,False,False,Western Africa / Atlantic route to the Canary Islands,0,0,0,0,3.3688721820587686,28,25,-4.208333333333333,3.4339872044851463
2016-02-01,2016-02,2016,2,29,29,False,False,Western Africa / Atlantic route to the Canary Islands,35,2,28,0,2.0,28,26,-4.125,3.367295829986474
2016-03-01,2016-03,2016,3,31,31,False,False,Western Africa / Atlantic route to the Canary Islands,0,0,0,0,3.3688721820587686,28,27,-4.041666666666667,3.4339872044851463
2016-04-01,2016-04,2016,4,30,30,False,False,Western Africa / Atlantic route to the Canary Islands,0,0,0,0,3.3688721820587686,28,28,-3.9583333333333335,3.4011973816621555
2016-05-01,2016-05,2016,5,31,31,False,False,Western Africa / Atlantic route to the Canary Islands,77,2,57,0,3.0,28,29,-3.875,3.4339872044851463
2016-06-01,2016-06,2016,6,30,30,False,False,Western Africa / Atlantic route to the Canary Islands,0,0,0,0,3.3688721820587686,28,30,-3.7916666666666665,3.4011973816621555
2016-07-01,2016-07,2016,7,31,31,False,False,Western Africa / Atlantic route to the Canary Islands,0,0,0,0,3.3688721820587686,28,31,-3.7083333333333335,3.4339872044851463
2016-08-01,2016-08,2016,8,31,31,False,False,Western Africa / Atlantic route to the Canary Islands,0,0,0,0,3.3688721820587686,28,32,-3.625,3.4339872044851463
2016-09-01,2016-09,2016,9,30,30,False,False,Western Africa / Atlantic route to the Canary Islands,0,0,0,0,3.3688721820587686,28,33,-3.5416666666666665,3.4011973816621555
2016-10-01,2016-10,2016,10,31,31,False,False,Western Africa / Atlantic route to the Canary Islands,0,0,0,0,3.3688721820587686,28,34,-3.4583333333333335,3.4339872044851463
2016-11-01,2016-11,2016,11,30,30,False,False,Western Africa / Atlantic route to the Canary Islands,0,0,0,0,3.3688721820587686,28,35,-3.375,3.4011973816621555
2016-12-01,2016-12,2016,12,31,31,False,False,Western Africa / Atlantic route to the Canary Islands,0,0,0,0,3.3688721820587686,28,36,-3.2916666666666665,3.4339872044851463
2017-01-01,2017-01,2017,1,31,31,False,False,Western Africa / Atlantic route to the Canary Islands,0,0,0,0,3.3688721820587686,28,37,-3.2083333333333335,3.4339872044851463
2017-02-01,2017-02,2017,2,28,28,False,False,Western Africa / Atlantic route to the Canary Islands,0,0,0,0,3.3688721820587686,28,38,-3.125,3.332204510175204
2017-03-01,2017-03,2017,3,31,31,False,False,Western Africa / Atlantic route to the Canary Islands,0,0,0,0,3.3688721820587686,28,39,-3.0416666666666665,3.4339872044851463
2017-04-01,2017-04,2017,4,30,30,False,False,Western Africa / Atlantic route to the Canary Islands,0,0,0,0,3.3688721820587686,28,40,-2.9583333333333335,3.4011973816621555
2017-05-01,2017-05,2017,5,31,31,False,False,Western Africa / Atlantic route to the Canary Islands,0,0,0,0,3.3688721820587686,28,41,-2.875,3.4339872044851463
2017-06-01,2017-06,2017,6,30,30,False,False,Western Africa / Atlantic route to the Canary Islands,0,0,0,0,3.3688721820587686,28,42,-2.7916666666666665,3.4011973816621555
2017-07-01,2017-07,2017,7,31,31,False,False,Western Africa / Atlantic route to the Canary Islands,0,0,0,0,3.3688721820587686,28,43,-2.7083333333333335,3.4339872044851463
2017-08-01,2017-08,2017,8,31,31,False,False,Western Africa / Atlantic route to the Canary Islands,0,0,0,0,3.3688721820587686,28,44,-2.625,3.4339872044851463
2017-09-01,2017-09,2017,9,30,30,False,False,Western Africa / Atlantic route to the Canary Islands,0,0,0,0,3.3688721820587686,28,45,-2.5416666666666665,3.4011973816621555
2017-10-01,2017-10,2017,10,31,31,False,False,Western Africa / Atlantic route to the Canary Islands,1,1,1,0,1.0,28,46,-2.4583333333333335,3.4339872044851463
2017-11-01,2017-11,2017,11,30,30,False,False,Western Africa / Atlantic route to the Canary Islands,0,0,0,0,3.3688721820587686,28,47,-2.375,3.4011973816621555
2017-12-01,2017-12,2017,12,31,31,False,False,Western Africa / Atlantic route to the Canary Islands,0,0,0,0,3.3688721820587686,28,48,-2.2916666666666665,3.4339872044851463
2018-01-01,2018-01,2018,1,31,31,False,False,Western Africa / Atlantic route to the Canary Islands,7,1,7,0,5.0,28,49,-2.2083333333333335,3.4339872044851463
2018-02-01,2018-02,2018,2,28,28,False,False,Western Africa / Atlantic route to the Canary Islands,0,0,0,0,3.3688721820587686,28,50,-2.125,3.332204510175204
2018-03-01,2018-03,2018,3,31,31,False,False,Western Africa / Atlantic route to the Canary Islands,1,1,1,0,3.0,28,51,-2.0416666666666665,3.4339872044851463
2018-04-01,2018-04,2018,4,30,30,False,False,Western Africa / Atlantic route to the Canary Islands,6,1,6,0,1.0,28,52,-1.9583333333333333,3.4011973816621555
2018-05-01,2018-05,2018,5,31,31,False,False,Western Africa / Atlantic route to the Canary Islands,0,0,0,0,3.3688721820587686,28,53,-1.875,3.4339872044851463
2018-06-01,2018-06,2018,6,30,30,False,False,Western Africa / Atlantic route to the Canary Islands,0,0,0,0,3.3688721820587686,28,54,-1.7916666666666667,3.4011973816621555
2018-07-01,2018-07,2018,7,31,31,False,False,Western Africa / Atlantic route to the Canary Islands,0,0,0,0,3.3688721820587686,28,55,-1.7083333333333333,3.4339872044851463
2018-08-01,2018-08,2018,8,31,31,False,False,Western Africa / Atlantic route to the Canary Islands,0,0,0,0,3.3688721820587686,28,56,-1.625,3.4339872044851463
2018-09-01,2018-09,2018,9,30,30,False,False,Western Africa / Atlantic route to the Canary Islands,0,0,0,0,3.3688721820587686,28,57,-1.5416666666666667,3.4011973816621555
2018-10-01,2018-10,2018,10,31,31,False,False,Western Africa / Atlantic route to the Canary Islands,0,0,0,0,3.3688721820587686,28,58,-1.4583333333333333,3.4339872044851463
2018-11-01,2018-11,2018,11,30,30,False,False,Western Africa / Atlantic route to the Canary Islands,22,1,22,0,3.0,28,59,-1.375,3.4011973816621555
2018-12-01,2018-12,2018,12,31,31,False,False,Western Africa / Atlantic route to the Canary Islands,0,0,0,0,3.3688721820587686,28,60,-1.2916666666666667,3.4339872044851463
2019-01-01,2019-01,2019,1,31,31,False,False,Western Africa / Atlantic route to the Canary Islands,0,0,0,0,3.3688721820587686,28,61,-1.2083333333333333,3.4339872044851463
2019-02-01,2019-02,2019,2,28,28,False,False,Western Africa / Atlantic route to the Canary Islands,0,0,0,0,3.3688721820587686,28,62,-1.125,3.332204510175204
2019-03-01,2019-03,2019,3,31,31,False,False,Western Africa / Atlantic route to the Canary Islands,19,1,19,0,3.0,28,63,-1.0416666666666667,3.4339872044851463
2019-04-01,2019-04,2019,4,30,30,False,False,Western Africa / Atlantic route to the Canary Islands,0,0,0,0,3.3688721820587686,28,64,-0.9583333333333334,3.4011973816621555
2019-05-01,2019-05,2019,5,31,31,False,False,Western Africa / Atlantic route to the Canary Islands,4,2,3,0,3.0,28,65,-0.875,3.4339872044851463
2019-06-01,2019-06,2019,6,30,30,False,False,Western Africa / Atlantic route to the Canary Islands,36,3,25,0,3.6666666666666665,28,66,-0.7916666666666666,3.4011973816621555
2019-07-01,2019-07,2019,7,31,31,False,False,Western Africa / Atlantic route to the Canary Islands,0,0,0,0,3.3688721820587686,28,67,-0.7083333333333334,3.4339872044851463
2019-08-01,2019-08,2019,8,31,31,False,False,Western Africa / Atlantic route to the Canary Islands,0,0,0,0,3.3688721820587686,28,68,-0.625,3.4339872044851463
2019-09-01,2019-09,2019,9,30,30,False,False,Western Africa / Atlantic route to the Canary Islands,0,0,0,0,3.3688721820587686,28,69,-0.5416666666666666,3.4011973816621555
2019-10-01,2019-10,2019,10,31,31,False,False,Western Africa / Atlantic route to the Canary Islands,7,2,5,0,3.5,28,70,-0.4583333333333333,3.4339872044851463
2019-11-01,2019-11,2019,11,30,30,False,False,Western Africa / Atlantic route to the Canary Islands,11,1,11,0,4.0,28,71,-0.375,3.4011973816621555
2019-12-01,2019-12,2019,12,31,31,False,False,Western Africa / Atlantic route to the Canary Islands,102,2,62,0,4.5,28,72,-0.2916666666666667,3.4339872044851463
2020-01-01,2020-01,2020,1,31,31,False,False,Western Africa / Atlantic route to the Canary Islands,2,2,1,0,4.0,28,73,-0.20833333333333334,3.4339872044851463
2020-02-01,2020-02,2020,2,29,29,False,False,Western Africa / Atlantic route to the Canary Islands,26,4,14,0,3.25,28,74,-0.125,3.367295829986474
2020-03-01,2020-03,2020,3,31,31,False,False,Western Africa / Atlantic route to the Canary Islands,48,2,26,0,3.5,28,75,-0.041666666666666664,3.4339872044851463
2020-04-01,2020-04,2020,4,30,30,False,False,Western Africa / Atlantic route to the Canary Islands,0,0,0,0,3.3688721820587686,28,76,0.041666666666666664,3.4011973816621555
2020-05-01,2020-05,2020,5,31,31,False,False,Western Africa / Atlantic route to the Canary Islands,0,0,0,0,3.3688721820587686,28,77,0.125,3.4339872044851463
2020-06-01,2020-06,2020,6,30,30,False,False,Western Africa / Atlantic route to the Canary Islands,0,0,0,0,3.3688721820587686,28,78,0.20833333333333334,3.4011973816621555
2020-07-01,2020-07,2020,7,31,31,False,False,Western Africa / Atlantic route to the Canary Islands,113,3,63,0,3.0,28,79,0.2916666666666667,3.4339872044851463
2020-08-01,2020-08,2020,8,31,31,False,False,Western Africa / Atlantic route to the Canary Islands,89,5,39,0,3.4,28,80,0.375,3.4339872044851463
2020-09-01,2020-09,2020,9,30,30,False,False,Western Africa / Atlantic route to the Canary Islands,85,3,59,0,3.6666666666666665,28,81,0.4583333333333333,3.4011973816621555
2020-10-01,2020-10,2020,10,31,31,False,False,Western Africa / Atlantic route to the Canary Islands,309,17,141,1,3.4705882352941178,28,82,0.5416666666666666,3.4339872044851463
2020-11-01,2020-11,2020,11,30,30,False,False,Western Africa / Atlantic route to the Canary Islands,76,13,35,0,2.769230769230769,28,83,0.625,3.4011973816621555
2020-12-01,2020-12,2020,12,31,31,False,False,Western Africa / Atlantic route to the Canary Islands,63,5,32,0,3.4,28,84,0.7083333333333334,3.4339872044851463
2021-01-01,2021-01,2021,1,31,31,False,False,Western Africa / Atlantic route to the Canary Islands,22,7,12,0,2.857142857142857,28,85,0.7916666666666666,3.4339872044851463
2021-02-01,2021-02,2021,2,28,28,False,False,Western Africa / Atlantic route to the Canary Islands,0,0,0,0,3.3688721820587686,28,86,0.875,3.332204510175204
2021-03-01,2021-03,2021,3,31,31,False,False,Western Africa / Atlantic route to the Canary Islands,23,7,9,0,3.5714285714285716,28,87,0.9583333333333334,3.4339872044851463
2021-04-01,2021-04,2021,4,30,30,False,False,Western Africa / Atlantic route to the Canary Islands,87,5,56,0,3.2,28,88,1.0416666666666667,3.4011973816621555
2021-05-01,2021-05,2021,5,31,31,False,False,Western Africa / Atlantic route to the Canary Islands,38,3,36,0,3.3333333333333335,28,89,1.125,3.4339872044851463
2021-06-01,2021-06,2021,6,30,30,False,False,Western Africa / Atlantic route to the Canary Islands,341,13,71,0,3.5384615384615383,28,90,1.2083333333333333,3.4011973816621555
2021-07-01,2021-07,2021,7,31,31,False,False,Western Africa / Atlantic route to the Canary Islands,18,3,16,0,3.6666666666666665,28,91,1.2916666666666667,3.4339872044851463
2021-08-01,2021-08,2021,8,31,31,False,False,Western Africa / Atlantic route to the Canary Islands,247,10,52,0,3.5,28,92,1.375,3.4339872044851463
2021-09-01,2021-09,2021,9,30,30,False,False,Western Africa / Atlantic route to the Canary Islands,87,2,57,0,4.0,28,93,1.4583333333333333,3.4011973816621555
2021-10-01,2021-10,2021,10,31,31,False,False,Western Africa / Atlantic route to the Canary Islands,22,5,10,0,3.8,28,94,1.5416666666666667,3.4339872044851463
2021-11-01,2021-11,2021,11,30,30,False,False,Western Africa / Atlantic route to the Canary Islands,31,9,14,0,3.7777777777777777,28,95,1.625,3.4011973816621555
2021-12-01,2021-12,2021,12,31,31,False,False,Western Africa / Atlantic route to the Canary Islands,98,9,29,0,3.4444444444444446,28,96,1.7083333333333333,3.4339872044851463
2022-01-01,2022-01,2022,1,31,31,False,False,Western Africa / Atlantic route to the Canary Islands,65,5,43,0,3.8,28,97,1.7916666666666667,3.4339872044851463
2022-02-01,2022-02,2022,2,28,28,False,False,Western Africa / Atlantic route to the Canary Islands,37,4,17,0,3.75,28,98,1.875,3.332204510175204
2022-03-01,2022-03,2022,3,31,31,False,False,Western Africa / Atlantic route to the Canary Islands,72,3,44,0,3.3333333333333335,28,99,1.9583333333333333,3.4339872044851463
2022-04-01,2022-04,2022,4,30,30,False,False,Western Africa / Atlantic route to the Canary Islands,3,2,2,0,3.5,28,100,2.0416666666666665,3.4011973816621555
2022-05-01,2022-05,2022,5,31,31,False,False,Western Africa / Atlantic route to the Canary Islands,86,4,44,0,4.0,28,101,2.125,3.4339872044851463
2022-06-01,2022-06,2022,6,30,30,False,False,Western Africa / Atlantic route to the Canary Islands,15,1,15,0,3.0,28,102,2.2083333333333335,3.4011973816621555
2022-07-01,2022-07,2022,7,31,31,False,False,Western Africa / Atlantic route to the Canary Islands,10,2,8,0,4.0,28,103,2.2916666666666665,3.4339872044851463
2022-08-01,2022-08,2022,8,31,31,False,False,Western Africa / Atlantic route to the Canary Islands,7,4,3,0,4.5,28,104,2.375,3.4339872044851463
2022-09-01,2022-09,2022,9,30,30,False,False,Western Africa / Atlantic route to the Canary Islands,3,3,1,0,4.0,28,105,2.4583333333333335,3.4011973816621555
2022-10-01,2022-10,2022,10,31,31,False,False,Western Africa / Atlantic route to the Canary Islands,98,6,40,0,3.6666666666666665,28,106,2.5416666666666665,3.4339872044851463
2022-11-01,2022-11,2022,11,30,30,False,False,Western Africa / Atlantic route to the Canary Islands,5,1,5,0,3.0,28,107,2.625,3.4011973816621555
2022-12-01,2022-12,2022,12,31,31,False,False,Western Africa / Atlantic route to the Canary Islands,108,4,49,0,4.0,28,108,2.7083333333333335,3.4339872044851463
2023-01-01,2023-01,2023,1,31,31,False,False,Western Africa / Atlantic route to the Canary Islands,2,1,2,0,4.0,28,109,2.7916666666666665,3.4339872044851463
2023-02-01,2023-02,2023,2,28,28,False,False,Western Africa / Atlantic route to the Canary Islands,40,2,34,0,4.0,28,110,2.875,3.332204510175204
2023-03-01,2023-03,2023,3,31,31,False,False,Western Africa / Atlantic route to the Canary Islands,39,2,38,0,2.0,28,111,2.9583333333333335,3.4339872044851463
2023-04-01,2023-04,2023,4,30,30,False,False,Western Africa / Atlantic route to the Canary Islands,19,1,19,0,4.0,28,112,3.0416666666666665,3.4011973816621555
2023-05-01,2023-05,2023,5,31,31,False,False,Western Africa / Atlantic route to the Canary Islands,0,0,0,0,3.3688721820587686,28,113,3.125,3.4339872044851463
2023-06-01,2023-06,2023,6,30,30,False,False,Western Africa / Atlantic route to the Canary Islands,88,3,51,0,3.6666666666666665,28,114,3.2083333333333335,3.4011973816621555
2023-07-01,2023-07,2023,7,31,31,False,False,Western Africa / Atlantic route to the Canary Islands,147,7,53,0,4.285714285714286,28,115,3.2916666666666665,3.4339872044851463
2023-08-01,2023-08,2023,8,31,31,False,False,Western Africa / Atlantic route to the Canary Islands,75,4,63,0,3.5,28,116,3.375,3.4339872044851463
2023-09-01,2023-09,2023,9,30,30,False,False,Western Africa / Atlantic route to the Canary Islands,13,2,11,0,4.0,28,117,3.4583333333333335,3.4011973816621555
2023-10-01,2023-10,2023,10,31,31,False,False,Western Africa / Atlantic route to the Canary Islands,88,7,45,0,4.285714285714286,28,118,3.5416666666666665,3.4339872044851463
2023-11-01,2023-11,2023,11,30,30,False,False,Western Africa / Atlantic route to the Canary Islands,351,7,191,2,3.4285714285714284,28,119,3.625,3.4011973816621555
2023-12-01,2023-12,2023,12,31,31,False,False,Western Africa / Atlantic route to the Canary Islands,51,3,35,0,4.0,28,120,3.7083333333333335,3.4339872044851463
2024-01-01,2024-01,2024,1,31,31,False,False,Western Africa / Atlantic route to the Canary Islands,5,3,2,0,2.6666666666666665,28,121,3.7916666666666665,3.4339872044851463
2024-02-01,2024-02,2024,2,29,29,False,False,Western Africa / Atlantic route to the Canary Islands,29,3,26,0,3.6666666666666665,28,122,3.875,3.367295829986474
2024-03-01,2024-03,2024,3,31,31,False,False,Western Africa / Atlantic route to the Canary Islands,11,2,7,0,4.0,28,123,3.9583333333333335,3.4339872044851463
2024-04-01,2024-04,2024,4,30,30,False,False,Western Africa / Atlantic route to the Canary Islands,60,2,51,0,4.5,28,124,4.041666666666667,3.4011973816621555
2024-05-01,2024-05,2024,5,31,31,False,False,Western Africa / Atlantic route to the Canary Islands,60,5,26,0,3.0,28,125,4.125,3.4339872044851463
2024-06-01,2024-06,2024,6,30,30,False,False,Western Africa / Atlantic route to the Canary Islands,74,5,53,0,3.6,28,126,4.208333333333333,3.4011973816621555
2024-07-01,2024-07,2024,7,31,31,False,False,Western Africa / Atlantic route to the Canary Islands,167,6,161,1,3.5,28,127,4.291666666666667,3.4339872044851463
2024-08-01,2024-08,2024,8,31,31,False,False,Western Africa / Atlantic route to the Canary Islands,23,5,17,0,3.6,28,128,4.375,3.4339872044851463
2024-09-01,2024-09,2024,9,30,30,False,False,Western Africa / Atlantic route to the Canary Islands,186,5,58,0,4.0,28,129,4.458333333333333,3.4011973816621555
2024-10-01,2024-10,2024,10,31,31,False,False,Western Africa / Atlantic route to the Canary Islands,30,3,28,0,4.0,28,130,4.541666666666667,3.4339872044851463
2024-11-01,2024-11,2024,11,30,30,False,False,Western Africa / Atlantic route to the Canary Islands,133,8,71,0,3.125,28,131,4.625,3.4011973816621555
2024-12-01,2024-12,2024,12,31,31,False,False,Western Africa / Atlantic route to the Canary Islands,9,4,6,0,3.5,28,132,4.708333333333333,3.4339872044851463
2025-01-01,2025-01,2025,1,31,31,False,False,Western Africa / Atlantic route to the Canary Islands,45,5,21,0,3.8,28,133,4.791666666666667,3.4339872044851463
2025-02-01,2025-02,2025,2,28,28,False,False,Western Africa / Atlantic route to the Canary Islands,63,2,60,0,4.5,28,134,4.875,3.332204510175204
2025-03-01,2025-03,2025,3,31,31,False,False,Western Africa / Atlantic route to the Canary Islands,141,5,70,0,3.8,28,135,4.958333333333333,3.4339872044851463
2025-04-01,2025-04,2025,4,30,30,False,False,Western Africa / Atlantic route to the Canary Islands,0,0,0,0,3.3688721820587686,28,136,5.041666666666667,3.4011973816621555
2025-05-01,2025-05,2025,5,31,31,False,False,Western Africa / Atlantic route to the Canary Islands,11,1,11,0,5.0,28,137,5.125,3.4339872044851463
2025-06-01,2025-06,2025,6,30,30,False,False,Western Africa / Atlantic route to the Canary Islands,0,0,0,0,3.3688721820587686,28,138,5.208333333333333,3.4011973816621555
2025-07-01,2025-07,2025,7,31,31,False,False,Western Africa / Atlantic route to the Canary Islands,8,1,8,0,3.0,28,139,5.291666666666667,3.4339872044851463
2025-08-01,2025-08,2025,8,31,31,False,False,Western Africa / Atlantic route to the Canary Islands,135,2,134,1,5.0,28,140,5.375,3.4339872044851463
2025-09-01,2025-09,2025,9,30,30,False,False,Western Africa / Atlantic route to the Canary Islands,43,1,43,0,4.0,28,141,5.458333333333333,3.4011973816621555
2025-10-01,2025-10,2025,10,31,31,False,False,Western Africa / Atlantic route to the Canary Islands,0,0,0,0,3.3688721820587686,28,142,5.541666666666667,3.4339872044851463
2025-11-01,2025-11,2025,11,30,30,False,False,Western Africa / Atlantic route to the Canary Islands,206,5,190,1,3.4,28,143,5.625,3.4011973816621555
2025-12-01,2025-12,2025,12,31,31,False,False,Western Africa / Atlantic route to the Canary Islands,263,3,217,1,4.0,28,144,5.708333333333333,3.4339872044851463
2026-01-01,2026-01,2026,1,31,31,False,True,Western Africa / Atlantic route to the Canary Islands,5,4,2,0,4.25,28,145,5.791666666666667,3.4339872044851463
2026-02-01,2026-02,2026,2,28,28,False,True,Western Africa / Atlantic route to the Canary Islands,0,0,0,0,3.3688721820587686,28,146,5.875,3.332204510175204
2026-03-01,2026-03,2026,3,31,31,False,True,Western Africa / Atlantic route to the Canary Islands,17,2,12,0,4.5,28,147,5.958333333333333,3.4339872044851463
2026-04-01,2026-04,2026,4,30,30,False,True,Western Africa / Atlantic route to the Canary Islands,1,1,1,0,3.0,28,148,6.041666666666667,3.4011973816621555
2026-05-01,2026-05,2026,5,31,31,False,True,Western Africa / Atlantic route to the Canary Islands,2,2,1,0,3.5,28,149,6.125,3.4339872044851463
2026-06-01,2026-06,2026,6,16,30,True,True,Western Africa / Atlantic route to the Canary Islands,1,1,1,0,5.0,28,150,6.208333333333333,2.772588722239781
2014-01-01,2014-01,2014,1,31,31,False,False,Western Balkans,0,0,0,0,3.3688721820587686,29,1,-6.208333333333333,3.4339872044851463
2014-02-01,2014-02,2014,2,28,28,False,False,Western Balkans,0,0,0,0,3.3688721820587686,29,2,-6.125,3.332204510175204
2014-03-01,2014-03,2014,3,31,31,False,False,Western Balkans,0,0,0,0,3.3688721820587686,29,3,-6.041666666666667,3.4339872044851463
2014-04-01,2014-04,2014,4,30,30,False,False,Western Balkans,0,0,0,0,3.3688721820587686,29,4,-5.958333333333333,3.4011973816621555
2014-05-01,2014-05,2014,5,31,31,False,False,Western Balkans,0,0,0,0,3.3688721820587686,29,5,-5.875,3.4339872044851463
2014-06-01,2014-06,2014,6,30,30,False,False,Western Balkans,0,0,0,0,3.3688721820587686,29,6,-5.791666666666667,3.4011973816621555
2014-07-01,2014-07,2014,7,31,31,False,False,Western Balkans,0,0,0,0,3.3688721820587686,29,7,-5.708333333333333,3.4339872044851463
2014-08-01,2014-08,2014,8,31,31,False,False,Western Balkans,0,0,0,0,3.3688721820587686,29,8,-5.625,3.4339872044851463
2014-09-01,2014-09,2014,9,30,30,False,False,Western Balkans,0,0,0,0,3.3688721820587686,29,9,-5.541666666666667,3.4011973816621555
2014-10-01,2014-10,2014,10,31,31,False,False,Western Balkans,0,0,0,0,3.3688721820587686,29,10,-5.458333333333333,3.4339872044851463
2014-11-01,2014-11,2014,11,30,30,False,False,Western Balkans,4,1,4,0,1.0,29,11,-5.375,3.4011973816621555
2014-12-01,2014-12,2014,12,31,31,False,False,Western Balkans,0,0,0,0,3.3688721820587686,29,12,-5.291666666666667,3.4339872044851463
2015-01-01,2015-01,2015,1,31,31,False,False,Western Balkans,1,1,1,0,4.0,29,13,-5.208333333333333,3.4339872044851463
2015-02-01,2015-02,2015,2,28,28,False,False,Western Balkans,0,0,0,0,3.3688721820587686,29,14,-5.125,3.332204510175204
2015-03-01,2015-03,2015,3,31,31,False,False,Western Balkans,0,0,0,0,3.3688721820587686,29,15,-5.041666666666667,3.4339872044851463
2015-04-01,2015-04,2015,4,30,30,False,False,Western Balkans,15,2,14,0,1.0,29,16,-4.958333333333333,3.4011973816621555
2015-05-01,2015-05,2015,5,31,31,False,False,Western Balkans,0,0,0,0,3.3688721820587686,29,17,-4.875,3.4339872044851463
2015-06-01,2015-06,2015,6,30,30,False,False,Western Balkans,0,0,0,0,3.3688721820587686,29,18,-4.791666666666667,3.4011973816621555
2015-07-01,2015-07,2015,7,31,31,False,False,Western Balkans,1,1,1,0,1.0,29,19,-4.708333333333333,3.4339872044851463
2015-08-01,2015-08,2015,8,31,31,False,False,Western Balkans,0,0,0,0,3.3688721820587686,29,20,-4.625,3.4339872044851463
2015-09-01,2015-09,2015,9,30,30,False,False,Western Balkans,4,4,1,0,1.0,29,21,-4.541666666666667,3.4011973816621555
2015-10-01,2015-10,2015,10,31,31,False,False,Western Balkans,4,4,1,0,1.75,29,22,-4.458333333333333,3.4339872044851463
2015-11-01,2015-11,2015,11,30,30,False,False,Western Balkans,3,2,2,0,3.0,29,23,-4.375,3.4011973816621555
2015-12-01,2015-12,2015,12,31,31,False,False,Western Balkans,1,1,1,0,4.0,29,24,-4.291666666666667,3.4339872044851463
2016-01-01,2016-01,2016,1,31,31,False,False,Western Balkans,3,3,1,0,3.6666666666666665,29,25,-4.208333333333333,3.4339872044851463
2016-02-01,2016-02,2016,2,29,29,False,False,Western Balkans,3,2,2,0,3.0,29,26,-4.125,3.367295829986474
2016-03-01,2016-03,2016,3,31,31,False,False,Western Balkans,5,2,3,0,2.0,29,27,-4.041666666666667,3.4339872044851463
2016-04-01,2016-04,2016,4,30,30,False,False,Western Balkans,0,0,0,0,3.3688721820587686,29,28,-3.9583333333333335,3.4011973816621555
2016-05-01,2016-05,2016,5,31,31,False,False,Western Balkans,0,0,0,0,3.3688721820587686,29,29,-3.875,3.4339872044851463
2016-06-01,2016-06,2016,6,30,30,False,False,Western Balkans,1,1,1,0,1.0,29,30,-3.7916666666666665,3.4011973816621555
2016-07-01,2016-07,2016,7,31,31,False,False,Western Balkans,0,0,0,0,3.3688721820587686,29,31,-3.7083333333333335,3.4339872044851463
2016-08-01,2016-08,2016,8,31,31,False,False,Western Balkans,1,1,1,0,1.0,29,32,-3.625,3.4339872044851463
2016-09-01,2016-09,2016,9,30,30,False,False,Western Balkans,7,2,6,0,4.0,29,33,-3.5416666666666665,3.4011973816621555
2016-10-01,2016-10,2016,10,31,31,False,False,Western Balkans,1,1,1,0,4.0,29,34,-3.4583333333333335,3.4339872044851463
2016-11-01,2016-11,2016,11,30,30,False,False,Western Balkans,3,3,1,0,3.0,29,35,-3.375,3.4011973816621555
2016-12-01,2016-12,2016,12,31,31,False,False,Western Balkans,4,2,3,0,3.5,29,36,-3.2916666666666665,3.4339872044851463
2017-01-01,2017-01,2017,1,31,31,False,False,Western Balkans,5,4,2,0,2.75,29,37,-3.2083333333333335,3.4339872044851463
2017-02-01,2017-02,2017,2,28,28,False,False,Western Balkans,2,2,1,0,4.0,29,38,-3.125,3.332204510175204
2017-03-01,2017-03,2017,3,31,31,False,False,Western Balkans,0,0,0,0,3.3688721820587686,29,39,-3.0416666666666665,3.4339872044851463
2017-04-01,2017-04,2017,4,30,30,False,False,Western Balkans,1,1,1,0,1.0,29,40,-2.9583333333333335,3.4011973816621555
2017-05-01,2017-05,2017,5,31,31,False,False,Western Balkans,0,0,0,0,3.3688721820587686,29,41,-2.875,3.4339872044851463
2017-06-01,2017-06,2017,6,30,30,False,False,Western Balkans,1,1,1,0,4.0,29,42,-2.7916666666666665,3.4011973816621555
2017-07-01,2017-07,2017,7,31,31,False,False,Western Balkans,0,0,0,0,3.3688721820587686,29,43,-2.7083333333333335,3.4339872044851463
2017-08-01,2017-08,2017,8,31,31,False,False,Western Balkans,0,0,0,0,3.3688721820587686,29,44,-2.625,3.4339872044851463
2017-09-01,2017-09,2017,9,30,30,False,False,Western Balkans,1,1,1,0,3.0,29,45,-2.5416666666666665,3.4011973816621555
2017-10-01,2017-10,2017,10,31,31,False,False,Western Balkans,0,0,0,0,3.3688721820587686,29,46,-2.4583333333333335,3.4339872044851463
2017-11-01,2017-11,2017,11,30,30,False,False,Western Balkans,1,1,1,0,4.0,29,47,-2.375,3.4011973816621555
2017-12-01,2017-12,2017,12,31,31,False,False,Western Balkans,1,1,1,0,3.0,29,48,-2.2916666666666665,3.4339872044851463
2018-01-01,2018-01,2018,1,31,31,False,False,Western Balkans,3,3,1,0,3.6666666666666665,29,49,-2.2083333333333335,3.4339872044851463
2018-02-01,2018-02,2018,2,28,28,False,False,Western Balkans,0,0,0,0,3.3688721820587686,29,50,-2.125,3.332204510175204
2018-03-01,2018-03,2018,3,31,31,False,False,Western Balkans,2,1,2,0,3.0,29,51,-2.0416666666666665,3.4339872044851463
2018-04-01,2018-04,2018,4,30,30,False,False,Western Balkans,6,6,1,0,4.333333333333333,29,52,-1.9583333333333333,3.4011973816621555
2018-05-01,2018-05,2018,5,31,31,False,False,Western Balkans,3,3,1,0,4.0,29,53,-1.875,3.4339872044851463
2018-06-01,2018-06,2018,6,30,30,False,False,Western Balkans,7,5,2,0,3.6,29,54,-1.7916666666666667,3.4011973816621555
2018-07-01,2018-07,2018,7,31,31,False,False,Western Balkans,1,1,1,0,3.0,29,55,-1.7083333333333333,3.4339872044851463
2018-08-01,2018-08,2018,8,31,31,False,False,Western Balkans,4,2,2,0,3.0,29,56,-1.625,3.4339872044851463
2018-09-01,2018-09,2018,9,30,30,False,False,Western Balkans,0,0,0,0,3.3688721820587686,29,57,-1.5416666666666667,3.4011973816621555
2018-10-01,2018-10,2018,10,31,31,False,False,Western Balkans,12,2,11,0,4.5,29,58,-1.4583333333333333,3.4339872044851463
2018-11-01,2018-11,2018,11,30,30,False,False,Western Balkans,7,7,1,0,4.142857142857143,29,59,-1.375,3.4011973816621555
2018-12-01,2018-12,2018,12,31,31,False,False,Western Balkans,2,2,1,0,4.0,29,60,-1.2916666666666667,3.4339872044851463
2019-01-01,2019-01,2019,1,31,31,False,False,Western Balkans,0,0,0,0,3.3688721820587686,29,61,-1.2083333333333333,3.4339872044851463
2019-02-01,2019-02,2019,2,28,28,False,False,Western Balkans,5,4,2,0,3.25,29,62,-1.125,3.332204510175204
2019-03-01,2019-03,2019,3,31,31,False,False,Western Balkans,4,4,1,0,4.75,29,63,-1.0416666666666667,3.4339872044851463
2019-04-01,2019-04,2019,4,30,30,False,False,Western Balkans,0,0,0,0,3.3688721820587686,29,64,-0.9583333333333334,3.4011973816621555
2019-05-01,2019-05,2019,5,31,31,False,False,Western Balkans,4,2,3,0,4.5,29,65,-0.875,3.4339872044851463
2019-06-01,2019-06,2019,6,30,30,False,False,Western Balkans,4,4,1,0,3.75,29,66,-0.7916666666666666,3.4011973816621555
2019-07-01,2019-07,2019,7,31,31,False,False,Western Balkans,3,3,1,0,2.0,29,67,-0.7083333333333334,3.4339872044851463
2019-08-01,2019-08,2019,8,31,31,False,False,Western Balkans,4,4,1,0,4.0,29,68,-0.625,3.4339872044851463
2019-09-01,2019-09,2019,9,30,30,False,False,Western Balkans,3,3,1,0,2.0,29,69,-0.5416666666666666,3.4011973816621555
2019-10-01,2019-10,2019,10,31,31,False,False,Western Balkans,7,5,2,0,4.4,29,70,-0.4583333333333333,3.4339872044851463
2019-11-01,2019-11,2019,11,30,30,False,False,Western Balkans,12,5,4,0,3.8,29,71,-0.375,3.4011973816621555
2019-12-01,2019-12,2019,12,31,31,False,False,Western Balkans,14,6,6,0,4.5,29,72,-0.2916666666666667,3.4339872044851463
2020-01-01,2020-01,2020,1,31,31,False,False,Western Balkans,1,1,1,0,3.0,29,73,-0.20833333333333334,3.4339872044851463
2020-02-01,2020-02,2020,2,29,29,False,False,Western Balkans,1,1,1,0,5.0,29,74,-0.125,3.367295829986474
2020-03-01,2020-03,2020,3,31,31,False,False,Western Balkans,1,1,1,0,4.0,29,75,-0.041666666666666664,3.4339872044851463
2020-04-01,2020-04,2020,4,30,30,False,False,Western Balkans,0,0,0,0,3.3688721820587686,29,76,0.041666666666666664,3.4011973816621555
2020-05-01,2020-05,2020,5,31,31,False,False,Western Balkans,5,3,3,0,1.6666666666666667,29,77,0.125,3.4339872044851463
2020-06-01,2020-06,2020,6,30,30,False,False,Western Balkans,6,5,2,0,3.2,29,78,0.20833333333333334,3.4011973816621555
2020-07-01,2020-07,2020,7,31,31,False,False,Western Balkans,4,4,1,0,2.25,29,79,0.2916666666666667,3.4339872044851463
2020-08-01,2020-08,2020,8,31,31,False,False,Western Balkans,8,5,2,0,4.4,29,80,0.375,3.4339872044851463
2020-09-01,2020-09,2020,9,30,30,False,False,Western Balkans,3,2,2,0,3.0,29,81,0.4583333333333333,3.4011973816621555
2020-10-01,2020-10,2020,10,31,31,False,False,Western Balkans,0,0,0,0,3.3688721820587686,29,82,0.5416666666666666,3.4339872044851463
2020-11-01,2020-11,2020,11,30,30,False,False,Western Balkans,1,1,1,0,1.0,29,83,0.625,3.4011973816621555
2020-12-01,2020-12,2020,12,31,31,False,False,Western Balkans,1,1,1,0,4.0,29,84,0.7083333333333334,3.4339872044851463
2021-01-01,2021-01,2021,1,31,31,False,False,Western Balkans,0,0,0,0,3.3688721820587686,29,85,0.7916666666666666,3.4339872044851463
2021-02-01,2021-02,2021,2,28,28,False,False,Western Balkans,2,2,1,0,3.0,29,86,0.875,3.332204510175204
2021-03-01,2021-03,2021,3,31,31,False,False,Western Balkans,7,4,4,0,3.75,29,87,0.9583333333333334,3.4339872044851463
2021-04-01,2021-04,2021,4,30,30,False,False,Western Balkans,1,1,1,0,1.0,29,88,1.0416666666666667,3.4011973816621555
2021-05-01,2021-05,2021,5,31,31,False,False,Western Balkans,0,0,0,0,3.3688721820587686,29,89,1.125,3.4339872044851463
2021-06-01,2021-06,2021,6,30,30,False,False,Western Balkans,6,5,2,0,3.4,29,90,1.2083333333333333,3.4011973816621555
2021-07-01,2021-07,2021,7,31,31,False,False,Western Balkans,1,1,1,0,1.0,29,91,1.2916666666666667,3.4339872044851463
2021-08-01,2021-08,2021,8,31,31,False,False,Western Balkans,1,1,1,0,4.0,29,92,1.375,3.4339872044851463
2021-09-01,2021-09,2021,9,30,30,False,False,Western Balkans,5,5,1,0,4.4,29,93,1.4583333333333333,3.4011973816621555
2021-10-01,2021-10,2021,10,31,31,False,False,Western Balkans,1,1,1,0,4.0,29,94,1.5416666666666667,3.4339872044851463
2021-11-01,2021-11,2021,11,30,30,False,False,Western Balkans,5,3,3,0,4.666666666666667,29,95,1.625,3.4011973816621555
2021-12-01,2021-12,2021,12,31,31,False,False,Western Balkans,10,4,7,0,4.0,29,96,1.7083333333333333,3.4339872044851463
2022-01-01,2022-01,2022,1,31,31,False,False,Western Balkans,3,2,2,0,5.0,29,97,1.7916666666666667,3.4339872044851463
2022-02-01,2022-02,2022,2,28,28,False,False,Western Balkans,1,1,1,0,5.0,29,98,1.875,3.332204510175204
2022-03-01,2022-03,2022,3,31,31,False,False,Western Balkans,4,4,1,0,3.5,29,99,1.9583333333333333,3.4339872044851463
2022-04-01,2022-04,2022,4,30,30,False,False,Western Balkans,9,4,5,0,4.5,29,100,2.0416666666666665,3.4011973816621555
2022-05-01,2022-05,2022,5,31,31,False,False,Western Balkans,2,2,1,0,3.0,29,101,2.125,3.4339872044851463
2022-06-01,2022-06,2022,6,30,30,False,False,Western Balkans,3,2,2,0,3.5,29,102,2.2083333333333335,3.4011973816621555
2022-07-01,2022-07,2022,7,31,31,False,False,Western Balkans,3,3,1,0,5.0,29,103,2.2916666666666665,3.4339872044851463
2022-08-01,2022-08,2022,8,31,31,False,False,Western Balkans,3,3,1,0,3.3333333333333335,29,104,2.375,3.4339872044851463
2022-09-01,2022-09,2022,9,30,30,False,False,Western Balkans,4,1,4,0,3.0,29,105,2.4583333333333335,3.4011973816621555
2022-10-01,2022-10,2022,10,31,31,False,False,Western Balkans,0,0,0,0,3.3688721820587686,29,106,2.5416666666666665,3.4339872044851463
2022-11-01,2022-11,2022,11,30,30,False,False,Western Balkans,1,1,1,0,4.0,29,107,2.625,3.4011973816621555
2022-12-01,2022-12,2022,12,31,31,False,False,Western Balkans,6,2,5,0,4.0,29,108,2.7083333333333335,3.4339872044851463
2023-01-01,2023-01,2023,1,31,31,False,False,Western Balkans,1,1,1,0,4.0,29,109,2.7916666666666665,3.4339872044851463
2023-02-01,2023-02,2023,2,28,28,False,False,Western Balkans,21,3,18,0,4.333333333333333,29,110,2.875,3.332204510175204
2023-03-01,2023-03,2023,3,31,31,False,False,Western Balkans,3,3,1,0,2.6666666666666665,29,111,2.9583333333333335,3.4339872044851463
2023-04-01,2023-04,2023,4,30,30,False,False,Western Balkans,2,2,1,0,4.5,29,112,3.0416666666666665,3.4011973816621555
2023-05-01,2023-05,2023,5,31,31,False,False,Western Balkans,2,2,1,0,4.0,29,113,3.125,3.4339872044851463
2023-06-01,2023-06,2023,6,30,30,False,False,Western Balkans,1,1,1,0,4.0,29,114,3.2083333333333335,3.4011973816621555
2023-07-01,2023-07,2023,7,31,31,False,False,Western Balkans,0,0,0,0,3.3688721820587686,29,115,3.2916666666666665,3.4339872044851463
2023-08-01,2023-08,2023,8,31,31,False,False,Western Balkans,2,2,1,0,2.0,29,116,3.375,3.4339872044851463
2023-09-01,2023-09,2023,9,30,30,False,False,Western Balkans,1,1,1,0,3.0,29,117,3.4583333333333335,3.4011973816621555
2023-10-01,2023-10,2023,10,31,31,False,False,Western Balkans,6,3,3,0,4.0,29,118,3.5416666666666665,3.4339872044851463
2023-11-01,2023-11,2023,11,30,30,False,False,Western Balkans,6,6,1,0,4.333333333333333,29,119,3.625,3.4011973816621555
2023-12-01,2023-12,2023,12,31,31,False,False,Western Balkans,0,0,0,0,3.3688721820587686,29,120,3.7083333333333335,3.4339872044851463
2024-01-01,2024-01,2024,1,31,31,False,False,Western Balkans,2,2,1,0,4.0,29,121,3.7916666666666665,3.4339872044851463
2024-02-01,2024-02,2024,2,29,29,False,False,Western Balkans,3,1,3,0,4.0,29,122,3.875,3.367295829986474
2024-03-01,2024-03,2024,3,31,31,False,False,Western Balkans,1,1,1,0,5.0,29,123,3.9583333333333335,3.4339872044851463
2024-04-01,2024-04,2024,4,30,30,False,False,Western Balkans,8,2,7,0,3.0,29,124,4.041666666666667,3.4011973816621555
2024-05-01,2024-05,2024,5,31,31,False,False,Western Balkans,1,1,1,0,3.0,29,125,4.125,3.4339872044851463
2024-06-01,2024-06,2024,6,30,30,False,False,Western Balkans,0,0,0,0,3.3688721820587686,29,126,4.208333333333333,3.4011973816621555
2024-07-01,2024-07,2024,7,31,31,False,False,Western Balkans,0,0,0,0,3.3688721820587686,29,127,4.291666666666667,3.4339872044851463
2024-08-01,2024-08,2024,8,31,31,False,False,Western Balkans,2,2,1,0,4.0,29,128,4.375,3.4339872044851463
2024-09-01,2024-09,2024,9,30,30,False,False,Western Balkans,3,3,1,0,3.6666666666666665,29,129,4.458333333333333,3.4011973816621555
2024-10-01,2024-10,2024,10,31,31,False,False,Western Balkans,2,2,1,0,4.0,29,130,4.541666666666667,3.4339872044851463
2024-11-01,2024-11,2024,11,30,30,False,False,Western Balkans,2,2,1,0,4.5,29,131,4.625,3.4011973816621555
2024-12-01,2024-12,2024,12,31,31,False,False,Western Balkans,0,0,0,0,3.3688721820587686,29,132,4.708333333333333,3.4339872044851463
2025-01-01,2025-01,2025,1,31,31,False,False,Western Balkans,1,1,1,0,4.0,29,133,4.791666666666667,3.4339872044851463
2025-02-01,2025-02,2025,2,28,28,False,False,Western Balkans,0,0,0,0,3.3688721820587686,29,134,4.875,3.332204510175204
2025-03-01,2025-03,2025,3,31,31,False,False,Western Balkans,0,0,0,0,3.3688721820587686,29,135,4.958333333333333,3.4339872044851463
2025-04-01,2025-04,2025,4,30,30,False,False,Western Balkans,0,0,0,0,3.3688721820587686,29,136,5.041666666666667,3.4011973816621555
2025-05-01,2025-05,2025,5,31,31,False,False,Western Balkans,4,4,1,0,5.0,29,137,5.125,3.4339872044851463
2025-06-01,2025-06,2025,6,30,30,False,False,Western Balkans,2,2,1,0,4.0,29,138,5.208333333333333,3.4011973816621555
2025-07-01,2025-07,2025,7,31,31,False,False,Western Balkans,0,0,0,0,3.3688721820587686,29,139,5.291666666666667,3.4339872044851463
2025-08-01,2025-08,2025,8,31,31,False,False,Western Balkans,1,1,1,0,3.0,29,140,5.375,3.4339872044851463
2025-09-01,2025-09,2025,9,30,30,False,False,Western Balkans,1,1,1,0,4.0,29,141,5.458333333333333,3.4011973816621555
2025-10-01,2025-10,2025,10,31,31,False,False,Western Balkans,1,1,1,0,3.0,29,142,5.541666666666667,3.4339872044851463
2025-11-01,2025-11,2025,11,30,30,False,False,Western Balkans,7,2,6,0,4.0,29,143,5.625,3.4011973816621555
2025-12-01,2025-12,2025,12,31,31,False,False,Western Balkans,2,2,1,0,3.5,29,144,5.708333333333333,3.4339872044851463
2026-01-01,2026-01,2026,1,31,31,False,True,Western Balkans,0,0,0,0,3.3688721820587686,29,145,5.791666666666667,3.4339872044851463
2026-02-01,2026-02,2026,2,28,28,False,True,Western Balkans,6,2,3,0,3.0,29,146,5.875,3.332204510175204
2026-03-01,2026-03,2026,3,31,31,False,True,Western Balkans,0,0,0,0,3.3688721820587686,29,147,5.958333333333333,3.4339872044851463
2026-04-01,2026-04,2026,4,30,30,False,True,Western Balkans,1,1,1,0,3.0,29,148,6.041666666666667,3.4011973816621555
2026-05-01,2026-05,2026,5,31,31,False,True,Western Balkans,6,2,4,0,5.0,29,149,6.125,3.4339872044851463
2026-06-01,2026-06,2026,6,16,30,True,True,Western Balkans,0,0,0,0,3.3688721820587686,29,150,6.208333333333333,2.772588722239781
2014-01-01,2014-01,2014,1,31,31,False,False,Western Mediterranean,0,0,0,0,3.3688721820587686,30,1,-6.208333333333333,3.4339872044851463
2014-02-01,2014-02,2014,2,28,28,False,False,Western Mediterranean,15,1,15,0,1.0,30,2,-6.125,3.332204510175204
2014-03-01,2014-03,2014,3,31,31,False,False,Western Mediterranean,0,0,0,0,3.3688721820587686,30,3,-6.041666666666667,3.4339872044851463
2014-04-01,2014-04,2014,4,30,30,False,False,Western Mediterranean,0,0,0,0,3.3688721820587686,30,4,-5.958333333333333,3.4011973816621555
2014-05-01,2014-05,2014,5,31,31,False,False,Western Mediterranean,0,0,0,0,3.3688721820587686,30,5,-5.875,3.4339872044851463
2014-06-01,2014-06,2014,6,30,30,False,False,Western Mediterranean,4,1,4,0,1.0,30,6,-5.791666666666667,3.4011973816621555
2014-07-01,2014-07,2014,7,31,31,False,False,Western Mediterranean,0,0,0,0,3.3688721820587686,30,7,-5.708333333333333,3.4339872044851463
2014-08-01,2014-08,2014,8,31,31,False,False,Western Mediterranean,0,0,0,0,3.3688721820587686,30,8,-5.625,3.4339872044851463
2014-09-01,2014-09,2014,9,30,30,False,False,Western Mediterranean,0,0,0,0,3.3688721820587686,30,9,-5.541666666666667,3.4011973816621555
2014-10-01,2014-10,2014,10,31,31,False,False,Western Mediterranean,8,1,8,0,1.0,30,10,-5.458333333333333,3.4339872044851463
2014-11-01,2014-11,2014,11,30,30,False,False,Western Mediterranean,0,0,0,0,3.3688721820587686,30,11,-5.375,3.4011973816621555
2014-12-01,2014-12,2014,12,31,31,False,False,Western Mediterranean,32,2,23,0,1.0,30,12,-5.291666666666667,3.4339872044851463
2015-01-01,2015-01,2015,1,31,31,False,False,Western Mediterranean,15,2,10,0,1.0,30,13,-5.208333333333333,3.4339872044851463
2015-02-01,2015-02,2015,2,28,28,False,False,Western Mediterranean,0,0,0,0,3.3688721820587686,30,14,-5.125,3.332204510175204
2015-03-01,2015-03,2015,3,31,31,False,False,Western Mediterranean,0,0,0,0,3.3688721820587686,30,15,-5.041666666666667,3.4339872044851463
2015-04-01,2015-04,2015,4,30,30,False,False,Western Mediterranean,0,0,0,0,3.3688721820587686,30,16,-4.958333333333333,3.4011973816621555
2015-05-01,2015-05,2015,5,31,31,False,False,Western Mediterranean,1,1,1,0,3.0,30,17,-4.875,3.4339872044851463
2015-06-01,2015-06,2015,6,30,30,False,False,Western Mediterranean,22,1,22,0,3.0,30,18,-4.791666666666667,3.4011973816621555
2015-07-01,2015-07,2015,7,31,31,False,False,Western Mediterranean,0,0,0,0,3.3688721820587686,30,19,-4.708333333333333,3.4339872044851463
2015-08-01,2015-08,2015,8,31,31,False,False,Western Mediterranean,8,4,4,0,1.5,30,20,-4.625,3.4339872044851463
2015-09-01,2015-09,2015,9,30,30,False,False,Western Mediterranean,3,2,2,0,2.0,30,21,-4.541666666666667,3.4011973816621555
2015-10-01,2015-10,2015,10,31,31,False,False,Western Mediterranean,50,6,39,0,2.5,30,22,-4.458333333333333,3.4339872044851463
2015-11-01,2015-11,2015,11,30,30,False,False,Western Mediterranean,1,1,1,0,1.0,30,23,-4.375,3.4011973816621555
2015-12-01,2015-12,2015,12,31,31,False,False,Western Mediterranean,2,1,2,0,1.0,30,24,-4.291666666666667,3.4339872044851463
2016-01-01,2016-01,2016,1,31,31,False,False,Western Mediterranean,5,3,3,0,2.3333333333333335,30,25,-4.208333333333333,3.4339872044851463
2016-02-01,2016-02,2016,2,29,29,False,False,Western Mediterranean,2,2,1,0,4.0,30,26,-4.125,3.367295829986474
2016-03-01,2016-03,2016,3,31,31,False,False,Western Mediterranean,21,2,20,0,3.0,30,27,-4.041666666666667,3.4339872044851463
2016-04-01,2016-04,2016,4,30,30,False,False,Western Mediterranean,9,2,6,0,3.0,30,28,-3.9583333333333335,3.4011973816621555
2016-05-01,2016-05,2016,5,31,31,False,False,Western Mediterranean,48,4,45,0,3.0,30,29,-3.875,3.4339872044851463
2016-06-01,2016-06,2016,6,30,30,False,False,Western Mediterranean,1,1,1,0,3.0,30,30,-3.7916666666666665,3.4011973816621555
2016-07-01,2016-07,2016,7,31,31,False,False,Western Mediterranean,11,2,10,0,3.0,30,31,-3.7083333333333335,3.4339872044851463
2016-08-01,2016-08,2016,8,31,31,False,False,Western Mediterranean,19,5,9,0,1.4,30,32,-3.625,3.4339872044851463
2016-09-01,2016-09,2016,9,30,30,False,False,Western Mediterranean,0,0,0,0,3.3688721820587686,30,33,-3.5416666666666665,3.4011973816621555
2016-10-01,2016-10,2016,10,31,31,False,False,Western Mediterranean,4,1,4,0,3.0,30,34,-3.4583333333333335,3.4339872044851463
2016-11-01,2016-11,2016,11,30,30,False,False,Western Mediterranean,1,1,1,0,1.0,30,35,-3.375,3.4011973816621555
2016-12-01,2016-12,2016,12,31,31,False,False,Western Mediterranean,7,1,7,0,4.0,30,36,-3.2916666666666665,3.4339872044851463
2017-01-01,2017-01,2017,1,31,31,False,False,Western Mediterranean,28,7,15,0,3.0,30,37,-3.2083333333333335,3.4339872044851463
2017-02-01,2017-02,2017,2,28,28,False,False,Western Mediterranean,13,4,9,0,3.0,30,38,-3.125,3.332204510175204
2017-03-01,2017-03,2017,3,31,31,False,False,Western Mediterranean,7,4,4,0,3.5,30,39,-3.0416666666666665,3.4339872044851463
2017-04-01,2017-04,2017,4,30,30,False,False,Western Mediterranean,9,3,5,0,3.0,30,40,-2.9583333333333335,3.4011973816621555
2017-05-01,2017-05,2017,5,31,31,False,False,Western Mediterranean,2,2,1,0,3.5,30,41,-2.875,3.4339872044851463
2017-06-01,2017-06,2017,6,30,30,False,False,Western Mediterranean,10,5,5,0,3.4,30,42,-2.7916666666666665,3.4011973816621555
2017-07-01,2017-07,2017,7,31,31,False,False,Western Mediterranean,56,6,49,0,3.1666666666666665,30,43,-2.7083333333333335,3.4339872044851463
2017-08-01,2017-08,2017,8,31,31,False,False,Western Mediterranean,1,1,1,0,3.0,30,44,-2.625,3.4339872044851463
2017-09-01,2017-09,2017,9,30,30,False,False,Western Mediterranean,12,3,7,0,4.333333333333333,30,45,-2.5416666666666665,3.4011973816621555
2017-10-01,2017-10,2017,10,31,31,False,False,Western Mediterranean,4,3,2,0,2.3333333333333335,30,46,-2.4583333333333335,3.4339872044851463
2017-11-01,2017-11,2017,11,30,30,False,False,Western Mediterranean,53,11,28,0,3.6363636363636362,30,47,-2.375,3.4011973816621555
2017-12-01,2017-12,2017,12,31,31,False,False,Western Mediterranean,16,9,3,0,3.7777777777777777,30,48,-2.2916666666666665,3.4339872044851463
2018-01-01,2018-01,2018,1,31,31,False,False,Western Mediterranean,28,10,11,0,3.1,30,49,-2.2083333333333335,3.4339872044851463
2018-02-01,2018-02,2018,2,28,28,False,False,Western Mediterranean,75,19,47,0,2.8947368421052633,30,50,-2.125,3.332204510175204
2018-03-01,2018-03,2018,3,31,31,False,False,Western Mediterranean,25,6,12,0,4.166666666666667,30,51,-2.0416666666666665,3.4339872044851463
2018-04-01,2018-04,2018,4,30,30,False,False,Western Mediterranean,54,10,19,0,3.5,30,52,-1.9583333333333333,3.4011973816621555
2018-05-01,2018-05,2018,5,31,31,False,False,Western Mediterranean,21,3,18,0,3.0,30,53,-1.875,3.4339872044851463
2018-06-01,2018-06,2018,6,30,30,False,False,Western Mediterranean,51,5,43,0,4.6,30,54,-1.7916666666666667,3.4011973816621555
2018-07-01,2018-07,2018,7,31,31,False,False,Western Mediterranean,17,5,10,0,3.2,30,55,-1.7083333333333333,3.4339872044851463
2018-08-01,2018-08,2018,8,31,31,False,False,Western Mediterranean,53,5,37,0,4.0,30,56,-1.625,3.4339872044851463
2018-09-01,2018-09,2018,9,30,30,False,False,Western Mediterranean,99,19,61,0,3.1578947368421053,30,57,-1.5416666666666667,3.4011973816621555
2018-10-01,2018-10,2018,10,31,31,False,False,Western Mediterranean,144,18,54,0,3.4444444444444446,30,58,-1.4583333333333333,3.4339872044851463
2018-11-01,2018-11,2018,11,30,30,False,False,Western Mediterranean,85,9,31,0,4.111111111111111,30,59,-1.375,3.4011973816621555
2018-12-01,2018-12,2018,12,31,31,False,False,Western Mediterranean,76,12,24,0,3.3333333333333335,30,60,-1.2916666666666667,3.4339872044851463
2019-01-01,2019-01,2019,1,31,31,False,False,Western Mediterranean,62,9,53,0,2.888888888888889,30,61,-1.2083333333333333,3.4339872044851463
2019-02-01,2019-02,2019,2,28,28,False,False,Western Mediterranean,13,5,5,0,3.6,30,62,-1.125,3.332204510175204
2019-03-01,2019-03,2019,3,31,31,False,False,Western Mediterranean,53,7,45,0,3.0,30,63,-1.0416666666666667,3.4339872044851463
2019-04-01,2019-04,2019,4,30,30,False,False,Western Mediterranean,7,4,4,0,3.5,30,64,-0.9583333333333334,3.4011973816621555
2019-05-01,2019-05,2019,5,31,31,False,False,Western Mediterranean,23,9,9,0,3.3333333333333335,30,65,-0.875,3.4339872044851463
2019-06-01,2019-06,2019,6,30,30,False,False,Western Mediterranean,35,8,22,0,3.25,30,66,-0.7916666666666666,3.4011973816621555
2019-07-01,2019-07,2019,7,31,31,False,False,Western Mediterranean,4,4,1,0,2.25,30,67,-0.7083333333333334,3.4339872044851463
2019-08-01,2019-08,2019,8,31,31,False,False,Western Mediterranean,6,3,4,0,3.3333333333333335,30,68,-0.625,3.4339872044851463
2019-09-01,2019-09,2019,9,30,30,False,False,Western Mediterranean,109,14,53,0,3.142857142857143,30,69,-0.5416666666666666,3.4011973816621555
2019-10-01,2019-10,2019,10,31,31,False,False,Western Mediterranean,3,3,1,0,3.6666666666666665,30,70,-0.4583333333333333,3.4339872044851463
2019-11-01,2019-11,2019,11,30,30,False,False,Western Mediterranean,100,5,73,0,2.6,30,71,-0.375,3.4011973816621555
2019-12-01,2019-12,2019,12,31,31,False,False,Western Mediterranean,129,12,56,0,2.9166666666666665,30,72,-0.2916666666666667,3.4339872044851463
2020-01-01,2020-01,2020,1,31,31,False,False,Western Mediterranean,49,8,17,0,2.875,30,73,-0.20833333333333334,3.4339872044851463
2020-02-01,2020-02,2020,2,29,29,False,False,Western Mediterranean,9,4,6,0,2.0,30,74,-0.125,3.367295829986474
2020-03-01,2020-03,2020,3,31,31,False,False,Western Mediterranean,11,2,8,0,3.5,30,75,-0.041666666666666664,3.4339872044851463
2020-04-01,2020-04,2020,4,30,30,False,False,Western Mediterranean,1,1,1,0,4.0,30,76,0.041666666666666664,3.4011973816621555
2020-05-01,2020-05,2020,5,31,31,False,False,Western Mediterranean,1,1,1,0,1.0,30,77,0.125,3.4339872044851463
2020-06-01,2020-06,2020,6,30,30,False,False,Western Mediterranean,6,1,6,0,3.0,30,78,0.20833333333333334,3.4011973816621555
2020-07-01,2020-07,2020,7,31,31,False,False,Western Mediterranean,20,6,7,0,3.0,30,79,0.2916666666666667,3.4339872044851463
2020-08-01,2020-08,2020,8,31,31,False,False,Western Mediterranean,29,7,11,0,2.7142857142857144,30,80,0.375,3.4339872044851463
2020-09-01,2020-09,2020,9,30,30,False,False,Western Mediterranean,26,11,7,0,2.5454545454545454,30,81,0.4583333333333333,3.4011973816621555
2020-10-01,2020-10,2020,10,31,31,False,False,Western Mediterranean,44,11,12,0,3.090909090909091,30,82,0.5416666666666666,3.4339872044851463
2020-11-01,2020-11,2020,11,30,30,False,False,Western Mediterranean,84,15,14,0,2.8666666666666667,30,83,0.625,3.4011973816621555
2020-12-01,2020-12,2020,12,31,31,False,False,Western Mediterranean,42,6,23,0,2.5,30,84,0.7083333333333334,3.4339872044851463
2021-01-01,2021-01,2021,1,31,31,False,False,Western Mediterranean,35,15,10,0,2.533333333333333,30,85,0.7916666666666666,3.4339872044851463
2021-02-01,2021-02,2021,2,28,28,False,False,Western Mediterranean,17,7,6,0,2.7142857142857144,30,86,0.875,3.332204510175204
2021-03-01,2021-03,2021,3,31,31,False,False,Western Mediterranean,31,11,11,0,2.727272727272727,30,87,0.9583333333333334,3.4339872044851463
2021-04-01,2021-04,2021,4,30,30,False,False,Western Mediterranean,28,13,9,0,2.923076923076923,30,88,1.0416666666666667,3.4011973816621555
2021-05-01,2021-05,2021,5,31,31,False,False,Western Mediterranean,43,9,20,0,2.5555555555555554,30,89,1.125,3.4339872044851463
2021-06-01,2021-06,2021,6,30,30,False,False,Western Mediterranean,19,3,17,0,2.6666666666666665,30,90,1.2083333333333333,3.4011973816621555
2021-07-01,2021-07,2021,7,31,31,False,False,Western Mediterranean,37,9,12,0,2.3333333333333335,30,91,1.2916666666666667,3.4339872044851463
2021-08-01,2021-08,2021,8,31,31,False,False,Western Mediterranean,35,11,12,0,3.6363636363636362,30,92,1.375,3.4339872044851463
2021-09-01,2021-09,2021,9,30,30,False,False,Western Mediterranean,17,4,14,0,2.75,30,93,1.4583333333333333,3.4011973816621555
2021-10-01,2021-10,2021,10,31,31,False,False,Western Mediterranean,62,9,25,0,3.4444444444444446,30,94,1.5416666666666667,3.4339872044851463
2021-11-01,2021-11,2021,11,30,30,False,False,Western Mediterranean,15,4,7,0,3.25,30,95,1.625,3.4011973816621555
2021-12-01,2021-12,2021,12,31,31,False,False,Western Mediterranean,35,16,7,0,3.9375,30,96,1.7083333333333333,3.4339872044851463
2022-01-01,2022-01,2022,1,31,31,False,False,Western Mediterranean,105,14,27,0,3.7142857142857144,30,97,1.7916666666666667,3.4339872044851463
2022-02-01,2022-02,2022,2,28,28,False,False,Western Mediterranean,33,7,14,0,3.142857142857143,30,98,1.875,3.332204510175204
2022-03-01,2022-03,2022,3,31,31,False,False,Western Mediterranean,9,2,8,0,3.5,30,99,1.9583333333333333,3.4339872044851463
2022-04-01,2022-04,2022,4,30,30,False,False,Western Mediterranean,17,1,17,0,4.0,30,100,2.0416666666666665,3.4011973816621555
2022-05-01,2022-05,2022,5,31,31,False,False,Western Mediterranean,54,8,16,0,3.875,30,101,2.125,3.4339872044851463
2022-06-01,2022-06,2022,6,30,30,False,False,Western Mediterranean,4,2,3,0,2.5,30,102,2.2083333333333335,3.4011973816621555
2022-07-01,2022-07,2022,7,31,31,False,False,Western Mediterranean,33,6,12,0,3.3333333333333335,30,103,2.2916666666666665,3.4339872044851463
2022-08-01,2022-08,2022,8,31,31,False,False,Western Mediterranean,31,6,14,0,3.3333333333333335,30,104,2.375,3.4339872044851463
2022-09-01,2022-09,2022,9,30,30,False,False,Western Mediterranean,59,12,23,0,3.5,30,105,2.4583333333333335,3.4011973816621555
2022-10-01,2022-10,2022,10,31,31,False,False,Western Mediterranean,92,13,17,0,3.6153846153846154,30,106,2.5416666666666665,3.4339872044851463
2022-11-01,2022-11,2022,11,30,30,False,False,Western Mediterranean,10,1,10,0,5.0,30,107,2.625,3.4011973816621555
2022-12-01,2022-12,2022,12,31,31,False,False,Western Mediterranean,93,13,21,0,3.5384615384615383,30,108,2.7083333333333335,3.4339872044851463
2023-01-01,2023-01,2023,1,31,31,False,False,Western Mediterranean,19,3,15,0,3.3333333333333335,30,109,2.7916666666666665,3.4339872044851463
2023-02-01,2023-02,2023,2,28,28,False,False,Western Mediterranean,3,2,2,0,3.5,30,110,2.875,3.332204510175204
2023-03-01,2023-03,2023,3,31,31,False,False,Western Mediterranean,3,2,2,0,3.0,30,111,2.9583333333333335,3.4339872044851463
2023-04-01,2023-04,2023,4,30,30,False,False,Western Mediterranean,32,3,24,0,4.0,30,112,3.0416666666666665,3.4011973816621555
2023-05-01,2023-05,2023,5,31,31,False,False,Western Mediterranean,43,3,28,0,3.6666666666666665,30,113,3.125,3.4339872044851463
2023-06-01,2023-06,2023,6,30,30,False,False,Western Mediterranean,18,4,14,0,3.75,30,114,3.2083333333333335,3.4011973816621555
2023-07-01,2023-07,2023,7,31,31,False,False,Western Mediterranean,21,7,6,0,3.857142857142857,30,115,3.2916666666666665,3.4339872044851463
2023-08-01,2023-08,2023,8,31,31,False,False,Western Mediterranean,80,12,16,0,3.75,30,116,3.375,3.4339872044851463
2023-09-01,2023-09,2023,9,30,30,False,False,Western Mediterranean,3,3,1,0,2.3333333333333335,30,117,3.4583333333333335,3.4011973816621555
2023-10-01,2023-10,2023,10,31,31,False,False,Western Mediterranean,19,3,17,0,3.6666666666666665,30,118,3.5416666666666665,3.4339872044851463
2023-11-01,2023-11,2023,11,30,30,False,False,Western Mediterranean,95,9,19,0,3.6666666666666665,30,119,3.625,3.4011973816621555
2023-12-01,2023-12,2023,12,31,31,False,False,Western Mediterranean,45,7,14,0,3.7142857142857144,30,120,3.7083333333333335,3.4339872044851463
2024-01-01,2024-01,2024,1,31,31,False,False,Western Mediterranean,52,9,27,0,3.4444444444444446,30,121,3.7916666666666665,3.4339872044851463
2024-02-01,2024-02,2024,2,29,29,False,False,Western Mediterranean,72,2,64,0,3.5,30,122,3.875,3.367295829986474
2024-03-01,2024-03,2024,3,31,31,False,False,Western Mediterranean,26,7,10,0,3.4285714285714284,30,123,3.9583333333333335,3.4339872044851463
2024-04-01,2024-04,2024,4,30,30,False,False,Western Mediterranean,21,3,16,0,4.333333333333333,30,124,4.041666666666667,3.4011973816621555
2024-05-01,2024-05,2024,5,31,31,False,False,Western Mediterranean,100,2,75,0,3.0,30,125,4.125,3.4339872044851463
2024-06-01,2024-06,2024,6,30,30,False,False,Western Mediterranean,40,4,34,0,3.25,30,126,4.208333333333333,3.4011973816621555
2024-07-01,2024-07,2024,7,31,31,False,False,Western Mediterranean,33,5,16,0,3.2,30,127,4.291666666666667,3.4339872044851463
2024-08-01,2024-08,2024,8,31,31,False,False,Western Mediterranean,23,9,11,0,2.888888888888889,30,128,4.375,3.4339872044851463
2024-09-01,2024-09,2024,9,30,30,False,False,Western Mediterranean,61,9,17,0,3.3333333333333335,30,129,4.458333333333333,3.4011973816621555
2024-10-01,2024-10,2024,10,31,31,False,False,Western Mediterranean,40,5,24,0,3.2,30,130,4.541666666666667,3.4339872044851463
2024-11-01,2024-11,2024,11,30,30,False,False,Western Mediterranean,4,3,2,0,3.6666666666666665,30,131,4.625,3.4011973816621555
2024-12-01,2024-12,2024,12,31,31,False,False,Western Mediterranean,72,9,28,0,3.0,30,132,4.708333333333333,3.4339872044851463
2025-01-01,2025-01,2025,1,31,31,False,False,Western Mediterranean,71,11,19,0,3.4545454545454546,30,133,4.791666666666667,3.4339872044851463
2025-02-01,2025-02,2025,2,28,28,False,False,Western Mediterranean,56,10,22,0,3.7,30,134,4.875,3.332204510175204
2025-03-01,2025-03,2025,3,31,31,False,False,Western Mediterranean,10,9,2,0,3.4444444444444446,30,135,4.958333333333333,3.4339872044851463
2025-04-01,2025-04,2025,4,30,30,False,False,Western Mediterranean,6,6,1,0,2.6666666666666665,30,136,5.041666666666667,3.4011973816621555
2025-05-01,2025-05,2025,5,31,31,False,False,Western Mediterranean,18,13,4,0,3.4615384615384617,30,137,5.125,3.4339872044851463
2025-06-01,2025-06,2025,6,30,30,False,False,Western Mediterranean,11,7,5,0,3.142857142857143,30,138,5.208333333333333,3.4011973816621555
2025-07-01,2025-07,2025,7,31,31,False,False,Western Mediterranean,5,5,1,0,3.6,30,139,5.291666666666667,3.4339872044851463
2025-08-01,2025-08,2025,8,31,31,False,False,Western Mediterranean,27,10,12,0,3.6,30,140,5.375,3.4339872044851463
2025-09-01,2025-09,2025,9,30,30,False,False,Western Mediterranean,96,13,27,0,3.5384615384615383,30,141,5.458333333333333,3.4011973816621555
2025-10-01,2025-10,2025,10,31,31,False,False,Western Mediterranean,48,17,22,0,3.588235294117647,30,142,5.541666666666667,3.4339872044851463
2025-11-01,2025-11,2025,11,30,30,False,False,Western Mediterranean,43,13,18,0,3.3846153846153846,30,143,5.625,3.4011973816621555
2025-12-01,2025-12,2025,12,31,31,False,False,Western Mediterranean,75,12,20,0,3.0,30,144,5.708333333333333,3.4339872044851463
2026-01-01,2026-01,2026,1,31,31,False,True,Western Mediterranean,14,12,2,0,2.9166666666666665,30,145,5.791666666666667,3.4339872044851463
2026-02-01,2026-02,2026,2,28,28,False,True,Western Mediterranean,15,13,2,0,3.0,30,146,5.875,3.332204510175204
2026-03-01,2026-03,2026,3,31,31,False,True,Western Mediterranean,56,11,33,0,3.3636363636363638,30,147,5.958333333333333,3.4339872044851463
2026-04-01,2026-04,2026,4,30,30,False,True,Western Mediterranean,58,13,17,0,3.1538461538461537,30,148,6.041666666666667,3.4011973816621555
2026-05-01,2026-05,2026,5,31,31,False,True,Western Mediterranean,33,9,23,0,3.111111111111111,30,149,6.125,3.4339872044851463
2026-06-01,2026-06,2026,6,16,30,True,True,Western Mediterranean,29,5,25,0,3.4,30,150,6.208333333333333,2.772588722239781
