treedepth__,divergent__,energy__,accept_stat__,stepsize__,n_leapfrog__,.chain,.iteration,.draw
7,0,10075.622,0.99951243,0.030157613,127,1,1,1
7,0,10072.761,0.99069565,0.030157613,127,1,2,2
7,0,10084.242,0.9989102,0.030157613,127,1,3,3
7,0,10088.699,0.99152282,0.030157613,127,1,4,4
7,0,10083.419,0.96849754,0.030157613,127,1,5,5
7,0,10085.218,0.99918205,0.030157613,127,1,6,6
7,0,10093.188,0.98897099,0.030157613,255,1,7,7
7,0,10103.502,0.99816688,0.030157613,255,1,8,8
6,0,10090.907,0.99975609,0.030157613,63,1,9,9
7,0,10099.175,0.99869843,0.030157613,255,1,10,10
7,0,10100.451,0.99909767,0.030157613,127,1,11,11
7,0,10087.592,0.98806905,0.030157613,127,1,12,12
7,0,10093.691,0.99822632,0.030157613,127,1,13,13
7,0,10096.927,0.99635726,0.030157613,127,1,14,14
9,0,10087.602,0.98698674,0.030157613,511,1,15,15
7,0,10081.53,0.99715919,0.030157613,127,1,16,16
7,0,10077.971,0.9988159,0.030157613,127,1,17,17
7,0,10083.784,0.99902615,0.030157613,127,1,18,18
7,0,10078.969,0.99952043,0.030157613,127,1,19,19
7,0,10081.882,0.99930304,0.030157613,127,1,20,20
7,0,10073.126,0.99286322,0.030157613,127,1,21,21
7,0,10074.077,0.99283185,0.030157613,127,1,22,22
7,0,10083.546,0.994339,0.030157613,127,1,23,23
6,0,10081.792,0.99990833,0.030157613,127,1,24,24
7,0,10077.012,0.98859986,0.030157613,127,1,25,25
7,0,10076.252,0.99904157,0.030157613,127,1,26,26
7,0,10079.998,0.99034269,0.030157613,127,1,27,27
7,0,10065.519,0.9942565,0.030157613,127,1,28,28
7,0,10066.532,0.99490111,0.030157613,127,1,29,29
7,0,10072.148,0.98614643,0.030157613,127,1,30,30
7,0,10074.727,0.98672654,0.030157613,127,1,31,31
7,0,10075.654,0.99881367,0.030157613,127,1,32,32
7,0,10086.853,0.98345481,0.030157613,127,1,33,33
7,0,10088.666,0.98300495,0.030157613,127,1,34,34
7,0,10093.661,0.97284098,0.030157613,127,1,35,35
7,0,10086.656,0.98323618,0.030157613,127,1,36,36
7,0,10083.009,0.99848894,0.030157613,127,1,37,37
7,0,10076.555,0.94915969,0.030157613,127,1,38,38
7,0,10080.743,0.97770669,0.030157613,127,1,39,39
7,0,10078.72,0.9913744,0.030157613,127,1,40,40
7,0,10086.283,0.9952839,0.030157613,127,1,41,41
7,0,10077.377,0.98691058,0.030157613,127,1,42,42
7,0,10078.199,0.99889741,0.030157613,127,1,43,43
7,0,10080.561,0.98414844,0.030157613,127,1,44,44
6,0,10075.127,0.98022515,0.030157613,127,1,45,45
7,0,10084.365,0.99059914,0.030157613,127,1,46,46
7,0,10078.868,0.99937612,0.030157613,127,1,47,47
7,0,10095.83,0.9903732,0.030157613,127,1,48,48
7,0,10104.56,0.9982312,0.030157613,127,1,49,49
7,0,10097.353,0.98883251,0.030157613,127,1,50,50
7,0,10087.269,0.99857942,0.030157613,127,1,51,51
7,0,10087.383,0.99820886,0.030157613,127,1,52,52
7,0,10101.741,0.98415142,0.030157613,255,1,53,53
7,0,10081.92,0.99982392,0.030157613,127,1,54,54
7,0,10092.696,0.99790975,0.030157613,127,1,55,55
7,0,10084.354,0.99813694,0.030157613,127,1,56,56
7,0,10090.511,0.98632062,0.030157613,127,1,57,57
7,0,10084.993,0.978936,0.030157613,127,1,58,58
7,0,10082.104,0.99768554,0.030157613,127,1,59,59
7,0,10086.912,0.99288654,0.030157613,127,1,60,60
7,0,10085.861,0.99706836,0.030157613,127,1,61,61
7,0,10082.849,0.99969397,0.030157613,127,1,62,62
6,0,10094.551,0.99542223,0.030157613,63,1,63,63
7,0,10082.135,0.9992034,0.030157613,127,1,64,64
7,0,10088.571,0.99607048,0.030157613,255,1,65,65
7,0,10086.643,0.99374889,0.030157613,127,1,66,66
7,0,10079.332,0.98024203,0.030157613,127,1,67,67
7,0,10086.091,0.9994674,0.030157613,127,1,68,68
7,0,10092.884,0.99555968,0.030157613,127,1,69,69
7,0,10089.128,0.99995293,0.030157613,127,1,70,70
7,0,10078.094,0.99814704,0.030157613,127,1,71,71
7,0,10087.019,0.99551446,0.030157613,127,1,72,72
7,0,10087.167,0.9886513,0.030157613,127,1,73,73
7,0,10091.174,0.99965232,0.030157613,127,1,74,74
7,0,10088.931,0.99576417,0.030157613,127,1,75,75
7,0,10094.385,0.99986348,0.030157613,127,1,76,76
7,0,10101.742,0.99916866,0.030157613,127,1,77,77
7,0,10090.48,0.99822016,0.030157613,127,1,78,78
7,0,10085.733,0.98388433,0.030157613,127,1,79,79
7,0,10083.384,0.98739349,0.030157613,127,1,80,80
7,0,10090.348,0.9816512,0.030157613,127,1,81,81
7,0,10082.804,0.99986499,0.030157613,127,1,82,82
6,0,10084.085,0.98572817,0.030157613,63,1,83,83
7,0,10084.563,0.99197593,0.030157613,127,1,84,84
7,0,10092.853,0.99991006,0.030157613,127,1,85,85
7,0,10080.037,0.99819245,0.030157613,127,1,86,86
7,0,10077.924,0.99841236,0.030157613,127,1,87,87
7,0,10081.176,0.98292398,0.030157613,127,1,88,88
6,0,10079.239,0.99639298,0.030157613,127,1,89,89
7,0,10081.503,0.99155234,0.030157613,127,1,90,90
7,0,10083.685,0.99563335,0.030157613,127,1,91,91
7,0,10083.827,0.99978918,0.030157613,127,1,92,92
7,0,10090.817,0.99773593,0.030157613,127,1,93,93
7,0,10084.535,0.99749617,0.030157613,127,1,94,94
7,0,10070.757,0.99182828,0.030157613,127,1,95,95
7,0,10075.293,0.99111714,0.030157613,127,1,96,96
7,0,10071.074,0.99882276,0.030157613,127,1,97,97
7,0,10066.675,0.99696866,0.030157613,127,1,98,98
7,0,10064.021,0.99193926,0.030157613,127,1,99,99
6,0,10070.464,0.94664764,0.030157613,127,1,100,100
7,0,10069.083,0.94995353,0.030157613,127,1,101,101
7,0,10074.192,0.99877483,0.030157613,127,1,102,102
7,0,10077.865,0.99993123,0.030157613,127,1,103,103
6,0,10075.412,0.98884044,0.030157613,63,1,104,104
7,0,10069.397,0.99448166,0.030157613,191,1,105,105
7,0,10067.578,0.99298434,0.030157613,127,1,106,106
6,0,10083.969,0.99489828,0.030157613,63,1,107,107
7,0,10084.467,0.99999449,0.030157613,127,1,108,108
7,0,10081.305,0.99767316,0.030157613,127,1,109,109
7,0,10073.397,0.99984301,0.030157613,127,1,110,110
7,0,10080.713,0.99067793,0.030157613,127,1,111,111
7,0,10078.915,0.99433771,0.030157613,127,1,112,112
6,0,10093.129,0.99534782,0.030157613,63,1,113,113
7,0,10090.222,0.98695751,0.030157613,127,1,114,114
7,0,10090.286,0.98615355,0.030157613,127,1,115,115
7,0,10077.85,0.99064401,0.030157613,127,1,116,116
7,0,10088.468,0.98677102,0.030157613,127,1,117,117
6,0,10073.719,0.99543862,0.030157613,127,1,118,118
7,0,10070.513,0.98992846,0.030157613,127,1,119,119
7,0,10073.86,0.99437149,0.030157613,127,1,120,120
7,0,10071.895,0.9958823,0.030157613,255,1,121,121
7,0,10075.98,0.9747598,0.030157613,127,1,122,122
7,0,10080.049,0.99112226,0.030157613,127,1,123,123
7,0,10073.986,0.999948,0.030157613,127,1,124,124
7,0,10077.762,0.97300396,0.030157613,127,1,125,125
7,0,10074.99,0.99938121,0.030157613,127,1,126,126
7,0,10082.117,0.99507751,0.030157613,127,1,127,127
7,0,10077.722,0.99875771,0.030157613,127,1,128,128
7,0,10064.045,0.98703893,0.030157613,127,1,129,129
7,0,10073.309,0.99921789,0.030157613,127,1,130,130
7,0,10076.204,0.99935836,0.030157613,127,1,131,131
7,0,10076.91,0.99758184,0.030157613,127,1,132,132
7,0,10070.763,0.99462249,0.030157613,127,1,133,133
7,0,10089.772,0.99243723,0.030157613,127,1,134,134
7,0,10078.006,0.99116367,0.030157613,127,1,135,135
7,0,10082.317,0.99284849,0.030157613,127,1,136,136
7,0,10072.371,0.99894348,0.030157613,127,1,137,137
7,0,10073.905,0.9694023,0.030157613,127,1,138,138
7,0,10070.217,0.98829043,0.030157613,127,1,139,139
7,0,10093.462,0.99557829,0.030157613,127,1,140,140
7,0,10087.764,0.9986287,0.030157613,127,1,141,141
7,0,10097.957,0.99809338,0.030157613,127,1,142,142
7,0,10090.229,0.98847463,0.030157613,127,1,143,143
7,0,10073.968,0.99985025,0.030157613,127,1,144,144
7,0,10071.532,0.98929287,0.030157613,127,1,145,145
7,0,10080.694,0.97265161,0.030157613,127,1,146,146
7,0,10084.508,0.99029929,0.030157613,127,1,147,147
7,0,10081.62,0.9995496,0.030157613,127,1,148,148
7,0,10067.298,0.99577884,0.030157613,127,1,149,149
7,0,10077.49,0.97549854,0.030157613,127,1,150,150
7,0,10085.732,0.98449018,0.030157613,255,1,151,151
7,0,10072.751,0.99896314,0.030157613,127,1,152,152
7,0,10077.511,0.98765409,0.030157613,127,1,153,153
7,0,10078.074,0.98372047,0.030157613,127,1,154,154
6,0,10065.772,0.99944254,0.030157613,63,1,155,155
6,0,10067.082,0.9976055,0.030157613,63,1,156,156
6,0,10076.498,0.98776022,0.030157613,63,1,157,157
7,0,10081.227,0.96111524,0.030157613,191,1,158,158
7,0,10076.318,0.99833825,0.030157613,127,1,159,159
7,0,10079.751,0.98915841,0.030157613,127,1,160,160
7,0,10082.409,0.98864922,0.030157613,127,1,161,161
7,0,10071.233,0.99200728,0.030157613,127,1,162,162
7,0,10086.656,0.99044688,0.030157613,255,1,163,163
7,0,10086.786,0.99974512,0.030157613,127,1,164,164
7,0,10093.895,0.97798693,0.030157613,191,1,165,165
7,0,10098.881,0.99991553,0.030157613,127,1,166,166
7,0,10086.493,0.99345525,0.030157613,127,1,167,167
7,0,10073.66,0.9986142,0.030157613,127,1,168,168
7,0,10062.36,0.9993683,0.030157613,127,1,169,169
7,0,10067.566,0.99776918,0.030157613,127,1,170,170
7,0,10091.45,0.96907832,0.030157613,127,1,171,171
7,0,10092.96,0.99809592,0.030157613,127,1,172,172
7,0,10109.483,0.98150352,0.030157613,127,1,173,173
7,0,10098.416,0.99993155,0.030157613,127,1,174,174
7,0,10080.814,0.97217557,0.030157613,127,1,175,175
7,0,10083.999,0.99494484,0.030157613,127,1,176,176
7,0,10096.218,0.99524845,0.030157613,127,1,177,177
7,0,10087.275,0.97954808,0.030157613,127,1,178,178
7,0,10090.112,0.99983685,0.030157613,127,1,179,179
7,0,10088.407,0.98470001,0.030157613,127,1,180,180
7,0,10077.917,0.99955088,0.030157613,127,1,181,181
7,0,10088.047,0.99998772,0.030157613,127,1,182,182
6,0,10087.492,0.9913183,0.030157613,127,1,183,183
7,0,10082.684,0.99731403,0.030157613,127,1,184,184
7,0,10083.18,0.98121052,0.030157613,127,1,185,185
7,0,10085.238,0.99845045,0.030157613,127,1,186,186
7,0,10086.579,0.99134273,0.030157613,127,1,187,187
7,0,10087.976,0.98861116,0.030157613,127,1,188,188
7,0,10085.52,0.99997428,0.030157613,127,1,189,189
7,0,10074.275,0.97848887,0.030157613,127,1,190,190
7,0,10078.788,0.98987912,0.030157613,127,1,191,191
7,0,10076.091,0.99468216,0.030157613,127,1,192,192
7,0,10072.079,0.96749798,0.030157613,127,1,193,193
7,0,10087.444,0.92410963,0.030157613,127,1,194,194
7,0,10093.373,0.99886963,0.030157613,127,1,195,195
7,0,10085.197,0.99997536,0.030157613,127,1,196,196
7,0,10075.716,0.99941439,0.030157613,127,1,197,197
7,0,10064.861,0.9973981,0.030157613,127,1,198,198
6,0,10071.485,0.99008695,0.030157613,127,1,199,199
7,0,10078.398,0.9993765,0.030157613,127,1,200,200
7,0,10074.747,0.98516218,0.030157613,127,1,201,201
7,0,10084.874,0.96884867,0.030157613,127,1,202,202
7,0,10084.809,0.98658412,0.030157613,127,1,203,203
7,0,10077.684,0.99992963,0.030157613,127,1,204,204
7,0,10079.252,0.98680041,0.030157613,127,1,205,205
6,0,10078.982,0.97940135,0.030157613,127,1,206,206
7,0,10072.408,0.99429636,0.030157613,127,1,207,207
7,0,10068.604,0.99110525,0.030157613,127,1,208,208
7,0,10078.304,0.99904871,0.030157613,127,1,209,209
7,0,10075.142,0.98376918,0.030157613,127,1,210,210
7,0,10084.209,0.9333091,0.030157613,127,1,211,211
7,0,10084.369,0.99810625,0.030157613,127,1,212,212
7,0,10073.765,0.96880239,0.030157613,127,1,213,213
7,0,10063.388,0.99833124,0.030157613,127,1,214,214
7,0,10062.635,0.98454693,0.030157613,127,1,215,215
7,0,10075.484,0.99846508,0.030157613,127,1,216,216
7,0,10083.689,0.98657487,0.030157613,127,1,217,217
7,0,10076.868,0.99970618,0.030157613,255,1,218,218
7,0,10079.2,0.90372842,0.030157613,127,1,219,219
8,0,10056.407,0.99965563,0.030157613,319,1,220,220
7,0,10065.707,0.98902144,0.030157613,255,1,221,221
7,0,10076.052,0.99240308,0.030157613,127,1,222,222
7,0,10077.66,0.99927329,0.030157613,127,1,223,223
7,0,10082.552,0.99192151,0.030157613,127,1,224,224
7,0,10075.514,0.99675701,0.030157613,127,1,225,225
7,0,10071.951,0.98187657,0.030157613,255,1,226,226
6,0,10069.043,0.99160693,0.030157613,127,1,227,227
7,0,10082.934,0.98500163,0.030157613,127,1,228,228
7,0,10077.318,0.99711544,0.030157613,127,1,229,229
7,0,10093.399,0.99530067,0.030157613,255,1,230,230
7,0,10078.501,0.99996772,0.030157613,127,1,231,231
7,0,10078.141,0.99036175,0.030157613,127,1,232,232
7,0,10078.102,0.99804505,0.030157613,127,1,233,233
7,0,10070.431,0.99869197,0.030157613,127,1,234,234
6,0,10085.062,0.97657074,0.030157613,63,1,235,235
6,0,10070.845,0.99550482,0.030157613,127,1,236,236
8,0,10074.514,0.9896656,0.030157613,383,1,237,237
7,0,10070.658,0.9876534,0.030157613,127,1,238,238
7,0,10077.426,0.98499454,0.030157613,127,1,239,239
7,0,10095.012,0.96920176,0.030157613,127,1,240,240
7,0,10086.734,0.99929236,0.030157613,127,1,241,241
7,0,10078.803,0.99632564,0.030157613,127,1,242,242
7,0,10089.473,0.98905457,0.030157613,127,1,243,243
7,0,10079.731,0.99159484,0.030157613,127,1,244,244
6,0,10083.334,0.98907555,0.030157613,63,1,245,245
7,0,10092.389,0.99816597,0.030157613,127,1,246,246
7,0,10089.818,0.99788682,0.030157613,127,1,247,247
7,0,10076.702,0.99498653,0.030157613,127,1,248,248
7,0,10079.58,0.99304104,0.030157613,127,1,249,249
6,0,10076.182,0.98907077,0.030157613,63,1,250,250
7,0,10099.896,0.95219902,0.030157613,255,1,251,251
7,0,10084.539,0.99996541,0.030157613,127,1,252,252
7,0,10082.072,0.99600999,0.030157613,255,1,253,253
7,0,10071.334,0.99928383,0.030157613,127,1,254,254
7,0,10077.092,0.96207648,0.030157613,127,1,255,255
7,0,10078.894,0.96569072,0.030157613,127,1,256,256
7,0,10090.988,0.9733522,0.030157613,127,1,257,257
7,0,10074.488,0.97530087,0.030157613,127,1,258,258
7,0,10080.3,0.98049681,0.030157613,127,1,259,259
6,0,10080.464,0.96167495,0.030157613,63,1,260,260
7,0,10088.618,0.99397662,0.030157613,127,1,261,261
7,0,10095.217,0.99803759,0.030157613,127,1,262,262
7,0,10084.455,0.99785385,0.030157613,127,1,263,263
7,0,10071.828,0.99998437,0.030157613,127,1,264,264
7,0,10073.912,0.99081827,0.030157613,127,1,265,265
7,0,10088.009,0.97757938,0.030157613,255,1,266,266
7,0,10102.399,0.9968405,0.030157613,127,1,267,267
7,0,10086.195,0.98376024,0.030157613,127,1,268,268
7,0,10089.849,0.99878684,0.030157613,127,1,269,269
7,0,10089.695,0.99808425,0.030157613,127,1,270,270
7,0,10084.994,0.99999721,0.030157613,127,1,271,271
7,0,10070.327,0.99999931,0.030157613,127,1,272,272
7,0,10073.769,0.99627192,0.030157613,127,1,273,273
8,0,10081.903,0.97666211,0.030157613,255,1,274,274
7,0,10089.978,0.9636946,0.030157613,127,1,275,275
7,0,10099.796,0.99909642,0.030157613,127,1,276,276
7,0,10100.34,0.99973619,0.030157613,127,1,277,277
7,0,10098.309,0.99520583,0.030157613,127,1,278,278
7,0,10091.08,0.99569733,0.030157613,255,1,279,279
7,0,10091.617,0.99206194,0.030157613,127,1,280,280
6,0,10087.706,0.98871492,0.030157613,63,1,281,281
7,0,10077.524,0.97625616,0.030157613,127,1,282,282
7,0,10077.391,0.99851755,0.030157613,127,1,283,283
7,0,10078.072,0.97872263,0.030157613,127,1,284,284
7,0,10090.844,0.99797729,0.030157613,127,1,285,285
7,0,10087.146,0.98681051,0.030157613,127,1,286,286
7,0,10083.83,0.99314254,0.030157613,127,1,287,287
7,0,10089.379,0.99830983,0.030157613,127,1,288,288
7,0,10094.102,0.9606544,0.030157613,127,1,289,289
7,0,10084.218,0.95989866,0.030157613,127,1,290,290
7,0,10082.528,0.9855414,0.030157613,127,1,291,291
7,0,10076.545,0.99998867,0.030157613,127,1,292,292
7,0,10086.238,0.99984213,0.030157613,127,1,293,293
7,0,10087.568,0.99894355,0.030157613,127,1,294,294
7,0,10088.381,0.99238504,0.030157613,127,1,295,295
7,0,10081.388,0.98538709,0.030157613,127,1,296,296
7,0,10086.327,0.999938,0.030157613,127,1,297,297
7,0,10096.587,0.98399691,0.030157613,127,1,298,298
7,0,10094.569,0.99504687,0.030157613,127,1,299,299
7,0,10091.726,0.99974148,0.030157613,127,1,300,300
7,0,10091.4,0.99014388,0.030157613,127,1,301,301
7,0,10093.928,0.98362743,0.030157613,127,1,302,302
7,0,10106.425,0.99120751,0.030157613,127,1,303,303
7,0,10095.312,0.99435621,0.030157613,127,1,304,304
7,0,10092.321,0.97624088,0.030157613,127,1,305,305
7,0,10079.99,0.99755521,0.030157613,127,1,306,306
7,0,10080.887,0.99073895,0.030157613,127,1,307,307
7,0,10079.674,0.999892,0.030157613,127,1,308,308
7,0,10083.461,0.99340602,0.030157613,127,1,309,309
7,0,10097.824,0.9951146,0.030157613,127,1,310,310
7,0,10102.5,0.99836627,0.030157613,127,1,311,311
7,0,10087.983,0.99851878,0.030157613,127,1,312,312
7,0,10085.11,0.99921259,0.030157613,127,1,313,313
7,0,10071.993,0.9999204,0.030157613,127,1,314,314
7,0,10073.495,0.95143117,0.030157613,127,1,315,315
7,0,10075.71,0.99889979,0.030157613,255,1,316,316
6,0,10089.842,0.99024542,0.030157613,63,1,317,317
6,0,10073.396,0.98743538,0.030157613,63,1,318,318
6,0,10080.104,0.95174915,0.030157613,63,1,319,319
7,0,10072.034,0.99997614,0.030157613,127,1,320,320
7,0,10070.44,0.99114337,0.030157613,127,1,321,321
7,0,10079.934,0.99927265,0.030157613,127,1,322,322
7,0,10080.676,0.99816374,0.030157613,127,1,323,323
7,0,10089.89,0.97507985,0.030157613,127,1,324,324
7,0,10083.607,0.99519212,0.030157613,127,1,325,325
7,0,10074.576,0.9999849,0.030157613,127,1,326,326
7,0,10081.091,0.99006271,0.030157613,127,1,327,327
7,0,10088.584,0.99169955,0.030157613,127,1,328,328
7,0,10089.643,0.98863434,0.030157613,127,1,329,329
7,0,10082.747,0.99842095,0.030157613,127,1,330,330
7,0,10076.618,0.9893627,0.030157613,127,1,331,331
7,0,10068.405,0.98486007,0.030157613,127,1,332,332
7,0,10084.283,0.99765065,0.030157613,127,1,333,333
7,0,10065.677,0.99807201,0.030157613,127,1,334,334
7,0,10075.491,0.96848734,0.030157613,127,1,335,335
7,0,10079.301,0.9989398,0.030157613,127,1,336,336
7,0,10085.598,0.99105614,0.030157613,127,1,337,337
7,0,10082.769,0.99558498,0.030157613,127,1,338,338
7,0,10105.093,0.96891637,0.030157613,127,1,339,339
7,0,10093.162,0.99720266,0.030157613,127,1,340,340
7,0,10084.604,0.9999962,0.030157613,127,1,341,341
7,0,10090.553,0.97186015,0.030157613,127,1,342,342
7,0,10076.937,0.99973365,0.030157613,127,1,343,343
6,0,10081.597,0.99446588,0.030157613,63,1,344,344
6,0,10105.139,0.9946884,0.030157613,63,1,345,345
7,0,10087.174,0.99952174,0.030157613,255,1,346,346
7,0,10075.383,0.99538014,0.030157613,255,1,347,347
6,0,10079.715,0.99563368,0.030157613,63,1,348,348
6,0,10080.481,0.98367474,0.030157613,63,1,349,349
6,0,10090.149,0.9873245,0.030157613,63,1,350,350
7,0,10085.267,0.99876636,0.030157613,127,1,351,351
7,0,10083.904,0.99967961,0.030157613,127,1,352,352
7,0,10073.975,0.999893,0.030157613,127,1,353,353
7,0,10095.532,0.99137253,0.030157613,127,1,354,354
7,0,10097.912,0.97083535,0.030157613,127,1,355,355
7,0,10083.745,0.99266049,0.030157613,127,1,356,356
7,0,10105.31,0.982342,0.030157613,127,1,357,357
7,0,10104.084,0.97190439,0.030157613,127,1,358,358
7,0,10092.269,0.99290179,0.030157613,127,1,359,359
7,0,10097.742,0.99801003,0.030157613,127,1,360,360
7,0,10080.377,0.9944003,0.030157613,127,1,361,361
7,0,10078.088,0.99995804,0.030157613,127,1,362,362
7,0,10074.558,0.97589083,0.030157613,127,1,363,363
7,0,10074.213,0.99815361,0.030157613,127,1,364,364
7,0,10075.951,0.99712339,0.030157613,127,1,365,365
7,0,10076.849,0.99717029,0.030157613,127,1,366,366
6,0,10073.666,0.97921455,0.030157613,127,1,367,367
6,0,10073.506,0.99234961,0.030157613,127,1,368,368
7,0,10069.119,0.98917652,0.030157613,127,1,369,369
8,0,10074.327,0.99039013,0.030157613,255,1,370,370
7,0,10069.354,0.99213726,0.030157613,127,1,371,371
6,0,10077.584,0.97111555,0.030157613,127,1,372,372
7,0,10083.117,0.99781527,0.030157613,127,1,373,373
7,0,10070.37,0.99380132,0.030157613,127,1,374,374
7,0,10071.234,0.99560788,0.030157613,127,1,375,375
7,0,10067.993,0.9964191,0.030157613,127,1,376,376
7,0,10077.562,0.97876320000000006,0.030157613,127,1,377,377
7,0,10082.596,0.99866835,0.030157613,127,1,378,378
7,0,10083.218,0.96625704,0.030157613,127,1,379,379
7,0,10084.677,0.99478721,0.030157613,127,1,380,380
7,0,10087.552,0.9882264,0.030157613,127,1,381,381
7,0,10077.8,0.98925036,0.030157613,127,1,382,382
7,0,10073.426,0.99665432,0.030157613,127,1,383,383
7,0,10090.885,0.97177707,0.030157613,127,1,384,384
7,0,10098.925,0.99834916,0.030157613,127,1,385,385
7,0,10090.976,0.99163268,0.030157613,127,1,386,386
7,0,10091.894,0.98504561,0.030157613,127,1,387,387
7,0,10077.08,0.99419224,0.030157613,127,1,388,388
7,0,10075.506,0.9952137,0.030157613,127,1,389,389
7,0,10078.107,0.96843382,0.030157613,127,1,390,390
7,0,10078.473,0.99849622,0.030157613,127,1,391,391
7,0,10076.504,0.98744446,0.030157613,127,1,392,392
7,0,10067.153,0.99650174,0.030157613,127,1,393,393
7,0,10061.367,0.99914403,0.030157613,127,1,394,394
6,0,10070.9,0.96113724,0.030157613,127,1,395,395
7,0,10076.396,0.99229707,0.030157613,127,1,396,396
8,0,10076.634,0.99700056,0.030157613,383,1,397,397
7,0,10077.486,0.99960788,0.030157613,127,1,398,398
7,0,10078.697,0.99920097,0.030157613,127,1,399,399
7,0,10084.203,0.98377813,0.030157613,127,1,400,400
7,0,10093.658,0.99077234,0.030157613,127,1,401,401
7,0,10098.115,0.99303857,0.030157613,127,1,402,402
7,0,10084.325,0.99413231,0.030157613,127,1,403,403
7,0,10081.484,0.99998983,0.030157613,127,1,404,404
7,0,10077.914,0.96339858,0.030157613,127,1,405,405
7,0,10075.999,0.98662959,0.030157613,127,1,406,406
7,0,10084.583,0.98603331,0.030157613,127,1,407,407
7,0,10094.158,0.98720342,0.030157613,127,1,408,408
7,0,10091.592,0.99555191,0.030157613,127,1,409,409
7,0,10106.181,0.96596883,0.030157613,127,1,410,410
7,0,10096.607,0.99902313,0.030157613,127,1,411,411
7,0,10093.834,0.97712347,0.030157613,127,1,412,412
7,0,10104.791,0.96556349,0.030157613,127,1,413,413
6,0,10075.916,1,0.030157613,63,1,414,414
7,0,10081.54,0.96427973,0.030157613,127,1,415,415
7,0,10081.243,0.99993832,0.030157613,127,1,416,416
7,0,10080.048,0.997548,0.030157613,127,1,417,417
7,0,10093.497,0.94355379,0.030157613,127,1,418,418
7,0,10090.449,0.99890322,0.030157613,127,1,419,419
7,0,10101.344,0.99654176,0.030157613,127,1,420,420
7,0,10093.111,0.99971863,0.030157613,127,1,421,421
7,0,10085.641,0.95497036,0.030157613,255,1,422,422
7,0,10082.732,0.99925163,0.030157613,255,1,423,423
7,0,10076.041,0.99943302,0.030157613,127,1,424,424
7,0,10081.703,0.98777333,0.030157613,127,1,425,425
7,0,10093.582,0.99249342,0.030157613,255,1,426,426
7,0,10073.659,0.99340016,0.030157613,127,1,427,427
7,0,10066.148,0.95755151,0.030157613,127,1,428,428
7,0,10073.515,0.99940794,0.030157613,127,1,429,429
7,0,10091.963,0.99219674,0.030157613,127,1,430,430
7,0,10095.324,0.99041781,0.030157613,127,1,431,431
6,0,10084.385,0.99960836,0.030157613,127,1,432,432
7,0,10084.61,0.9766106,0.030157613,127,1,433,433
7,0,10078.118,0.99695573,0.030157613,127,1,434,434
7,0,10079.458,0.99993904,0.030157613,127,1,435,435
7,0,10092.329,0.99854476,0.030157613,127,1,436,436
7,0,10094.218,0.99310478,0.030157613,127,1,437,437
7,0,10093.871,0.99704549,0.030157613,127,1,438,438
7,0,10083.33,0.99822963,0.030157613,127,1,439,439
7,0,10073.83,0.9895088,0.030157613,127,1,440,440
7,0,10070.404,0.9868813,0.030157613,127,1,441,441
7,0,10076.318,0.99898025,0.030157613,127,1,442,442
7,0,10080.85,0.97988684,0.030157613,127,1,443,443
7,0,10079.936,0.97915024,0.030157613,127,1,444,444
8,0,10088.467,0.97536903,0.030157613,383,1,445,445
7,0,10081.667,0.99941703,0.030157613,127,1,446,446
7,0,10078.593,0.99998488,0.030157613,127,1,447,447
7,0,10085.397,0.99910694,0.030157613,127,1,448,448
7,0,10102.848,0.99724286,0.030157613,127,1,449,449
7,0,10112.186,0.99796537,0.030157613,127,1,450,450
7,0,10095.314,0.99954801,0.030157613,127,1,451,451
7,0,10087.674,0.99736035,0.030157613,127,1,452,452
7,0,10087.319,0.95881529,0.030157613,127,1,453,453
7,0,10086.262,0.99857728,0.030157613,127,1,454,454
7,0,10094.243,0.99270544,0.030157613,127,1,455,455
7,0,10086.782,0.99486027,0.030157613,255,1,456,456
7,0,10077.123,0.99882091,0.030157613,127,1,457,457
7,0,10072.449,0.98387735,0.030157613,127,1,458,458
7,0,10079.062,0.9925109,0.030157613,127,1,459,459
7,0,10101.192,0.99115736,0.030157613,127,1,460,460
7,0,10089.127,0.99589293,0.030157613,127,1,461,461
7,0,10072.905,0.99345602,0.030157613,127,1,462,462
7,0,10082.587,0.99062427,0.030157613,127,1,463,463
7,0,10084.425,0.99991728,0.030157613,127,1,464,464
7,0,10083.761,0.9999154,0.030157613,127,1,465,465
7,0,10084.736,0.99688537,0.030157613,127,1,466,466
7,0,10086.274,0.98627957,0.030157613,127,1,467,467
7,0,10086.506,0.98553082,0.030157613,127,1,468,468
7,0,10095.613,0.99422114,0.030157613,127,1,469,469
7,0,10091.211,0.99949506,0.030157613,127,1,470,470
7,0,10082.535,0.96510871,0.030157613,127,1,471,471
7,0,10089.367,0.99335896,0.030157613,127,1,472,472
7,0,10085.284,0.99216505,0.030157613,127,1,473,473
7,0,10084.261,0.96247136,0.030157613,127,1,474,474
7,0,10098.486,0.98872316,0.030157613,127,1,475,475
7,0,10087.845,0.9996041,0.030157613,255,1,476,476
7,0,10082.921,0.99362038,0.030157613,127,1,477,477
7,0,10082.618,0.98715128,0.030157613,127,1,478,478
7,0,10094.776,0.99066671,0.030157613,127,1,479,479
7,0,10087.859,0.99994653,0.030157613,127,1,480,480
7,0,10093.042,0.99487514,0.030157613,127,1,481,481
7,0,10091.03,0.99898471,0.030157613,127,1,482,482
7,0,10098.351,0.99569999,0.030157613,127,1,483,483
7,0,10094.174,0.97142473,0.030157613,127,1,484,484
7,0,10099.31,0.99943339,0.030157613,127,1,485,485
7,0,10095.303,0.99629984,0.030157613,127,1,486,486
7,0,10094.461,0.97537826,0.030157613,127,1,487,487
7,0,10096.905,0.99892827,0.030157613,127,1,488,488
7,0,10097.829,0.9914687,0.030157613,127,1,489,489
7,0,10088.802,0.99439158,0.030157613,127,1,490,490
7,0,10100.767,0.99554171,0.030157613,127,1,491,491
7,0,10088.773,0.99971636,0.030157613,127,1,492,492
7,0,10083.231,0.99396236,0.030157613,127,1,493,493
7,0,10090.742,0.99213442,0.030157613,127,1,494,494
7,0,10087.735,0.9998923,0.030157613,127,1,495,495
7,0,10091.507,0.99113759,0.030157613,127,1,496,496
7,0,10087.644,0.97164895,0.030157613,127,1,497,497
7,0,10082.45,0.9905886,0.030157613,127,1,498,498
6,0,10083.58,0.99650318,0.030157613,63,1,499,499
7,0,10091.338,0.99418721,0.030157613,127,1,500,500
7,0,10096.013,0.99967031,0.030157613,127,1,501,501
7,0,10095.409,0.99630486,0.030157613,127,1,502,502
7,0,10086.788,0.99028358,0.030157613,127,1,503,503
7,0,10083.799,0.99709031,0.030157613,127,1,504,504
7,0,10086.771,0.96165218,0.030157613,255,1,505,505
7,0,10091.1,0.98929293,0.030157613,255,1,506,506
7,0,10089.216,0.97433381,0.030157613,127,1,507,507
7,0,10092.665,0.98998238,0.030157613,127,1,508,508
7,0,10088.744,0.9990564,0.030157613,127,1,509,509
7,0,10080.706,0.99745575,0.030157613,127,1,510,510
7,0,10093.97,0.99850365,0.030157613,127,1,511,511
7,0,10105.289,0.99614716,0.030157613,127,1,512,512
7,0,10108.671,0.99056124,0.030157613,127,1,513,513
7,0,10106.305,0.99956144,0.030157613,127,1,514,514
7,0,10092.75,0.99838889,0.030157613,127,1,515,515
7,0,10094.881,0.99827871,0.030157613,127,1,516,516
7,0,10073.743,0.99252368,0.030157613,127,1,517,517
6,0,10061.335,0.99775529,0.030157613,127,1,518,518
7,0,10063.561,0.99955529,0.030157613,127,1,519,519
8,0,10070.614,0.97774863,0.030157613,383,1,520,520
7,0,10063.026,0.99111382,0.030157613,255,1,521,521
6,0,10070.391,0.97088782,0.030157613,127,1,522,522
7,0,10077.127,0.99669704,0.030157613,127,1,523,523
7,0,10075.151,0.99270217,0.030157613,127,1,524,524
7,0,10076.683,0.9946184,0.030157613,127,1,525,525
7,0,10083.327,0.97776493,0.030157613,127,1,526,526
7,0,10078.629,0.99978883,0.030157613,127,1,527,527
7,0,10077.461,0.99916843,0.030157613,127,1,528,528
7,0,10077.65,0.99753238,0.030157613,127,1,529,529
7,0,10062.79,0.99995984,0.030157613,127,1,530,530
6,0,10081.438,0.98522223,0.030157613,63,1,531,531
7,0,10082.154,0.99672506,0.030157613,127,1,532,532
7,0,10088.555,0.98252397,0.030157613,127,1,533,533
6,0,10087.385,0.9942975,0.030157613,63,1,534,534
7,0,10096.986,0.97499309,0.030157613,127,1,535,535
7,0,10097.89,0.99984042,0.030157613,127,1,536,536
7,0,10096.747,0.99550647,0.030157613,255,1,537,537
8,0,10093.838,0.99559903,0.030157613,383,1,538,538
7,0,10086.122,0.98556418,0.030157613,255,1,539,539
7,0,10080.42,0.99095801,0.030157613,127,1,540,540
7,0,10070.325,0.99845926,0.030157613,127,1,541,541
7,0,10085.505,0.99703852,0.030157613,127,1,542,542
7,0,10093.053,0.98566371,0.030157613,127,1,543,543
7,0,10098.556,0.99851426,0.030157613,127,1,544,544
7,0,10093.018,0.98500225,0.030157613,127,1,545,545
7,0,10092.477,0.99543288,0.030157613,127,1,546,546
7,0,10096.564,0.99623995,0.030157613,127,1,547,547
7,0,10101.407,0.99922232,0.030157613,127,1,548,548
7,0,10103.045,0.99612565,0.030157613,127,1,549,549
7,0,10088.979,0.98131985,0.030157613,127,1,550,550
7,0,10090.082,0.99592243,0.030157613,127,1,551,551
7,0,10115.427,0.98859595,0.030157613,255,1,552,552
7,0,10101.518,0.99774322,0.030157613,255,1,553,553
7,0,10087.254,0.98806373,0.030157613,127,1,554,554
7,0,10085.918,0.99508525,0.030157613,127,1,555,555
7,0,10098.413,0.96999537,0.030157613,127,1,556,556
7,0,10101.001,0.99207326,0.030157613,127,1,557,557
7,0,10096.556,0.99297872,0.030157613,127,1,558,558
7,0,10091.917,0.96630878,0.030157613,127,1,559,559
7,0,10081.035,0.98230451,0.030157613,127,1,560,560
7,0,10099.062,0.99973793,0.030157613,255,1,561,561
7,0,10092.978,0.99948155,0.030157613,127,1,562,562
7,0,10092.401,0.98545334,0.030157613,127,1,563,563
7,0,10075.037,0.99954567,0.030157613,127,1,564,564
7,0,10083.484,0.99341371999999994,0.030157613,127,1,565,565
7,0,10073.444,0.9915174,0.030157613,127,1,566,566
7,0,10067.389,0.9997826,0.030157613,127,1,567,567
7,0,10079.082,0.98689582,0.030157613,127,1,568,568
8,0,10091.051,0.99006539,0.030157613,255,1,569,569
7,0,10097.203,0.99843255,0.030157613,127,1,570,570
7,0,10075.597,0.98925815,0.030157613,255,1,571,571
7,0,10086.931,0.99776353,0.030157613,255,1,572,572
7,0,10081.385,0.99733175,0.030157613,127,1,573,573
7,0,10078.572,0.97294109,0.030157613,127,1,574,574
7,0,10078.487,0.99260575,0.030157613,127,1,575,575
7,0,10080.149,0.9969699,0.030157613,127,1,576,576
7,0,10066.45,0.98370068,0.030157613,127,1,577,577
7,0,10078.683,0.95312793,0.030157613,127,1,578,578
7,0,10088.244,0.99925076,0.030157613,127,1,579,579
7,0,10084.608,0.99837834,0.030157613,127,1,580,580
7,0,10076.497,0.98481482,0.030157613,127,1,581,581
7,0,10081.273,0.99779495,0.030157613,127,1,582,582
7,0,10076.791,0.9846191,0.030157613,127,1,583,583
7,0,10077.541,0.96627959,0.030157613,127,1,584,584
7,0,10076.671,0.99828342,0.030157613,127,1,585,585
7,0,10087.425,0.99934436,0.030157613,127,1,586,586
7,0,10083.636,0.99985141,0.030157613,127,1,587,587
7,0,10077.147,0.99140417,0.030157613,127,1,588,588
7,0,10078.75,0.9983682,0.030157613,127,1,589,589
7,0,10091.418,0.99230216,0.030157613,127,1,590,590
7,0,10095.182,0.99858844,0.030157613,255,1,591,591
7,0,10081.189,0.99737765,0.030157613,127,1,592,592
6,0,10067.93,0.99982811,0.030157613,127,1,593,593
7,0,10067.664,0.96259246,0.030157613,255,1,594,594
7,0,10080.16,0.99849736,0.030157613,255,1,595,595
7,0,10097.628,0.99659531,0.030157613,127,1,596,596
7,0,10102.803,0.99374852,0.030157613,127,1,597,597
6,0,10102.133,0.99695804,0.030157613,63,1,598,598
7,0,10086.074,0.99157908,0.030157613,255,1,599,599
7,0,10069.263,0.99099481,0.030157613,127,1,600,600
7,0,10067.117,0.99842351,0.030157613,127,1,601,601
6,0,10069.264,0.99872376,0.030157613,63,1,602,602
7,0,10089.673,0.99312349,0.030157613,127,1,603,603
7,0,10082.865,0.98188739,0.030157613,127,1,604,604
7,0,10074.188,0.99633558,0.030157613,127,1,605,605
7,0,10081.859,0.93151059,0.030157613,127,1,606,606
7,0,10096.488,0.99844828,0.030157613,127,1,607,607
7,0,10090.775,0.99963483,0.030157613,127,1,608,608
7,0,10082.113,0.99689015,0.030157613,127,1,609,609
7,0,10075.362,0.99747869,0.030157613,127,1,610,610
7,0,10076.189,0.99416473,0.030157613,127,1,611,611
7,0,10082.429,0.98102233,0.030157613,127,1,612,612
7,0,10081.678,0.99381746,0.030157613,127,1,613,613
7,0,10076.109,0.99877789,0.030157613,127,1,614,614
7,0,10091.405,0.97951269,0.030157613,127,1,615,615
7,0,10082.613,0.99984581,0.030157613,127,1,616,616
7,0,10076.724,0.99060498,0.030157613,127,1,617,617
7,0,10073.51,0.994953,0.030157613,127,1,618,618
7,0,10066.583,0.99798942,0.030157613,127,1,619,619
7,0,10068.896,0.9892311,0.030157613,127,1,620,620
7,0,10078.334,0.97778868,0.030157613,127,1,621,621
7,0,10066.187,0.99762451,0.030157613,127,1,622,622
7,0,10066.012,0.99244042,0.030157613,127,1,623,623
7,0,10065.782,0.99476589,0.030157613,127,1,624,624
7,0,10074.251,0.99738179,0.030157613,127,1,625,625
7,0,10077.744,0.97357385,0.030157613,127,1,626,626
7,0,10077.691,0.98440442,0.030157613,255,1,627,627
7,0,10074.524,0.99186042,0.030157613,127,1,628,628
7,0,10083.813,0.99069632,0.030157613,127,1,629,629
7,0,10081.313,0.99188494,0.030157613,127,1,630,630
7,0,10102.25,0.93676966,0.030157613,127,1,631,631
7,0,10090.308,0.99801424,0.030157613,127,1,632,632
7,0,10072.251,0.99165156,0.030157613,127,1,633,633
7,0,10092.622,0.99828788,0.030157613,127,1,634,634
7,0,10093.782,0.98759911,0.030157613,127,1,635,635
7,0,10084.656,0.99210859,0.030157613,127,1,636,636
7,0,10077.372,0.98810681,0.030157613,127,1,637,637
7,0,10085.829,0.99240414,0.030157613,127,1,638,638
7,0,10094.807,0.98173789,0.030157613,127,1,639,639
7,0,10081.037,0.99978227,0.030157613,127,1,640,640
7,0,10080.115,0.99273281,0.030157613,127,1,641,641
7,0,10086.277,0.97982686,0.030157613,127,1,642,642
7,0,10070.257,0.99945935,0.030157613,127,1,643,643
7,0,10081.976,0.99189904,0.030157613,127,1,644,644
7,0,10069.882,0.99207512,0.030157613,127,1,645,645
7,0,10076.515,0.97390927,0.030157613,127,1,646,646
7,0,10080.724,0.99413005,0.030157613,127,1,647,647
7,0,10084.157,0.97898113,0.030157613,127,1,648,648
7,0,10082.848,0.99447705,0.030157613,127,1,649,649
7,0,10087.769,0.97478764,0.030157613,127,1,650,650
7,0,10081.492,0.99343393,0.030157613,127,1,651,651
7,0,10094.165,0.99765522,0.030157613,127,1,652,652
7,0,10106.047,0.99775435,0.030157613,127,1,653,653
7,0,10106.346,0.99445278,0.030157613,127,1,654,654
7,0,10090.248,1,0.030157613,127,1,655,655
7,0,10097.438,0.98365423,0.030157613,127,1,656,656
7,0,10086.343,0.97903462,0.030157613,127,1,657,657
7,0,10087.674,0.99415649,0.030157613,127,1,658,658
7,0,10097.928,0.99201128,0.030157613,127,1,659,659
7,0,10098.131,0.99558379,0.030157613,127,1,660,660
7,0,10104.699,0.96461248,0.030157613,127,1,661,661
7,0,10095.436,0.9999863,0.030157613,127,1,662,662
7,0,10081.382,0.9996887,0.030157613,127,1,663,663
7,0,10085.334,0.99297372,0.030157613,127,1,664,664
7,0,10096.947,0.9982483,0.030157613,127,1,665,665
6,0,10084.327,0.9964867,0.030157613,63,1,666,666
8,0,10089.929,0.98999747,0.030157613,383,1,667,667
7,0,10102.503,0.99932537,0.030157613,127,1,668,668
7,0,10088.409,0.99886486,0.030157613,255,1,669,669
7,0,10085.99,0.99506101,0.030157613,255,1,670,670
7,0,10087.85,0.99911491,0.030157613,127,1,671,671
7,0,10099.461,0.97992605,0.030157613,127,1,672,672
7,0,10099.722,0.99173485,0.030157613,127,1,673,673
7,0,10088.8,0.9993517,0.030157613,127,1,674,674
7,0,10081.463,0.99764262,0.030157613,127,1,675,675
7,0,10083.496,0.99966173,0.030157613,127,1,676,676
7,0,10088.776,0.99669745,0.030157613,127,1,677,677
7,0,10079.746,0.99766473,0.030157613,127,1,678,678
7,0,10087.673,0.98523117,0.030157613,127,1,679,679
7,0,10085.051,0.99897757,0.030157613,127,1,680,680
7,0,10069.985,0.99958768,0.030157613,127,1,681,681
7,0,10077.473,0.99468699,0.030157613,127,1,682,682
7,0,10083.324,0.99823481,0.030157613,127,1,683,683
7,0,10097.414,0.88675787,0.030157613,127,1,684,684
7,0,10085.222,0.98091337,0.030157613,127,1,685,685
7,0,10086.324,0.99879506,0.030157613,127,1,686,686
7,0,10076.146,0.99632694,0.030157613,127,1,687,687
7,0,10079.679,0.99702494,0.030157613,127,1,688,688
7,0,10098.756,0.97625065,0.030157613,127,1,689,689
7,0,10102.805,0.99443194,0.030157613,127,1,690,690
7,0,10100.072,0.99076068,0.030157613,127,1,691,691
7,0,10105.81,0.99991397,0.030157613,127,1,692,692
7,0,10106.01,0.95417509,0.030157613,127,1,693,693
7,0,10103.707,0.99988123,0.030157613,127,1,694,694
7,0,10111.809,0.97181067,0.030157613,127,1,695,695
7,0,10101.873,0.99382676,0.030157613,127,1,696,696
7,0,10096.253,0.99760465,0.030157613,127,1,697,697
7,0,10086.86,0.98837648,0.030157613,127,1,698,698
6,0,10080.608,0.99589028,0.030157613,63,1,699,699
6,0,10069.463,0.98769289,0.030157613,127,1,700,700
7,0,10084.196,0.96775763,0.030157613,127,1,701,701
7,0,10086.198,0.99966452,0.030157613,127,1,702,702
7,0,10083.655,0.99959609,0.030157613,127,1,703,703
7,0,10081.508,0.99820585,0.030157613,127,1,704,704
7,0,10080.2,0.97074981,0.030157613,127,1,705,705
7,0,10090.712,0.98427942,0.030157613,127,1,706,706
7,0,10111.495,0.99955126,0.030157613,127,1,707,707
7,0,10116.355,0.99754696,0.030157613,127,1,708,708
6,0,10112.033,0.99273668,0.030157613,63,1,709,709
7,0,10092.607,0.99194443,0.030157613,127,1,710,710
7,0,10091.652,0.98934455,0.030157613,127,1,711,711
7,0,10088.58,0.94722597,0.030157613,127,1,712,712
7,0,10094.438,0.98485826,0.030157613,255,1,713,713
8,0,10082.319,0.99391901,0.030157613,383,1,714,714
7,0,10080.109,0.94418472,0.030157613,127,1,715,715
7,0,10069.718,0.99030094,0.030157613,127,1,716,716
7,0,10065.024,0.99210673,0.030157613,127,1,717,717
7,0,10077.912,0.9827448,0.030157613,127,1,718,718
7,0,10077.087,0.98898823,0.030157613,127,1,719,719
7,0,10067.945,0.99640531,0.030157613,127,1,720,720
7,0,10064.945,0.99422245,0.030157613,127,1,721,721
7,0,10063.546,0.98646448,0.030157613,127,1,722,722
7,0,10061.415,0.99663559,0.030157613,127,1,723,723
7,0,10073.932,0.98648192,0.030157613,127,1,724,724
7,0,10073.41,0.985238,0.030157613,127,1,725,725
7,0,10089.9,0.99595843,0.030157613,127,1,726,726
7,0,10078.077,0.9886611,0.030157613,127,1,727,727
7,0,10073.895,0.99837179,0.030157613,127,1,728,728
7,0,10089.918,0.97201005,0.030157613,127,1,729,729
7,0,10073.514,0.99929656,0.030157613,127,1,730,730
7,0,10087.397,0.99232626,0.030157613,127,1,731,731
7,0,10088.099,0.99896238,0.030157613,127,1,732,732
7,0,10092.953,0.99447758,0.030157613,127,1,733,733
7,0,10085.608,0.99880082,0.030157613,127,1,734,734
7,0,10088.841,0.99584134,0.030157613,127,1,735,735
7,0,10081.487,0.99675312,0.030157613,127,1,736,736
7,0,10078.927,0.98053798,0.030157613,127,1,737,737
7,0,10093.097,0.99658572,0.030157613,127,1,738,738
7,0,10086.668,0.99981259,0.030157613,127,1,739,739
7,0,10092.244,0.99597952,0.030157613,127,1,740,740
7,0,10092.949,0.98412336,0.030157613,127,1,741,741
7,0,10077.957,0.98448908,0.030157613,127,1,742,742
7,0,10073.098,0.97772999,0.030157613,127,1,743,743
7,0,10078.57,0.99470294,0.030157613,127,1,744,744
7,0,10085.257,0.99600009,0.030157613,127,1,745,745
7,0,10082.427,0.99735523,0.030157613,127,1,746,746
7,0,10086.617,0.98211436,0.030157613,127,1,747,747
7,0,10078.885,0.99668154,0.030157613,127,1,748,748
6,0,10076.519,0.99694798,0.030157613,63,1,749,749
7,0,10078.938,0.97514962,0.030157613,127,1,750,750
6,0,10076.158,0.99903534,0.030157613,127,1,751,751
7,0,10075.223,0.99048308,0.030157613,127,1,752,752
7,0,10074.459,0.97775256,0.030157613,127,1,753,753
6,0,10072.465,0.99486521000000006,0.030157613,63,1,754,754
7,0,10078.009,0.99476637,0.030157613,127,1,755,755
6,0,10073.085,0.96324887,0.030157613,127,1,756,756
7,0,10077.399,0.99731325,0.030157613,127,1,757,757
7,0,10088.232,0.99508955,0.030157613,127,1,758,758
7,0,10096.559,0.9990528,0.030157613,127,1,759,759
7,0,10100.433,0.99926542,0.030157613,127,1,760,760
7,0,10085.153,0.99617946,0.030157613,127,1,761,761
7,0,10077.277,0.98567205,0.030157613,127,1,762,762
7,0,10080.204,0.99658862,0.030157613,127,1,763,763
7,0,10095.326,0.99741393,0.030157613,127,1,764,764
7,0,10100.556,0.9986603,0.030157613,127,1,765,765
7,0,10104.994,0.9892001,0.030157613,127,1,766,766
7,0,10083.451,0.99573376,0.030157613,127,1,767,767
7,0,10093.615,0.98156765,0.030157613,127,1,768,768
7,0,10100.016,0.99851231,0.030157613,127,1,769,769
7,0,10084.439,0.99299536,0.030157613,127,1,770,770
7,0,10077.819,0.98266183,0.030157613,127,1,771,771
7,0,10079.477,0.99696118,0.030157613,127,1,772,772
7,0,10078.901,0.98198986,0.030157613,127,1,773,773
7,0,10074.901,0.99853203,0.030157613,127,1,774,774
7,0,10071.43,0.99864263,0.030157613,127,1,775,775
7,0,10080.761,0.99850702,0.030157613,255,1,776,776
7,0,10080.11,0.99776738,0.030157613,127,1,777,777
7,0,10085.374,0.98009094,0.030157613,127,1,778,778
7,0,10087.258,0.99882082,0.030157613,127,1,779,779
7,0,10078.243,0.9999081,0.030157613,127,1,780,780
7,0,10100.082,0.96837413,0.030157613,127,1,781,781
7,0,10091.642,0.99935515,0.030157613,127,1,782,782
7,0,10076.07,0.99752855,0.030157613,127,1,783,783
7,0,10079.428,0.98831898,0.030157613,127,1,784,784
7,0,10084.759,0.98973516,0.030157613,127,1,785,785
7,0,10085.818,0.936935,0.030157613,127,1,786,786
7,0,10083.871,0.99801254,0.030157613,127,1,787,787
7,0,10085.908,0.99809137,0.030157613,127,1,788,788
7,0,10088.508,0.99945741,0.030157613,127,1,789,789
7,0,10070.138,0.99751327,0.030157613,127,1,790,790
7,0,10085.744,0.94097582,0.030157613,127,1,791,791
7,0,10085.158,0.99993102,0.030157613,127,1,792,792
7,0,10103.078,0.95237094,0.030157613,127,1,793,793
7,0,10100.721,0.99736745,0.030157613,127,1,794,794
7,0,10098.248,0.99700471,0.030157613,127,1,795,795
7,0,10103.125,0.99843214,0.030157613,127,1,796,796
7,0,10096.764,0.99329438,0.030157613,127,1,797,797
7,0,10102.303,0.99847908,0.030157613,127,1,798,798
7,0,10092.213,0.99550266,0.030157613,127,1,799,799
7,0,10086.671,0.93617654,0.030157613,127,1,800,800
7,0,10082.731,0.99982335,0.030157613,127,1,801,801
7,0,10069.288,0.99989507,0.030157613,127,1,802,802
7,0,10068.175,0.9947177,0.030157613,127,1,803,803
7,0,10068.454,0.99698219,0.030157613,127,1,804,804
7,0,10073.51,0.96965672,0.030157613,127,1,805,805
7,0,10071.658,0.9999011,0.030157613,127,1,806,806
7,0,10073.041,0.99901417,0.030157613,255,1,807,807
6,0,10084.552,0.98182847,0.030157613,63,1,808,808
7,0,10085.668,0.99674263,0.030157613,127,1,809,809
7,0,10089.462,0.99778874,0.030157613,127,1,810,810
7,0,10087.241,0.9910726,0.030157613,127,1,811,811
7,0,10092.419,0.99537088,0.030157613,127,1,812,812
6,0,10073.81,0.99780548,0.030157613,127,1,813,813
7,0,10086.697,0.97536171,0.030157613,127,1,814,814
7,0,10080.986,0.99957607,0.030157613,127,1,815,815
7,0,10075.218,0.99932047,0.030157613,127,1,816,816
7,0,10080.714,0.98750316,0.030157613,127,1,817,817
7,0,10067.079,0.9967071,0.030157613,127,1,818,818
7,0,10073.097,0.96342148,0.030157613,127,1,819,819
6,0,10075.088,0.99478656,0.030157613,127,1,820,820
7,0,10083.578,0.99958971,0.030157613,127,1,821,821
7,0,10081.065,0.99632416,0.030157613,127,1,822,822
7,0,10085.22,0.99033683,0.030157613,127,1,823,823
7,0,10094.472,0.99064387,0.030157613,255,1,824,824
7,0,10096.67,0.99711657,0.030157613,127,1,825,825
7,0,10096.882,0.99073751,0.030157613,127,1,826,826
7,0,10097.786,0.99650713,0.030157613,127,1,827,827
6,0,10084.94,0.99931986,0.030157613,63,1,828,828
7,0,10090.983,0.99804144,0.030157613,127,1,829,829
7,0,10076.345,0.99953843,0.030157613,127,1,830,830
7,0,10078.221,0.98228796,0.030157613,127,1,831,831
6,0,10093.566,0.99987091,0.030157613,63,1,832,832
7,0,10095.053,0.99929294,0.030157613,127,1,833,833
7,0,10076.868,0.99988782,0.030157613,127,1,834,834
7,0,10076.289,0.9972212,0.030157613,127,1,835,835
7,0,10088.529,0.98888487,0.030157613,127,1,836,836
7,0,10075.477,0.99582178,0.030157613,127,1,837,837
7,0,10065.611,0.9999832,0.030157613,127,1,838,838
7,0,10067.65,0.97114461,0.030157613,127,1,839,839
6,0,10075.325,0.9820001,0.030157613,63,1,840,840
7,0,10057.391,0.99980954,0.030157613,127,1,841,841
7,0,10077.426,0.98764454,0.030157613,127,1,842,842
7,0,10089.273,0.99327636,0.030157613,127,1,843,843
7,0,10076.443,0.99821989,0.030157613,127,1,844,844
7,0,10085.142,0.98343621,0.030157613,127,1,845,845
7,0,10082.561,0.99795924,0.030157613,127,1,846,846
7,0,10094.167,0.99883727,0.030157613,127,1,847,847
7,0,10080.75,0.9819964,0.030157613,127,1,848,848
7,0,10087.803,0.9557837,0.030157613,127,1,849,849
6,0,10078.763,0.99989972,0.030157613,63,1,850,850
7,0,10088.287,0.99349148,0.030157613,127,1,851,851
7,0,10089.978,0.98908339,0.030157613,127,1,852,852
7,0,10087.815,0.95709738,0.030157613,127,1,853,853
7,0,10081.823,0.999374,0.030157613,127,1,854,854
7,0,10083.414,0.99026896,0.030157613,127,1,855,855
7,0,10096.243,0.99296938,0.030157613,127,1,856,856
7,0,10084.569,0.99996553,0.030157613,127,1,857,857
7,0,10076.934,0.99861172,0.030157613,127,1,858,858
7,0,10089.321,0.99693024,0.030157613,127,1,859,859
7,0,10086.952,0.99266954,0.030157613,127,1,860,860
7,0,10070.408,0.99851553,0.030157613,127,1,861,861
7,0,10073.032,0.99880555,0.030157613,127,1,862,862
7,0,10065.969,0.98119735,0.030157613,127,1,863,863
7,0,10065.706,0.96734945,0.030157613,127,1,864,864
7,0,10073.245,0.9900428,0.030157613,127,1,865,865
7,0,10092.917,0.99682977,0.030157613,127,1,866,866
7,0,10080.543,0.9784091,0.030157613,127,1,867,867
7,0,10095.579,0.99531241,0.030157613,127,1,868,868
7,0,10087.552,0.99334137,0.030157613,127,1,869,869
7,0,10071.51,0.97875121,0.030157613,127,1,870,870
7,0,10074.103,0.98671983,0.030157613,127,1,871,871
7,0,10088.96,0.99869897,0.030157613,127,1,872,872
7,0,10102.273,0.99263206,0.030157613,127,1,873,873
7,0,10094.824,0.99117465,0.030157613,127,1,874,874
7,0,10095.965,0.99237211,0.030157613,127,1,875,875
7,0,10095.51,0.9929442,0.030157613,127,1,876,876
7,0,10098.656,0.99735386,0.030157613,255,1,877,877
7,0,10095.47,0.98515303,0.030157613,127,1,878,878
7,0,10104.921,0.99983683,0.030157613,127,1,879,879
7,0,10097.805,0.98349262,0.030157613,127,1,880,880
7,0,10082.325,0.99349055,0.030157613,127,1,881,881
7,0,10081.436,0.99655616,0.030157613,127,1,882,882
7,0,10090.703,0.99831163,0.030157613,127,1,883,883
7,0,10094.094,0.99075095,0.030157613,127,1,884,884
7,0,10092.843,0.9899643,0.030157613,127,1,885,885
7,0,10093.492,0.96961113,0.030157613,127,1,886,886
7,0,10077.105,0.99957455,0.030157613,127,1,887,887
7,0,10075.351,0.98949362,0.030157613,127,1,888,888
7,0,10074.747,0.9905055,0.030157613,127,1,889,889
7,0,10076.085,0.99841585,0.030157613,127,1,890,890
7,0,10080.836,0.98111918,0.030157613,127,1,891,891
8,0,10081.64,0.95681863,0.030157613,383,1,892,892
7,0,10069.357,1,0.030157613,127,1,893,893
7,0,10069.116,0.99980585,0.030157613,127,1,894,894
7,0,10071.891,0.99027725,0.030157613,127,1,895,895
7,0,10087.237,0.98676942,0.030157613,127,1,896,896
7,0,10082.95,0.99827508,0.030157613,127,1,897,897
7,0,10081.734,0.99947012,0.030157613,127,1,898,898
7,0,10076.522,0.9868301,0.030157613,127,1,899,899
7,0,10075.864,0.99985254,0.030157613,127,1,900,900
7,0,10089.187,0.99821838,0.030157613,127,1,901,901
7,0,10077.513,0.98425975,0.030157613,127,1,902,902
6,0,10080.626,0.98747438,0.030157613,127,1,903,903
6,0,10079.826,0.99745118,0.030157613,127,1,904,904
7,0,10077.941,0.98610915,0.030157613,127,1,905,905
7,0,10080.716,0.95948988,0.030157613,127,1,906,906
7,0,10082.35,0.989789,0.030157613,127,1,907,907
7,0,10074.912,0.96891462,0.030157613,127,1,908,908
7,0,10068.068,0.9993597,0.030157613,127,1,909,909
7,0,10076.599,0.9939199,0.030157613,127,1,910,910
7,0,10088.768,0.99165572,0.030157613,127,1,911,911
7,0,10089.026,0.9862215,0.030157613,127,1,912,912
7,0,10090.111,0.99850272,0.030157613,127,1,913,913
7,0,10084.629,0.97753536,0.030157613,127,1,914,914
7,0,10076.43,0.99344079,0.030157613,127,1,915,915
7,0,10088.76,0.89865343,0.030157613,127,1,916,916
7,0,10088.445,0.9987541,0.030157613,127,1,917,917
7,0,10087.598,0.99488301,0.030157613,127,1,918,918
7,0,10082.622,0.99940801,0.030157613,127,1,919,919
7,0,10068.063,0.99701125,0.030157613,127,1,920,920
7,0,10077.335,0.97664467,0.030157613,127,1,921,921
7,0,10084.265,0.99810799,0.030157613,127,1,922,922
7,0,10080.999,0.98503619,0.030157613,127,1,923,923
7,0,10070.093,0.99936599,0.030157613,127,1,924,924
7,0,10084.502,0.97482199,0.030157613,127,1,925,925
7,0,10092.429,0.9950937,0.030157613,127,1,926,926
7,0,10078.507,0.99951982,0.030157613,127,1,927,927
7,0,10080.726,0.99288711,0.030157613,127,1,928,928
7,0,10081.02,0.9845798,0.030157613,127,1,929,929
7,0,10082.719,0.99567524,0.030157613,127,1,930,930
7,0,10081.474,0.99695696,0.030157613,127,1,931,931
7,0,10072.49,0.99162112,0.030157613,127,1,932,932
7,0,10078.299,0.99687369,0.030157613,127,1,933,933
7,0,10075.312,0.99113137,0.030157613,127,1,934,934
7,0,10080.386,0.98104791,0.030157613,255,1,935,935
7,0,10076.949,0.9865846,0.030157613,127,1,936,936
6,0,10085.707,0.99937787,0.030157613,127,1,937,937
7,0,10086.704,0.96420297,0.030157613,127,1,938,938
7,0,10077.613,0.98009563,0.030157613,127,1,939,939
7,0,10091.357,0.97406212,0.030157613,127,1,940,940
7,0,10089.48,0.99665814,0.030157613,127,1,941,941
7,0,10090.702,0.95616164,0.030157613,191,1,942,942
6,0,10071.987,0.99958341,0.030157613,63,1,943,943
7,0,10075.337,0.99794537,0.030157613,127,1,944,944
7,0,10085.691,0.99669138,0.030157613,127,1,945,945
7,0,10094.718,0.99685096,0.030157613,127,1,946,946
7,0,10090.111,0.99544323,0.030157613,127,1,947,947
7,0,10094.756,0.99762337,0.030157613,127,1,948,948
8,0,10092.789,0.99765405,0.030157613,383,1,949,949
7,0,10082.399,0.98732279,0.030157613,127,1,950,950
7,0,10087.307,0.99990552,0.030157613,127,1,951,951
7,0,10092.652,0.99898755,0.030157613,127,1,952,952
7,0,10095.115,0.99996202,0.030157613,127,1,953,953
7,0,10087.774,0.9917698,0.030157613,127,1,954,954
7,0,10080.858,0.99508503,0.030157613,127,1,955,955
7,0,10077.424,0.99178986,0.030157613,127,1,956,956
7,0,10089.789,0.99289975,0.030157613,127,1,957,957
7,0,10095.898,0.97504463,0.030157613,127,1,958,958
7,0,10107.19,0.99226117,0.030157613,127,1,959,959
7,0,10086.915,0.99967924,0.030157613,127,1,960,960
7,0,10089.566,0.99613033,0.030157613,127,1,961,961
7,0,10099.594,0.96507372,0.030157613,127,1,962,962
7,0,10096.18,0.98067659,0.030157613,127,1,963,963
7,0,10084.432,0.99997261,0.030157613,127,1,964,964
7,0,10072.849,0.98977998,0.030157613,127,1,965,965
7,0,10070.905,0.98779044,0.030157613,127,1,966,966
7,0,10075.858,0.99170932999999994,0.030157613,127,1,967,967
7,0,10072.665,0.99552158,0.030157613,127,1,968,968
7,0,10078.968,0.99464085,0.030157613,127,1,969,969
7,0,10070.308,0.99969181,0.030157613,127,1,970,970
7,0,10082.428,0.99935389,0.030157613,127,1,971,971
7,0,10084.187,0.99595448,0.030157613,127,1,972,972
7,0,10090.558,0.96028067,0.030157613,127,1,973,973
7,0,10084.069,0.9990248,0.030157613,127,1,974,974
8,0,10100.605,0.97779811,0.030157613,255,1,975,975
7,0,10107.556,0.99102758,0.030157613,127,1,976,976
7,0,10099.471,0.97125106,0.030157613,255,1,977,977
7,0,10079.895,0.97727767,0.030157613,127,1,978,978
7,0,10083.865,0.98189247,0.030157613,127,1,979,979
7,0,10077.017,0.99902422,0.030157613,127,1,980,980
7,0,10078.627,0.97677833,0.030157613,127,1,981,981
7,0,10082.102,0.99444378,0.030157613,127,1,982,982
7,0,10090.823,0.9941646,0.030157613,127,1,983,983
7,0,10096.46,1,0.030157613,127,1,984,984
7,0,10073.396,0.99875538,0.030157613,127,1,985,985
7,0,10077.373,0.98974677,0.030157613,127,1,986,986
7,0,10069.774,0.98223955,0.030157613,191,1,987,987
7,0,10075.445,0.98395183,0.030157613,127,1,988,988
7,0,10085.841,0.99961451,0.030157613,127,1,989,989
7,0,10085.155,0.99558951,0.030157613,127,1,990,990
7,0,10092.721,0.9762038,0.030157613,127,1,991,991
6,0,10085.792,0.99997879,0.030157613,127,1,992,992
7,0,10077.387,0.99981575,0.030157613,127,1,993,993
7,0,10072.634,0.9913125,0.030157613,127,1,994,994
7,0,10073.655,0.99697193,0.030157613,127,1,995,995
7,0,10072.965,0.99741904,0.030157613,255,1,996,996
7,0,10067.453,0.9840565,0.030157613,127,1,997,997
7,0,10075.724,0.99838852,0.030157613,127,1,998,998
7,0,10088.432,0.99537665,0.030157613,127,1,999,999
7,0,10087.473,0.99178605,0.030157613,127,1,1000,1000
7,0,10079.884,0.99785778,0.022927143,255,2,1,1001
7,0,10078.309,0.99986649,0.022927143,127,2,2,1002
7,0,10082.442,0.99846802,0.022927143,127,2,3,1003
7,0,10079.662,0.98683261,0.022927143,127,2,4,1004
7,0,10080.84,0.99950168,0.022927143,127,2,5,1005
7,0,10083.531,0.99900099,0.022927143,127,2,6,1006
7,0,10074.374,0.9994859,0.022927143,255,2,7,1007
7,0,10070.752,0.99560807,0.022927143,127,2,8,1008
8,0,10086.558,0.99750484,0.022927143,511,2,9,1009
7,0,10096.43,0.99903607,0.022927143,127,2,10,1010
7,0,10083.477,0.99971706,0.022927143,255,2,11,1011
8,0,10087.407,0.99757847,0.022927143,383,2,12,1012
7,0,10105.205,0.99719783,0.022927143,127,2,13,1013
8,0,10100.139,0.98926706,0.022927143,255,2,14,1014
7,0,10101.496,0.99174582,0.022927143,127,2,15,1015
8,0,10092.156,0.99948166,0.022927143,383,2,16,1016
7,0,10088.328,0.96662389,0.022927143,127,2,17,1017
7,0,10090.318,0.99798595,0.022927143,127,2,18,1018
7,0,10086.716,0.99996162,0.022927143,127,2,19,1019
7,0,10066.301,0.99879513,0.022927143,127,2,20,1020
7,0,10081.011,0.99146878,0.022927143,127,2,21,1021
7,0,10079.307,0.9918245,0.022927143,255,2,22,1022
7,0,10074.791,0.99954569,0.022927143,127,2,23,1023
7,0,10067.836,0.99962027,0.022927143,127,2,24,1024
8,0,10080.435,0.99819378,0.022927143,255,2,25,1025
7,0,10093.706,0.99837809,0.022927143,255,2,26,1026
8,0,10099.32,0.98306499,0.022927143,255,2,27,1027
7,0,10103.59,0.99888449,0.022927143,255,2,28,1028
7,0,10102.598,0.99597319,0.022927143,255,2,29,1029
7,0,10096.764,0.99832089,0.022927143,255,2,30,1030
8,0,10103.853,0.99783266,0.022927143,255,2,31,1031
7,0,10101.857,0.99840216,0.022927143,127,2,32,1032
7,0,10095.696,0.986436,0.022927143,127,2,33,1033
7,0,10087.227,0.99887588,0.022927143,127,2,34,1034
7,0,10084.213,0.99873158,0.022927143,255,2,35,1035
8,0,10093.779,0.99922439,0.022927143,383,2,36,1036
7,0,10084.534,0.9998525,0.022927143,127,2,37,1037
7,0,10081.678,0.997955,0.022927143,255,2,38,1038
8,0,10093.489,0.99791018,0.022927143,383,2,39,1039
7,0,10089.245,0.99732471,0.022927143,255,2,40,1040
7,0,10081.465,0.99944977,0.022927143,127,2,41,1041
7,0,10087.732,0.9977848,0.022927143,255,2,42,1042
7,0,10093.563,0.99854794,0.022927143,255,2,43,1043
7,0,10085.723,0.98142304,0.022927143,127,2,44,1044
7,0,10097.294,0.99945082,0.022927143,127,2,45,1045
9,0,10087.765,0.99372685,0.022927143,511,2,46,1046
7,0,10090.119,0.9864582,0.022927143,127,2,47,1047
8,0,10094.692,0.99879364,0.022927143,255,2,48,1048
8,0,10090.557,0.99068636,0.022927143,255,2,49,1049
8,0,10088.173,0.9996668,0.022927143,383,2,50,1050
7,0,10091.563,0.99888737,0.022927143,127,2,51,1051
7,0,10082.811,0.99974395,0.022927143,127,2,52,1052
7,0,10084.422,0.98580575,0.022927143,127,2,53,1053
7,0,10089.491,0.99896169,0.022927143,127,2,54,1054
7,0,10071.592,0.9987335,0.022927143,127,2,55,1055
7,0,10065.37,0.99496273,0.022927143,127,2,56,1056
7,0,10073.817,0.97382752,0.022927143,127,2,57,1057
7,0,10080.25,0.9988857,0.022927143,127,2,58,1058
7,0,10069.306,0.99940945,0.022927143,127,2,59,1059
8,0,10074.508,0.99581799,0.022927143,383,2,60,1060
8,0,10088.091,0.99553032,0.022927143,511,2,61,1061
7,0,10074.791,0.99925667,0.022927143,127,2,62,1062
7,0,10062.776,0.9962244,0.022927143,127,2,63,1063
7,0,10061.477,0.99773229,0.022927143,127,2,64,1064
7,0,10068.475,0.99468513,0.022927143,127,2,65,1065
7,0,10077.011,0.98854948,0.022927143,255,2,66,1066
7,0,10080.159,0.99884299,0.022927143,127,2,67,1067
7,0,10074.747,0.98402079,0.022927143,127,2,68,1068
7,0,10068.649,0.99952798,0.022927143,255,2,69,1069
7,0,10079.658,0.99618162,0.022927143,127,2,70,1070
7,0,10086.211,0.99816425,0.022927143,255,2,71,1071
7,0,10094.631,0.99707999,0.022927143,127,2,72,1072
7,0,10087.812,0.96901398,0.022927143,127,2,73,1073
7,0,10087.56,0.98079856,0.022927143,127,2,74,1074
7,0,10083.059,0.99981071,0.022927143,127,2,75,1075
7,0,10079.414,0.99957425,0.022927143,127,2,76,1076
7,0,10076.912,0.99489597,0.022927143,127,2,77,1077
8,0,10088.215,0.99829547,0.022927143,383,2,78,1078
7,0,10085.948,0.99354646,0.022927143,255,2,79,1079
7,0,10099.639,0.99255523,0.022927143,127,2,80,1080
7,0,10086.592,0.99999831,0.022927143,127,2,81,1081
7,0,10078.041,0.99256418,0.022927143,127,2,82,1082
7,0,10083.402,0.99080609,0.022927143,127,2,83,1083
7,0,10088.228,0.99984487,0.022927143,127,2,84,1084
8,0,10079.046,0.99333256,0.022927143,383,2,85,1085
7,0,10085.426,0.9870112,0.022927143,127,2,86,1086
7,0,10084.833,0.9993223,0.022927143,127,2,87,1087
7,0,10086.566,0.99845528,0.022927143,127,2,88,1088
7,0,10083.825,0.99153882,0.022927143,127,2,89,1089
7,0,10086.779,0.99647829,0.022927143,127,2,90,1090
7,0,10086.856,0.99921771,0.022927143,127,2,91,1091
7,0,10080.124,0.99996543,0.022927143,127,2,92,1092
7,0,10092.746,0.98709384,0.022927143,255,2,93,1093
7,0,10073.679,0.99963283,0.022927143,127,2,94,1094
7,0,10078.873,0.99346464,0.022927143,127,2,95,1095
7,0,10075.558,0.9986297,0.022927143,127,2,96,1096
7,0,10083.417,0.99475863,0.022927143,127,2,97,1097
7,0,10081.702,0.99452502,0.022927143,127,2,98,1098
7,0,10070.885,0.99953378,0.022927143,127,2,99,1099
8,0,10088.865,0.99149698,0.022927143,255,2,100,1100
7,0,10094.731,0.99047077,0.022927143,127,2,101,1101
8,0,10089.712,0.99576341,0.022927143,255,2,102,1102
7,0,10080.569,0.99347355,0.022927143,127,2,103,1103
8,0,10077.515,0.98864648,0.022927143,511,2,104,1104
7,0,10076.652,0.99942242,0.022927143,127,2,105,1105
7,0,10074.572,0.99994805,0.022927143,255,2,106,1106
8,0,10077.524,0.99901651,0.022927143,511,2,107,1107
7,0,10075.898,0.99765872,0.022927143,255,2,108,1108
7,0,10069.459,0.98976443,0.022927143,127,2,109,1109
7,0,10073.412,0.9982794,0.022927143,127,2,110,1110
7,0,10084.082,0.99146597,0.022927143,127,2,111,1111
7,0,10074.727,0.98845455,0.022927143,127,2,112,1112
7,0,10065.987,0.99943834,0.022927143,127,2,113,1113
7,0,10052.628,0.9997153,0.022927143,127,2,114,1114
7,0,10069.448,0.97768154,0.022927143,127,2,115,1115
7,0,10077.764,0.99976589,0.022927143,127,2,116,1116
7,0,10059.675,0.9975944,0.022927143,127,2,117,1117
7,0,10070.357,0.99989338,0.022927143,127,2,118,1118
8,0,10068.519,0.99732321,0.022927143,383,2,119,1119
8,0,10062.596,0.99002001,0.022927143,255,2,120,1120
7,0,10061.598,0.99133276,0.022927143,255,2,121,1121
8,0,10066.436,0.97001117,0.022927143,255,2,122,1122
7,0,10073.122,0.99793547,0.022927143,127,2,123,1123
7,0,10075.67,0.99979934,0.022927143,127,2,124,1124
7,0,10079.918,0.9971113,0.022927143,255,2,125,1125
7,0,10093.569,0.99768695,0.022927143,127,2,126,1126
7,0,10080.453,0.99177505,0.022927143,127,2,127,1127
7,0,10079.037,0.99842061,0.022927143,127,2,128,1128
7,0,10067.307,0.99757377,0.022927143,255,2,129,1129
8,0,10076.817,0.99683147,0.022927143,511,2,130,1130
8,0,10079.109,0.99891356,0.022927143,383,2,131,1131
7,0,10075.441,0.99264702,0.022927143,255,2,132,1132
8,0,10070.934,0.99423826,0.022927143,255,2,133,1133
8,0,10070.085,0.99997646,0.022927143,255,2,134,1134
8,0,10076.128,0.9954955,0.022927143,511,2,135,1135
7,0,10068.026,0.99221396,0.022927143,255,2,136,1136
7,0,10064.314,0.99673539,0.022927143,127,2,137,1137
7,0,10079.808,0.98819676,0.022927143,255,2,138,1138
7,0,10093.825,0.99242402,0.022927143,127,2,139,1139
7,0,10075.912,0.99997338,0.022927143,255,2,140,1140
7,0,10069.973,0.99796135,0.022927143,255,2,141,1141
7,0,10071.039,0.98304553,0.022927143,127,2,142,1142
7,0,10072.37,0.99834784,0.022927143,255,2,143,1143
7,0,10075.387,0.99646949,0.022927143,127,2,144,1144
7,0,10082.75,0.99654034,0.022927143,127,2,145,1145
7,0,10075.033,0.99800266,0.022927143,127,2,146,1146
7,0,10078.617,0.97057344,0.022927143,127,2,147,1147
7,0,10076.131,0.97065091,0.022927143,127,2,148,1148
8,0,10073.21,0.99284901,0.022927143,255,2,149,1149
7,0,10073.411,0.99434458,0.022927143,127,2,150,1150
7,0,10094.343,0.99564391,0.022927143,127,2,151,1151
8,0,10091.121,0.9992647,0.022927143,511,2,152,1152
7,0,10094.367,0.99661944,0.022927143,127,2,153,1153
9,0,10097.036,0.98086494,0.022927143,895,2,154,1154
7,0,10102.266,0.99965737,0.022927143,127,2,155,1155
7,0,10092.655,0.9953766,0.022927143,127,2,156,1156
7,0,10092.873,0.99588674,0.022927143,255,2,157,1157
7,0,10099.784,0.99537865,0.022927143,127,2,158,1158
7,0,10098.533,0.99689486,0.022927143,127,2,159,1159
8,0,10106.367,0.99923962,0.022927143,255,2,160,1160
8,0,10100.364,0.98572431,0.022927143,511,2,161,1161
7,0,10100.778,0.99881353,0.022927143,127,2,162,1162
7,0,10089.461,0.99730064,0.022927143,127,2,163,1163
7,0,10089.739,0.99951725,0.022927143,127,2,164,1164
7,0,10080.117,0.99564534,0.022927143,127,2,165,1165
7,0,10078.061,0.98604356,0.022927143,127,2,166,1166
7,0,10081.883,0.99644334,0.022927143,127,2,167,1167
8,0,10086.563,0.97842373,0.022927143,383,2,168,1168
7,0,10094.398,0.99976824,0.022927143,127,2,169,1169
8,0,10095.215,0.99827283,0.022927143,383,2,170,1170
7,0,10088.154,0.99942874,0.022927143,127,2,171,1171
7,0,10093.082,0.99720262,0.022927143,127,2,172,1172
7,0,10099.427,0.99832721,0.022927143,127,2,173,1173
8,0,10095.454,0.99600616,0.022927143,511,2,174,1174
7,0,10087.705,0.99973145,0.022927143,127,2,175,1175
7,0,10086.653,0.9963808,0.022927143,127,2,176,1176
7,0,10079.207,0.99905621,0.022927143,127,2,177,1177
7,0,10074.798,0.99859681,0.022927143,127,2,178,1178
7,0,10063.414,0.99906087,0.022927143,127,2,179,1179
7,0,10063.782,0.98614041,0.022927143,127,2,180,1180
7,0,10081.483,0.99325728,0.022927143,255,2,181,1181
7,0,10072.643,0.99942798,0.022927143,127,2,182,1182
7,0,10071.425,0.99809051,0.022927143,127,2,183,1183
7,0,10074.063,0.9851766,0.022927143,255,2,184,1184
8,0,10081.289,0.99882795,0.022927143,383,2,185,1185
7,0,10087.703,0.96955457,0.022927143,255,2,186,1186
7,0,10093.326,0.97576779,0.022927143,255,2,187,1187
8,0,10102.474,0.99999879,0.022927143,511,2,188,1188
7,0,10095.341,0.99930741,0.022927143,127,2,189,1189
7,0,10096.201,0.998402,0.022927143,127,2,190,1190
7,0,10091.08,0.95756549,0.022927143,127,2,191,1191
7,0,10093.917,0.99797456,0.022927143,127,2,192,1192
7,0,10079.14,0.99551052,0.022927143,255,2,193,1193
7,0,10088.635,0.99433526,0.022927143,127,2,194,1194
8,0,10079.539,0.99844752,0.022927143,383,2,195,1195
7,0,10071.024,0.99982782,0.022927143,127,2,196,1196
8,0,10075.13,0.99976129,0.022927143,383,2,197,1197
8,0,10082.303,0.995915,0.022927143,383,2,198,1198
8,0,10088.298,0.99831413,0.022927143,383,2,199,1199
7,0,10086.722,0.99940043,0.022927143,127,2,200,1200
8,0,10102.019,0.99498722,0.022927143,383,2,201,1201
7,0,10096.537,0.9995761,0.022927143,127,2,202,1202
7,0,10089.599,0.99933624,0.022927143,127,2,203,1203
7,0,10094.131,0.99935851,0.022927143,255,2,204,1204
7,0,10090.458,0.99986344,0.022927143,127,2,205,1205
7,0,10083.855,0.99896102,0.022927143,255,2,206,1206
8,0,10087.429,0.99890212,0.022927143,511,2,207,1207
8,0,10100.598,0.9991668,0.022927143,255,2,208,1208
7,0,10097.023,0.99865428999999994,0.022927143,255,2,209,1209
7,0,10086.831,0.99530377,0.022927143,127,2,210,1210
7,0,10071.798,0.99890282,0.022927143,255,2,211,1211
7,0,10078.338,0.99777351,0.022927143,127,2,212,1212
7,0,10083.217,0.99435146,0.022927143,127,2,213,1213
7,0,10080.079,0.99579725,0.022927143,127,2,214,1214
7,0,10075.983,0.99381763,0.022927143,127,2,215,1215
7,0,10065.317,0.99013858,0.022927143,127,2,216,1216
7,0,10077.489,0.99876917,0.022927143,255,2,217,1217
7,0,10068.002,0.99770226,0.022927143,127,2,218,1218
7,0,10071.481,0.99757207,0.022927143,127,2,219,1219
8,0,10066.168,0.99943582,0.022927143,383,2,220,1220
7,0,10065.901,0.99994218,0.022927143,127,2,221,1221
7,0,10067.466,0.9989755,0.022927143,255,2,222,1222
7,0,10078.936,0.99981979,0.022927143,127,2,223,1223
7,0,10077.069,0.99247320000000006,0.022927143,127,2,224,1224
7,0,10064.929,0.99972502,0.022927143,127,2,225,1225
8,0,10073.424,0.99885942,0.022927143,383,2,226,1226
8,0,10091.594,0.99403533,0.022927143,511,2,227,1227
8,0,10088.434,0.99999588,0.022927143,511,2,228,1228
7,0,10081.458,0.98693338,0.022927143,127,2,229,1229
7,0,10085.539,0.99979019,0.022927143,127,2,230,1230
7,0,10092.808,0.99421377,0.022927143,255,2,231,1231
8,0,10072.341,0.99897709,0.022927143,383,2,232,1232
8,0,10069.673,0.9946896,0.022927143,383,2,233,1233
8,0,10073.479,0.99630643,0.022927143,383,2,234,1234
7,0,10075.572,0.99786262,0.022927143,255,2,235,1235
8,0,10065.413,0.99942684,0.022927143,383,2,236,1236
8,0,10071.876,0.99362742,0.022927143,383,2,237,1237
7,0,10079.954,0.99061445,0.022927143,127,2,238,1238
7,0,10079.827,0.9994047,0.022927143,127,2,239,1239
7,0,10074.467,0.99970485,0.022927143,127,2,240,1240
9,0,10082.98,0.9911045,0.022927143,639,2,241,1241
8,0,10084.615,0.99982938,0.022927143,255,2,242,1242
8,0,10081.291,0.99604268,0.022927143,383,2,243,1243
7,0,10082.568,0.99531376,0.022927143,255,2,244,1244
7,0,10084.414,0.97877094,0.022927143,255,2,245,1245
7,0,10086.754,0.9741991,0.022927143,127,2,246,1246
7,0,10070.609,0.99621775,0.022927143,127,2,247,1247
9,0,10088.766,0.9984646,0.022927143,639,2,248,1248
7,0,10095.341,0.99679187,0.022927143,127,2,249,1249
7,0,10097.681,0.98389997,0.022927143,255,2,250,1250
7,0,10115.73,0.99407269,0.022927143,255,2,251,1251
7,0,10109.996,0.9999032,0.022927143,127,2,252,1252
7,0,10115.08,0.99996707,0.022927143,127,2,253,1253
7,0,10108.834,0.9999223,0.022927143,127,2,254,1254
8,0,10102.577,0.99921565,0.022927143,511,2,255,1255
7,0,10087.918,0.99977238,0.022927143,127,2,256,1256
7,0,10085.224,0.97300149,0.022927143,127,2,257,1257
7,0,10094.093,0.99752272,0.022927143,127,2,258,1258
7,0,10077.375,0.99513436,0.022927143,127,2,259,1259
9,0,10094.374,0.99202311,0.022927143,511,2,260,1260
8,0,10083.556,0.99989598,0.022927143,255,2,261,1261
7,0,10092.691,0.99828692,0.022927143,127,2,262,1262
7,0,10105.139,0.99765699,0.022927143,127,2,263,1263
7,0,10116.022,0.99078133,0.022927143,255,2,264,1264
8,0,10100.568,0.99990798,0.022927143,255,2,265,1265
8,0,10096.893,0.97756339,0.022927143,255,2,266,1266
8,0,10098.154,0.99921909,0.022927143,255,2,267,1267
7,0,10104.03,0.99214486,0.022927143,127,2,268,1268
8,0,10088.028,0.99988946,0.022927143,255,2,269,1269
8,0,10101.551,0.99154662,0.022927143,255,2,270,1270
8,0,10110.296,0.99217604,0.022927143,255,2,271,1271
8,0,10109.594,0.98981859,0.022927143,255,2,272,1272
7,0,10095.232,0.9994404,0.022927143,127,2,273,1273
7,0,10093.242,0.99959511,0.022927143,127,2,274,1274
7,0,10093.53,0.99614932,0.022927143,127,2,275,1275
7,0,10090.405,0.9965867,0.022927143,127,2,276,1276
7,0,10083.287,0.99961073,0.022927143,127,2,277,1277
7,0,10085.683,0.98507962,0.022927143,127,2,278,1278
7,0,10086.267,0.99903087,0.022927143,255,2,279,1279
7,0,10088.318,0.99779898,0.022927143,255,2,280,1280
8,0,10088.134,0.99216386,0.022927143,383,2,281,1281
7,0,10075.482,0.99704816,0.022927143,255,2,282,1282
7,0,10081.306,0.9958795,0.022927143,255,2,283,1283
7,0,10074.207,0.99899744,0.022927143,127,2,284,1284
7,0,10080.886,0.99917417,0.022927143,127,2,285,1285
7,0,10095.497,0.9807332,0.022927143,127,2,286,1286
7,0,10089.1,0.99930279,0.022927143,127,2,287,1287
7,0,10072.966,0.99874714,0.022927143,127,2,288,1288
7,0,10073.046,0.99979974,0.022927143,127,2,289,1289
7,0,10080.818,0.99713913,0.022927143,127,2,290,1290
7,0,10080.307,0.99993547,0.022927143,255,2,291,1291
8,0,10083.143,0.99747547,0.022927143,383,2,292,1292
7,0,10082.339,0.99950421,0.022927143,127,2,293,1293
7,0,10071.293,0.99976514,0.022927143,127,2,294,1294
8,0,10080.242,0.99905599,0.022927143,383,2,295,1295
8,0,10094.403,0.99503201,0.022927143,511,2,296,1296
8,0,10096.699,0.9796194,0.022927143,255,2,297,1297
8,0,10088.478,0.99966033,0.022927143,255,2,298,1298
8,0,10090.072,0.99881166,0.022927143,511,2,299,1299
7,0,10101.667,0.99011203,0.022927143,127,2,300,1300
7,0,10097.147,0.98643569,0.022927143,255,2,301,1301
7,0,10083.344,1,0.022927143,127,2,302,1302
7,0,10074.44,0.99340156,0.022927143,127,2,303,1303
7,0,10086.376,0.99964015,0.022927143,127,2,304,1304
9,0,10102.398,0.9968946,0.022927143,639,2,305,1305
8,0,10090.871,0.99760896,0.022927143,511,2,306,1306
7,0,10080.69,0.99779216,0.022927143,127,2,307,1307
7,0,10095.902,0.9978424,0.022927143,127,2,308,1308
7,0,10091.212,0.99998122,0.022927143,255,2,309,1309
7,0,10082.037,0.99757846,0.022927143,127,2,310,1310
8,0,10090.155,0.99550215,0.022927143,383,2,311,1311
8,0,10085.645,0.99724452,0.022927143,255,2,312,1312
8,0,10101.384,0.99174566,0.022927143,255,2,313,1313
8,0,10105.905,0.99733045,0.022927143,255,2,314,1314
8,0,10103.938,0.99992454,0.022927143,511,2,315,1315
9,0,10087.291,0.99838428,0.022927143,511,2,316,1316
7,0,10084.067,0.99514811,0.022927143,127,2,317,1317
7,0,10086.141,0.9995876,0.022927143,127,2,318,1318
7,0,10106.687,0.99772764,0.022927143,127,2,319,1319
7,0,10099.786,0.9998556,0.022927143,127,2,320,1320
7,0,10105.155,0.99764416,0.022927143,127,2,321,1321
7,0,10093.322,0.99797346,0.022927143,127,2,322,1322
7,0,10093.476,0.98658013,0.022927143,255,2,323,1323
7,0,10093.039,0.99806305,0.022927143,127,2,324,1324
7,0,10078.897,0.99992413,0.022927143,127,2,325,1325
7,0,10069.455,0.99995519,0.022927143,127,2,326,1326
7,0,10079.383,0.98316255,0.022927143,127,2,327,1327
7,0,10087.796,0.99938947,0.022927143,127,2,328,1328
7,0,10078.442,0.9974022,0.022927143,255,2,329,1329
7,0,10080.508,0.99742641,0.022927143,255,2,330,1330
7,0,10089.971,0.98534087,0.022927143,127,2,331,1331
7,0,10092.799,0.99965185,0.022927143,255,2,332,1332
8,0,10099.346,0.99195985,0.022927143,511,2,333,1333
8,0,10106.31,0.99834371,0.022927143,511,2,334,1334
8,0,10101.445,0.9983964,0.022927143,511,2,335,1335
8,0,10100.783,0.99976844,0.022927143,255,2,336,1336
8,0,10096.406,0.99864182,0.022927143,255,2,337,1337
8,0,10107.687,0.98542199,0.022927143,511,2,338,1338
8,0,10097.627,0.99544081,0.022927143,511,2,339,1339
8,0,10093.232,0.99969546,0.022927143,511,2,340,1340
8,0,10097.08,0.99392546,0.022927143,511,2,341,1341
8,0,10077.938,0.99541839,0.022927143,255,2,342,1342
7,0,10092.412,0.98454132,0.022927143,127,2,343,1343
8,0,10086.72,0.99963093,0.022927143,383,2,344,1344
8,0,10089.229,0.98797283,0.022927143,255,2,345,1345
8,0,10097.135,0.99489508,0.022927143,255,2,346,1346
7,0,10071.005,0.99465891,0.022927143,127,2,347,1347
7,0,10093.371,0.98805155,0.022927143,255,2,348,1348
7,0,10083.011,0.99541532,0.022927143,127,2,349,1349
7,0,10078.732,0.98453099,0.022927143,127,2,350,1350
7,0,10096.626,0.98530435,0.022927143,127,2,351,1351
7,0,10099.759,0.99785141,0.022927143,127,2,352,1352
7,0,10101.386,0.99990759,0.022927143,127,2,353,1353
7,0,10101.109,0.99036314,0.022927143,127,2,354,1354
7,0,10085.906,0.98768548,0.022927143,127,2,355,1355
7,0,10085.781,0.99647167,0.022927143,127,2,356,1356
7,0,10086.504,0.99916525,0.022927143,127,2,357,1357
7,0,10086.628,0.98976116,0.022927143,127,2,358,1358
7,0,10088.84,0.99510395,0.022927143,127,2,359,1359
7,0,10084.992,0.99505863,0.022927143,127,2,360,1360
7,0,10072.924,0.99976048,0.022927143,255,2,361,1361
7,0,10080.012,0.99394953,0.022927143,255,2,362,1362
7,0,10080.869,0.99912569,0.022927143,127,2,363,1363
7,0,10073.717,0.99692026,0.022927143,127,2,364,1364
7,0,10079.961,0.96293719,0.022927143,127,2,365,1365
7,0,10084.497,0.99795521,0.022927143,255,2,366,1366
9,0,10080.237,0.99895059,0.022927143,511,2,367,1367
7,0,10079.441,0.99775207,0.022927143,127,2,368,1368
7,0,10082.298,0.99608196,0.022927143,127,2,369,1369
7,0,10071.913,0.99952816,0.022927143,127,2,370,1370
7,0,10067.671,0.99876373,0.022927143,127,2,371,1371
7,0,10074.788,0.99815093,0.022927143,127,2,372,1372
7,0,10079.016,0.98571522,0.022927143,127,2,373,1373
7,0,10074.444,0.99581072,0.022927143,127,2,374,1374
7,0,10066.79,0.99996627,0.022927143,127,2,375,1375
8,0,10073.651,0.98578981,0.022927143,511,2,376,1376
7,0,10068.079,0.99243653,0.022927143,127,2,377,1377
7,0,10068.372,0.99751422,0.022927143,127,2,378,1378
7,0,10055.909,0.99744051,0.022927143,127,2,379,1379
7,0,10075.356,0.98344953,0.022927143,127,2,380,1380
7,0,10073.489,0.99443644,0.022927143,127,2,381,1381
7,0,10069.958,0.98839919,0.022927143,127,2,382,1382
7,0,10068.998,0.9897018,0.022927143,127,2,383,1383
8,0,10082.997,0.9984386,0.022927143,383,2,384,1384
8,0,10095.492,0.99794751,0.022927143,383,2,385,1385
7,0,10098.862,0.99996129,0.022927143,127,2,386,1386
8,0,10077.23,0.99807696,0.022927143,383,2,387,1387
7,0,10071.197,0.98569882,0.022927143,127,2,388,1388
7,0,10090.768,0.99904333,0.022927143,127,2,389,1389
7,0,10069.981,0.99992103,0.022927143,127,2,390,1390
7,0,10072.139,0.99713266,0.022927143,127,2,391,1391
7,0,10074.641,0.99767144,0.022927143,127,2,392,1392
7,0,10070.175,0.99119173,0.022927143,127,2,393,1393
7,0,10083.008,0.99544262,0.022927143,127,2,394,1394
7,0,10102.25,0.98322511,0.022927143,127,2,395,1395
8,0,10101.873,0.9823769,0.022927143,255,2,396,1396
7,0,10098.815,0.99528792,0.022927143,127,2,397,1397
7,0,10091.39,0.99754548,0.022927143,127,2,398,1398
8,0,10093.258,0.99702787,0.022927143,383,2,399,1399
8,0,10088.829,0.99728185,0.022927143,383,2,400,1400
7,0,10091.12,0.99963417,0.022927143,127,2,401,1401
7,0,10080.06,0.99696844,0.022927143,127,2,402,1402
8,0,10089.632,0.99274209,0.022927143,383,2,403,1403
7,0,10089.949,0.99989948,0.022927143,255,2,404,1404
7,0,10092.343,0.99898045,0.022927143,127,2,405,1405
7,0,10107.999,0.9960002,0.022927143,127,2,406,1406
7,0,10099.25,0.9927558,0.022927143,127,2,407,1407
8,0,10100.683,0.99988729,0.022927143,383,2,408,1408
7,0,10082.324,0.99999741,0.022927143,127,2,409,1409
7,0,10070.762,0.99887289,0.022927143,127,2,410,1410
7,0,10074.318,0.99468442,0.022927143,255,2,411,1411
7,0,10073.353,0.99719409,0.022927143,127,2,412,1412
7,0,10079.785,0.99458334,0.022927143,127,2,413,1413
7,0,10073.982,0.98900689,0.022927143,127,2,414,1414
7,0,10065.444,0.9996737,0.022927143,127,2,415,1415
8,0,10106.438,0.98749233,0.022927143,511,2,416,1416
8,0,10087.134,0.99999402,0.022927143,511,2,417,1417
7,0,10078.143,0.99639367,0.022927143,127,2,418,1418
8,0,10084.047,0.99058939,0.022927143,511,2,419,1419
7,0,10086.615,0.99947634,0.022927143,255,2,420,1420
7,0,10087.891,0.99933342,0.022927143,127,2,421,1421
7,0,10077.576,0.99583643,0.022927143,127,2,422,1422
7,0,10074.544,0.99977062,0.022927143,127,2,423,1423
7,0,10083.151,0.99965303,0.022927143,127,2,424,1424
7,0,10080.965,0.99458426,0.022927143,127,2,425,1425
7,0,10062.33,0.99893923,0.022927143,127,2,426,1426
7,0,10073.999,0.9940936,0.022927143,127,2,427,1427
7,0,10082.747,0.98749814,0.022927143,255,2,428,1428
7,0,10074.334,0.99870582,0.022927143,255,2,429,1429
7,0,10073.942,0.99406192,0.022927143,127,2,430,1430
7,0,10088.708,0.99753712,0.022927143,127,2,431,1431
7,0,10089.18,0.98945447,0.022927143,127,2,432,1432
7,0,10085.158,0.99955511,0.022927143,127,2,433,1433
7,0,10093.82,0.9993831,0.022927143,255,2,434,1434
9,0,10096.643,0.99792931,0.022927143,767,2,435,1435
7,0,10074.038,0.9999277,0.022927143,255,2,436,1436
7,0,10079.498,0.99829475,0.022927143,255,2,437,1437
8,0,10074.306,0.99896566,0.022927143,383,2,438,1438
7,0,10082.102,0.97519818,0.022927143,255,2,439,1439
7,0,10083.99,0.99939167,0.022927143,255,2,440,1440
7,0,10085.268,0.99986784,0.022927143,255,2,441,1441
7,0,10077.636,0.99966018,0.022927143,255,2,442,1442
7,0,10068.952,0.99754419,0.022927143,127,2,443,1443
7,0,10062.366,0.9997056,0.022927143,127,2,444,1444
7,0,10075.467,0.99979255,0.022927143,127,2,445,1445
7,0,10070.613,0.99993509,0.022927143,127,2,446,1446
7,0,10084.115,0.9929787,0.022927143,127,2,447,1447
7,0,10075.497,0.99604664,0.022927143,127,2,448,1448
7,0,10084.324,0.99984703,0.022927143,127,2,449,1449
7,0,10085.117,0.99953677,0.022927143,127,2,450,1450
8,0,10079.543,0.9948936,0.022927143,383,2,451,1451
7,0,10078.89,0.98484359,0.022927143,127,2,452,1452
7,0,10064.333,0.99747869,0.022927143,127,2,453,1453
7,0,10065.442,0.99343618,0.022927143,127,2,454,1454
7,0,10072.789,0.99193349,0.022927143,255,2,455,1455
7,0,10072.179,0.99328671,0.022927143,127,2,456,1456
7,0,10082.676,0.99619105,0.022927143,127,2,457,1457
7,0,10089.394,0.99544943,0.022927143,127,2,458,1458
7,0,10079.693,0.99789854,0.022927143,127,2,459,1459
7,0,10076.866,0.99564885,0.022927143,127,2,460,1460
7,0,10087.191,0.98834438,0.022927143,127,2,461,1461
7,0,10105.217,0.98202987,0.022927143,127,2,462,1462
8,0,10105.264,0.99773343,0.022927143,383,2,463,1463
8,0,10120.388,0.999652,0.022927143,511,2,464,1464
8,0,10101.238,0.99520808,0.022927143,511,2,465,1465
8,0,10085.806,0.9929336,0.022927143,511,2,466,1466
8,0,10079.653,0.99790682,0.022927143,511,2,467,1467
8,0,10100.452,0.98590099,0.022927143,511,2,468,1468
8,0,10102.893,0.99970495,0.022927143,255,2,469,1469
8,0,10088.469,0.99867078,0.022927143,255,2,470,1470
8,0,10087.88,0.99553172,0.022927143,255,2,471,1471
8,0,10081.792,0.99914051,0.022927143,255,2,472,1472
8,0,10100.622,0.97758299,0.022927143,511,2,473,1473
9,0,10105.495,0.99994896,0.022927143,511,2,474,1474
8,0,10094.866,0.99919274,0.022927143,255,2,475,1475
7,0,10079.153,0.99995751,0.022927143,127,2,476,1476
7,0,10088.717,0.99613502,0.022927143,127,2,477,1477
7,0,10094.552,0.97909919,0.022927143,127,2,478,1478
7,0,10091.486,0.99962305,0.022927143,127,2,479,1479
8,0,10093.3,0.99444954,0.022927143,383,2,480,1480
7,0,10082.731,0.98664638,0.022927143,255,2,481,1481
8,0,10073.57,0.99957297,0.022927143,383,2,482,1482
8,0,10074.82,0.99983543,0.022927143,511,2,483,1483
8,0,10084.482,0.99023885,0.022927143,511,2,484,1484
7,0,10084.861,0.99944122,0.022927143,127,2,485,1485
8,0,10081.928,0.98264421,0.022927143,511,2,486,1486
6,0,10073.91,0.99999047,0.022927143,63,2,487,1487
7,0,10073.699,0.99932854,0.022927143,127,2,488,1488
7,0,10068.153,0.9972996,0.022927143,127,2,489,1489
7,0,10070.295,0.99797432,0.022927143,255,2,490,1490
7,0,10077.195,0.98805214,0.022927143,127,2,491,1491
7,0,10064.097,0.99787189,0.022927143,255,2,492,1492
7,0,10072.623,0.99726718,0.022927143,255,2,493,1493
7,0,10070.98,0.96454434,0.022927143,127,2,494,1494
7,0,10069.373,0.9979576,0.022927143,127,2,495,1495
7,0,10070.666,0.99008285,0.022927143,127,2,496,1496
8,0,10070.818,0.99979453,0.022927143,511,2,497,1497
8,0,10068.089,0.9963092,0.022927143,511,2,498,1498
8,0,10077.905,0.99817706,0.022927143,511,2,499,1499
8,0,10090.902,0.9911895,0.022927143,511,2,500,1500
7,0,10106.074,0.99965217,0.022927143,127,2,501,1501
7,0,10081.854,0.99087548,0.022927143,127,2,502,1502
7,0,10088.253,0.99834359,0.022927143,127,2,503,1503
7,0,10087.148,0.99973373,0.022927143,127,2,504,1504
7,0,10092.145,0.99711115,0.022927143,127,2,505,1505
7,0,10089.371,0.99375323,0.022927143,127,2,506,1506
7,0,10088.132,0.99981324,0.022927143,127,2,507,1507
7,0,10082.445,0.99882601,0.022927143,127,2,508,1508
7,0,10085.578,0.99743868,0.022927143,255,2,509,1509
7,0,10073.639,0.99195949,0.022927143,127,2,510,1510
7,0,10091.156,0.99847703,0.022927143,127,2,511,1511
7,0,10076.524,0.9939471,0.022927143,127,2,512,1512
8,0,10085.831,0.99924448,0.022927143,255,2,513,1513
8,0,10078.338,0.97623691,0.022927143,383,2,514,1514
8,0,10096.067,0.9978428,0.022927143,511,2,515,1515
7,0,10096.025,0.99944196,0.022927143,127,2,516,1516
7,0,10091.78,0.99162583,0.022927143,127,2,517,1517
7,0,10097.384,0.99839445,0.022927143,127,2,518,1518
9,0,10087.708,0.99990204,0.022927143,511,2,519,1519
7,0,10086.135,0.99621781,0.022927143,255,2,520,1520
8,0,10087.644,0.99995893,0.022927143,255,2,521,1521
7,0,10078.338,0.98663479,0.022927143,127,2,522,1522
7,0,10081.814,0.99733891,0.022927143,127,2,523,1523
7,0,10089.718,0.99660108,0.022927143,127,2,524,1524
8,0,10094.121,0.99908493,0.022927143,255,2,525,1525
7,0,10086.124,0.9999147,0.022927143,127,2,526,1526
7,0,10074.828,0.9989165,0.022927143,127,2,527,1527
8,0,10083.161,0.99985123,0.022927143,383,2,528,1528
7,0,10089.227,0.9870264,0.022927143,255,2,529,1529
7,0,10085.351,0.99561952,0.022927143,127,2,530,1530
7,0,10070.97,0.99531952,0.022927143,255,2,531,1531
8,0,10066.404,0.99975869,0.022927143,383,2,532,1532
7,0,10062.437,0.99756811,0.022927143,255,2,533,1533
7,0,10065.08,0.99185053,0.022927143,127,2,534,1534
7,0,10063.054,0.98710281,0.022927143,127,2,535,1535
8,0,10082.893,0.99726524,0.022927143,383,2,536,1536
7,0,10092.222,0.9817947,0.022927143,127,2,537,1537
7,0,10090.527,0.99862287,0.022927143,127,2,538,1538
7,0,10091.591,0.9919755,0.022927143,127,2,539,1539
7,0,10087.224,0.99418384,0.022927143,127,2,540,1540
7,0,10091.937,0.99132532,0.022927143,255,2,541,1541
8,0,10106.763,0.99982069,0.022927143,383,2,542,1542
7,0,10112.099,0.99588294,0.022927143,127,2,543,1543
7,0,10099.265,0.99986239,0.022927143,127,2,544,1544
7,0,10095.212,0.99989619,0.022927143,127,2,545,1545
7,0,10073.407,0.9859835,0.022927143,127,2,546,1546
7,0,10075.151,0.99786262,0.022927143,127,2,547,1547
7,0,10099.834,0.99827581,0.022927143,127,2,548,1548
7,0,10097.856,0.99885077,0.022927143,127,2,549,1549
7,0,10095.779,0.99998588,0.022927143,255,2,550,1550
8,0,10100.501,0.99413771,0.022927143,383,2,551,1551
7,0,10088.558,0.99642166,0.022927143,255,2,552,1552
8,0,10079.38,0.99901012,0.022927143,255,2,553,1553
8,0,10074.796,0.9957143,0.022927143,511,2,554,1554
7,0,10073.297,0.99942328,0.022927143,255,2,555,1555
8,0,10075.645,0.98475546,0.022927143,383,2,556,1556
8,0,10087.852,0.99884378,0.022927143,383,2,557,1557
7,0,10084.352,0.99772147,0.022927143,127,2,558,1558
7,0,10080.307,0.99811002,0.022927143,127,2,559,1559
7,0,10081.234,0.99834682,0.022927143,127,2,560,1560
7,0,10070.012,0.99476656,0.022927143,127,2,561,1561
8,0,10078.528,0.9995387,0.022927143,511,2,562,1562
7,0,10077.576,0.99667316,0.022927143,127,2,563,1563
9,0,10084.462,0.98954573,0.022927143,639,2,564,1564
9,0,10074.385,0.99940971,0.022927143,767,2,565,1565
7,0,10075.702,0.99203575,0.022927143,127,2,566,1566
7,0,10093.152,0.98669408,0.022927143,127,2,567,1567
7,0,10084.624,0.99998543,0.022927143,127,2,568,1568
7,0,10077.425,0.99815615,0.022927143,255,2,569,1569
7,0,10083.113,0.99652984,0.022927143,255,2,570,1570
8,0,10071.924,0.99145273,0.022927143,255,2,571,1571
7,0,10068.409,0.99805961,0.022927143,127,2,572,1572
8,0,10069.715,0.99286299,0.022927143,255,2,573,1573
8,0,10086.767,0.98879018,0.022927143,255,2,574,1574
8,0,10089.127,0.99952436,0.022927143,255,2,575,1575
7,0,10079.477,0.99107507,0.022927143,127,2,576,1576
10,0,10074.741,0.99880667,0.022927143,1023,2,577,1577
7,0,10073.267,0.96357725,0.022927143,127,2,578,1578
7,0,10074.518,0.99957036,0.022927143,127,2,579,1579
7,0,10082.093,0.9968523,0.022927143,127,2,580,1580
7,0,10089.333,0.99883988,0.022927143,255,2,581,1581
7,0,10082.289,0.99789096,0.022927143,127,2,582,1582
8,0,10081.656,0.99572215,0.022927143,255,2,583,1583
8,0,10081.285,0.99784018,0.022927143,255,2,584,1584
7,0,10075.43,0.99176314,0.022927143,255,2,585,1585
7,0,10074.031,0.99496511,0.022927143,255,2,586,1586
9,0,10079.514,0.99834522,0.022927143,639,2,587,1587
7,0,10082.222,0.99991938,0.022927143,127,2,588,1588
7,0,10080.926,0.99263962,0.022927143,127,2,589,1589
7,0,10083.173,0.99961214,0.022927143,127,2,590,1590
7,0,10081.465,0.99386139,0.022927143,127,2,591,1591
7,0,10078.798,0.99019164,0.022927143,127,2,592,1592
7,0,10080.857,0.99960451,0.022927143,127,2,593,1593
7,0,10085.068,0.9972728,0.022927143,127,2,594,1594
7,0,10081.446,0.99798758,0.022927143,255,2,595,1595
7,0,10067.287,0.9998986,0.022927143,127,2,596,1596
7,0,10080.482,0.97920443,0.022927143,127,2,597,1597
7,0,10071.397,0.9978086,0.022927143,255,2,598,1598
8,0,10078.679,0.99844644,0.022927143,511,2,599,1599
8,0,10074.63,0.99982381,0.022927143,255,2,600,1600
7,0,10064.049,0.99778335,0.022927143,127,2,601,1601
7,0,10057.237,0.99840128,0.022927143,255,2,602,1602
7,0,10075.255,0.99657749,0.022927143,127,2,603,1603
8,0,10069.766,0.99905775,0.022927143,255,2,604,1604
7,0,10074.38,0.99831524,0.022927143,255,2,605,1605
7,0,10062.193,0.99880105,0.022927143,127,2,606,1606
8,0,10074.224,0.98635376,0.022927143,255,2,607,1607
7,0,10085.763,0.99537066,0.022927143,127,2,608,1608
7,0,10096.174,0.98316423,0.022927143,255,2,609,1609
7,0,10072.765,0.99958559,0.022927143,255,2,610,1610
8,0,10075.378,0.98085737,0.022927143,383,2,611,1611
7,0,10070.315,0.99810286,0.022927143,127,2,612,1612
7,0,10072.69,0.99601317,0.022927143,127,2,613,1613
7,0,10085.454,0.98314357,0.022927143,127,2,614,1614
7,0,10093.701,0.96951277,0.022927143,127,2,615,1615
7,0,10075.848,0.99902789,0.022927143,127,2,616,1616
7,0,10086.288,0.98937021,0.022927143,127,2,617,1617
7,0,10096.211,0.99063862,0.022927143,127,2,618,1618
7,0,10078.897,0.99999978,0.022927143,127,2,619,1619
7,0,10076.568,0.99777702,0.022927143,127,2,620,1620
7,0,10069.455,0.99931684,0.022927143,127,2,621,1621
7,0,10084.496,0.99743045,0.022927143,255,2,622,1622
7,0,10082.327,0.99623325,0.022927143,127,2,623,1623
7,0,10080.15,0.98790792,0.022927143,127,2,624,1624
7,0,10087.273,0.99015358,0.022927143,255,2,625,1625
7,0,10093.367,0.99922735,0.022927143,127,2,626,1626
7,0,10095.448,0.99938201,0.022927143,127,2,627,1627
8,0,10087.526,0.99583995,0.022927143,383,2,628,1628
7,0,10088.504,0.999941,0.022927143,127,2,629,1629
7,0,10086.861,0.9977161,0.022927143,127,2,630,1630
7,0,10089.444,0.99428478,0.022927143,127,2,631,1631
7,0,10092.096,0.99503465,0.022927143,127,2,632,1632
8,0,10100.98,0.99979439,0.022927143,511,2,633,1633
7,0,10090.889,0.98361359,0.022927143,127,2,634,1634
7,0,10068.578,0.99998813,0.022927143,127,2,635,1635
7,0,10074.462,0.98905196,0.022927143,127,2,636,1636
7,0,10080.657,0.99999369,0.022927143,255,2,637,1637
7,0,10080.167,0.99888824,0.022927143,127,2,638,1638
7,0,10069.765,0.99658732,0.022927143,127,2,639,1639
7,0,10057.6,0.99852646,0.022927143,255,2,640,1640
7,0,10069.488,0.99326392,0.022927143,255,2,641,1641
8,0,10071.329,0.98532841,0.022927143,383,2,642,1642
9,0,10075.372,0.99529194,0.022927143,511,2,643,1643
8,0,10076.822,0.99716606,0.022927143,255,2,644,1644
7,0,10080.412,0.98636771,0.022927143,255,2,645,1645
7,0,10082.126,0.99709804,0.022927143,255,2,646,1646
7,0,10073.274,0.99978797,0.022927143,255,2,647,1647
8,0,10090.622,0.98453545,0.022927143,255,2,648,1648
7,0,10088.848,0.99923577,0.022927143,127,2,649,1649
8,0,10080.416,0.99934325,0.022927143,511,2,650,1650
7,0,10072.214,0.99570632,0.022927143,255,2,651,1651
7,0,10073.08,0.99574475,0.022927143,127,2,652,1652
7,0,10068.152,0.98005377,0.022927143,127,2,653,1653
7,0,10075.93,0.99446973,0.022927143,127,2,654,1654
7,0,10071.701,0.99913833,0.022927143,127,2,655,1655
7,0,10064.857,0.99520587,0.022927143,255,2,656,1656
7,0,10073.513,0.99713767,0.022927143,255,2,657,1657
7,0,10073.534,0.99999092999999994,0.022927143,127,2,658,1658
7,0,10075.184,0.99682168,0.022927143,127,2,659,1659
7,0,10074.494,0.99972153,0.022927143,127,2,660,1660
7,0,10078.792,0.99656431,0.022927143,127,2,661,1661
7,0,10068.438,0.9996727,0.022927143,127,2,662,1662
7,0,10049.696,0.98503149,0.022927143,127,2,663,1663
7,0,10071.827,0.99527305,0.022927143,127,2,664,1664
7,0,10082.18,0.99788189,0.022927143,127,2,665,1665
7,0,10067.687,0.99988853,0.022927143,127,2,666,1666
7,0,10064.827,0.99055883,0.022927143,127,2,667,1667
7,0,10063.742,0.99517429,0.022927143,127,2,668,1668
7,0,10072.855,0.99372976,0.022927143,127,2,669,1669
7,0,10073.628,0.99822997,0.022927143,255,2,670,1670
7,0,10086.442,0.99837619,0.022927143,127,2,671,1671
7,0,10085.981,0.99559871,0.022927143,255,2,672,1672
7,0,10097.513,0.99776803,0.022927143,255,2,673,1673
8,0,10101.708,0.99568276,0.022927143,255,2,674,1674
7,0,10097.241,0.9999747,0.022927143,127,2,675,1675
7,0,10079.614,0.99996325,0.022927143,127,2,676,1676
7,0,10088.941,0.99835666,0.022927143,255,2,677,1677
7,0,10097.102,0.98766698,0.022927143,127,2,678,1678
7,0,10072.304,0.99418977,0.022927143,127,2,679,1679
7,0,10072.527,0.99894511,0.022927143,255,2,680,1680
7,0,10068.305,0.99592836,0.022927143,127,2,681,1681
7,0,10082.142,0.98535033,0.022927143,255,2,682,1682
7,0,10090.559,0.99728622,0.022927143,255,2,683,1683
7,0,10094.451,0.99856937,0.022927143,127,2,684,1684
7,0,10106.55,0.99362622,0.022927143,127,2,685,1685
7,0,10088.097,0.99993035,0.022927143,127,2,686,1686
7,0,10074.784,0.99896072,0.022927143,127,2,687,1687
7,0,10076.218,0.99417604,0.022927143,127,2,688,1688
8,0,10085.147,0.98699331,0.022927143,383,2,689,1689
7,0,10071.921,0.99797498,0.022927143,127,2,690,1690
7,0,10071.597,0.99904548,0.022927143,127,2,691,1691
7,0,10069.51,0.99963683,0.022927143,127,2,692,1692
7,0,10080.21,0.99785653,0.022927143,127,2,693,1693
7,0,10081.084,0.99823845,0.022927143,255,2,694,1694
8,0,10078.305,0.97267464,0.022927143,511,2,695,1695
7,0,10074.226,0.99706066,0.022927143,127,2,696,1696
7,0,10081.977,0.99543013,0.022927143,127,2,697,1697
7,0,10077.817,0.99885477,0.022927143,255,2,698,1698
7,0,10081.981,0.99966597,0.022927143,255,2,699,1699
7,0,10087.435,0.98991062,0.022927143,127,2,700,1700
8,0,10079.111,0.99966071,0.022927143,383,2,701,1701
8,0,10085.539,0.99749065,0.022927143,383,2,702,1702
7,0,10064.994,0.99985038,0.022927143,127,2,703,1703
7,0,10080.78,0.99426221,0.022927143,255,2,704,1704
7,0,10088.52,0.99420104,0.022927143,255,2,705,1705
7,0,10087.186,0.99691859,0.022927143,127,2,706,1706
7,0,10087.815,0.99672073,0.022927143,127,2,707,1707
7,0,10068.902,0.99976526,0.022927143,127,2,708,1708
7,0,10073.682,0.99577719,0.022927143,255,2,709,1709
8,0,10078.33,0.99863106,0.022927143,383,2,710,1710
7,0,10078.003,0.99655179,0.022927143,127,2,711,1711
7,0,10073.182,0.98135587,0.022927143,127,2,712,1712
7,0,10065.902,0.99264958,0.022927143,127,2,713,1713
7,0,10078.572,0.99586408,0.022927143,255,2,714,1714
7,0,10081.674,0.98007524,0.022927143,127,2,715,1715
7,0,10096.889,0.9922658,0.022927143,255,2,716,1716
7,0,10094.215,0.99968955,0.022927143,255,2,717,1717
8,0,10088.278,0.99215266,0.022927143,511,2,718,1718
7,0,10100.02,0.99973034,0.022927143,127,2,719,1719
7,0,10088.146,0.99999672,0.022927143,127,2,720,1720
7,0,10077.678,0.99424138,0.022927143,127,2,721,1721
7,0,10072.855,0.99545701,0.022927143,255,2,722,1722
7,0,10085.892,0.99916578,0.022927143,255,2,723,1723
7,0,10093.266,0.98298557,0.022927143,127,2,724,1724
7,0,10097.167,0.99894172,0.022927143,127,2,725,1725
7,0,10087.592,0.99951639,0.022927143,127,2,726,1726
7,0,10080.06,0.99303419,0.022927143,127,2,727,1727
7,0,10082.858,0.99664189,0.022927143,127,2,728,1728
7,0,10085.164,0.99908487,0.022927143,255,2,729,1729
7,0,10094.973,0.99942386,0.022927143,127,2,730,1730
7,0,10089.217,0.98133839,0.022927143,127,2,731,1731
7,0,10085.219,0.99807527,0.022927143,127,2,732,1732
7,0,10092.358,0.99220473,0.022927143,127,2,733,1733
7,0,10096.397,0.99453468,0.022927143,127,2,734,1734
7,0,10093.598,0.99679102,0.022927143,127,2,735,1735
8,0,10094.174,0.9954854,0.022927143,511,2,736,1736
8,0,10088.458,0.99599661,0.022927143,511,2,737,1737
8,0,10076.738,0.9995354,0.022927143,255,2,738,1738
7,0,10074.843,0.9958188,0.022927143,127,2,739,1739
7,0,10075.679,0.98836012,0.022927143,127,2,740,1740
7,0,10086.445,0.99762446,0.022927143,127,2,741,1741
8,0,10098.56,0.99750403,0.022927143,255,2,742,1742
8,0,10085.419,0.99740147,0.022927143,255,2,743,1743
7,0,10082.177,0.99968732,0.022927143,127,2,744,1744
8,0,10085.354,0.99585953,0.022927143,511,2,745,1745
8,0,10079.52,0.99695763,0.022927143,511,2,746,1746
7,0,10071.428,0.9954665,0.022927143,127,2,747,1747
7,0,10076.322,0.99931033,0.022927143,255,2,748,1748
8,0,10079.825,0.99693455,0.022927143,383,2,749,1749
7,0,10071.539,0.9917107,0.022927143,255,2,750,1750
8,0,10068.8,0.99333616,0.022927143,383,2,751,1751
7,0,10068.395,0.99927883,0.022927143,127,2,752,1752
7,0,10063.684,0.99927327,0.022927143,127,2,753,1753
7,0,10057.135,0.99969794,0.022927143,127,2,754,1754
7,0,10066.332,0.99077547,0.022927143,127,2,755,1755
7,0,10068.071,0.99089197,0.022927143,127,2,756,1756
7,0,10064.988,0.99914875,0.022927143,127,2,757,1757
7,0,10067.292,0.99999495,0.022927143,127,2,758,1758
7,0,10071.799,0.99991606,0.022927143,127,2,759,1759
7,0,10081.496,0.99706557,0.022927143,127,2,760,1760
7,0,10088.615,0.9873585,0.022927143,255,2,761,1761
7,0,10077.471,0.99390348,0.022927143,127,2,762,1762
7,0,10077.186,0.99724365,0.022927143,255,2,763,1763
8,0,10080.822,0.98448137,0.022927143,383,2,764,1764
8,0,10086.063,0.97750128,0.022927143,383,2,765,1765
7,0,10084.73,0.99945545,0.022927143,255,2,766,1766
8,0,10074.721,0.99771128,0.022927143,255,2,767,1767
8,0,10094.502,0.99379346,0.022927143,255,2,768,1768
8,0,10102.491,0.98401624,0.022927143,255,2,769,1769
8,0,10102.926,0.99958828,0.022927143,255,2,770,1770
8,0,10104.3,0.99763031,0.022927143,255,2,771,1771
7,0,10091.739,0.99553337,0.022927143,127,2,772,1772
7,0,10097.458,0.99564072,0.022927143,127,2,773,1773
8,0,10096.211,0.99722164,0.022927143,255,2,774,1774
7,0,10076.76,0.99987235,0.022927143,127,2,775,1775
8,0,10086.948,0.97396553,0.022927143,511,2,776,1776
8,0,10081.885,0.99860148,0.022927143,383,2,777,1777
7,0,10091.066,0.99866041,0.022927143,255,2,778,1778
8,0,10100.402,0.99659831,0.022927143,383,2,779,1779
7,0,10086.524,0.99862328,0.022927143,127,2,780,1780
7,0,10076.133,0.99308002,0.022927143,127,2,781,1781
9,0,10075.868,0.99064148,0.022927143,511,2,782,1782
8,0,10069.876,0.99792764,0.022927143,383,2,783,1783
7,0,10064.066,0.99390136,0.022927143,127,2,784,1784
8,0,10061.818,0.99869436,0.022927143,383,2,785,1785
7,0,10065.833,0.99883734,0.022927143,255,2,786,1786
8,0,10074.837,0.98807115,0.022927143,383,2,787,1787
7,0,10070.971,0.9996427,0.022927143,127,2,788,1788
8,0,10084.121,0.99745121,0.022927143,383,2,789,1789
7,0,10071.327,1,0.022927143,127,2,790,1790
8,0,10085.524,0.99216199,0.022927143,383,2,791,1791
7,0,10078.332,0.99953352,0.022927143,127,2,792,1792
7,0,10073.565,0.99957945,0.022927143,255,2,793,1793
7,0,10073.93,0.99736325,0.022927143,255,2,794,1794
8,0,10078.709,0.98531482,0.022927143,255,2,795,1795
8,0,10089.526,0.98665553,0.022927143,255,2,796,1796
8,0,10103.819,0.99448361,0.022927143,511,2,797,1797
7,0,10094.477,1,0.022927143,127,2,798,1798
8,0,10079.5,0.99964963,0.022927143,255,2,799,1799
7,0,10077.058,0.99886392,0.022927143,127,2,800,1800
8,0,10077.625,0.9868681,0.022927143,511,2,801,1801
7,0,10085.075,0.98725688,0.022927143,255,2,802,1802
7,0,10089.008,0.99663252,0.022927143,127,2,803,1803
7,0,10089.432,0.99677656,0.022927143,127,2,804,1804
7,0,10095.275,0.99941388,0.022927143,255,2,805,1805
8,0,10092.376,0.99970704,0.022927143,255,2,806,1806
7,0,10097.928,0.99746645,0.022927143,127,2,807,1807
7,0,10092.39,0.99274781,0.022927143,255,2,808,1808
8,0,10088.089,0.99673497,0.022927143,383,2,809,1809
7,0,10088.034,0.9994778,0.022927143,127,2,810,1810
7,0,10079.832,0.99731483,0.022927143,255,2,811,1811
7,0,10084.679,0.99357785,0.022927143,255,2,812,1812
7,0,10091.255,0.99821927,0.022927143,127,2,813,1813
7,0,10101.898,0.99065828,0.022927143,255,2,814,1814
8,0,10100.502,0.99667339,0.022927143,511,2,815,1815
7,0,10102.926,0.99334203,0.022927143,127,2,816,1816
7,0,10098.647,0.99402911,0.022927143,127,2,817,1817
7,0,10084.312,0.99994925,0.022927143,127,2,818,1818
7,0,10079.249,0.99483763,0.022927143,127,2,819,1819
7,0,10081.519,0.99425018,0.022927143,255,2,820,1820
7,0,10095.253,0.99893531,0.022927143,127,2,821,1821
7,0,10083.581,0.99395774,0.022927143,127,2,822,1822
7,0,10077.583,0.99930873,0.022927143,255,2,823,1823
8,0,10091.349,0.9944825,0.022927143,255,2,824,1824
9,0,10093.82,0.99895065,0.022927143,511,2,825,1825
8,0,10094.575,0.9993866,0.022927143,255,2,826,1826
8,0,10084.381,0.99892667,0.022927143,255,2,827,1827
8,0,10101.109,0.98737505,0.022927143,255,2,828,1828
8,0,10102.241,0.98934658,0.022927143,255,2,829,1829
7,0,10104.079,0.97680171,0.022927143,127,2,830,1830
8,0,10090.351,0.99737975,0.022927143,255,2,831,1831
7,0,10094.718,0.99982515,0.022927143,255,2,832,1832
8,0,10087.654,0.98936685,0.022927143,383,2,833,1833
8,0,10071.839,0.99988669,0.022927143,511,2,834,1834
7,0,10070.282,0.99825534,0.022927143,127,2,835,1835
7,0,10066.6,0.99014759,0.022927143,127,2,836,1836
7,0,10063.582,0.99367995,0.022927143,127,2,837,1837
7,0,10059.543,0.99719034,0.022927143,127,2,838,1838
7,0,10069.862,0.98913196,0.022927143,127,2,839,1839
7,0,10073.231,0.99873477,0.022927143,127,2,840,1840
7,0,10097.35,0.9928294,0.022927143,127,2,841,1841
7,0,10090.153,0.99993996,0.022927143,127,2,842,1842
7,0,10095.89,0.99877889,0.022927143,127,2,843,1843
7,0,10091.527,0.97426606,0.022927143,127,2,844,1844
7,0,10085.338,0.99093943,0.022927143,127,2,845,1845
7,0,10077.539,0.99822573,0.022927143,255,2,846,1846
7,0,10077.757,0.99984786,0.022927143,255,2,847,1847
8,0,10086.236,0.99765383,0.022927143,383,2,848,1848
8,0,10096.771,0.99924579,0.022927143,511,2,849,1849
8,0,10098.494,0.99249499,0.022927143,511,2,850,1850
7,0,10091.014,0.99993612,0.022927143,127,2,851,1851
8,0,10091.6,0.99543323,0.022927143,255,2,852,1852
8,0,10088.635,0.9973733,0.022927143,255,2,853,1853
7,0,10087.721,0.99819656,0.022927143,255,2,854,1854
7,0,10074.426,0.99117984,0.022927143,127,2,855,1855
7,0,10070.959,0.99961771,0.022927143,255,2,856,1856
7,0,10080.059,0.99991901,0.022927143,127,2,857,1857
7,0,10080.932,0.99869639,0.022927143,127,2,858,1858
7,0,10064.191,0.9996612,0.022927143,127,2,859,1859
7,0,10063.928,0.99012594,0.022927143,127,2,860,1860
7,0,10072.945,0.99910746,0.022927143,255,2,861,1861
7,0,10070.085,0.97131835,0.022927143,127,2,862,1862
7,0,10071.966,0.99991187,0.022927143,255,2,863,1863
7,0,10076.036,0.9944687,0.022927143,127,2,864,1864
7,0,10081.338,0.99525928,0.022927143,127,2,865,1865
7,0,10082.115,0.99565297,0.022927143,255,2,866,1866
7,0,10077.627,0.98931487,0.022927143,127,2,867,1867
8,0,10082.308,0.99063198,0.022927143,511,2,868,1868
6,0,10073.49,0.98917313,0.022927143,127,2,869,1869
7,0,10068.828,0.99620609,0.022927143,127,2,870,1870
8,0,10066.776,0.99454733,0.022927143,383,2,871,1871
7,0,10059.73,0.99791303,0.022927143,127,2,872,1872
7,0,10069.797,0.99590308,0.022927143,127,2,873,1873
7,0,10065.519,0.99978543,0.022927143,127,2,874,1874
9,0,10070.284,0.99776001,0.022927143,767,2,875,1875
7,0,10085.213,0.98905438,0.022927143,127,2,876,1876
7,0,10076.561,0.99771725,0.022927143,127,2,877,1877
7,0,10092.475,0.99232524,0.022927143,127,2,878,1878
7,0,10078.692,0.99670852,0.022927143,127,2,879,1879
8,0,10093.782,0.97684054,0.022927143,383,2,880,1880
8,0,10074.736,0.99984994,0.022927143,511,2,881,1881
7,0,10078.655,0.99487878,0.022927143,255,2,882,1882
7,0,10092.32,0.99834082,0.022927143,255,2,883,1883
7,0,10077.787,0.99687062,0.022927143,127,2,884,1884
7,0,10088.698,0.99344391,0.022927143,127,2,885,1885
7,0,10072.327,0.99947348,0.022927143,127,2,886,1886
7,0,10082.968,0.99113663,0.022927143,255,2,887,1887
8,0,10081.322,0.99687273,0.022927143,255,2,888,1888
7,0,10051.092,0.9998758,0.022927143,127,2,889,1889
7,0,10070.539,0.99823956,0.022927143,127,2,890,1890
8,0,10083.518,0.97539374,0.022927143,383,2,891,1891
7,0,10075.862,0.99726682,0.022927143,127,2,892,1892
8,0,10084.376,0.99922018,0.022927143,511,2,893,1893
7,0,10089.343,0.98295391,0.022927143,127,2,894,1894
7,0,10089.902,0.99728762,0.022927143,127,2,895,1895
7,0,10084.177,0.99947502,0.022927143,127,2,896,1896
7,0,10077.358,0.99891462,0.022927143,127,2,897,1897
7,0,10084.845,0.9992419,0.022927143,255,2,898,1898
8,0,10075.636,0.99881034,0.022927143,511,2,899,1899
7,0,10070.472,0.99150553,0.022927143,127,2,900,1900
7,0,10064.564,0.99848737,0.022927143,127,2,901,1901
7,0,10068.515,0.99937377,0.022927143,127,2,902,1902
7,0,10086.51,0.98380892,0.022927143,255,2,903,1903
7,0,10076.532,0.99952789,0.022927143,127,2,904,1904
8,0,10074.907,0.9977021,0.022927143,511,2,905,1905
7,0,10066.47,0.9995815,0.022927143,127,2,906,1906
7,0,10071.707,0.99880324,0.022927143,127,2,907,1907
7,0,10071.823,0.99916998,0.022927143,127,2,908,1908
7,0,10073.193,0.99578734,0.022927143,127,2,909,1909
7,0,10076.072,0.99988617,0.022927143,127,2,910,1910
7,0,10082.372,0.9970076,0.022927143,127,2,911,1911
7,0,10081.98,0.99574611,0.022927143,127,2,912,1912
7,0,10081.134,0.99763653,0.022927143,127,2,913,1913
8,0,10085.395,0.99942513,0.022927143,255,2,914,1914
7,0,10083.738,0.9853119,0.022927143,255,2,915,1915
7,0,10080.054,0.99980853,0.022927143,255,2,916,1916
7,0,10078.596,0.99868646,0.022927143,127,2,917,1917
7,0,10080.596,0.99600419,0.022927143,255,2,918,1918
7,0,10080.897,0.99511023,0.022927143,127,2,919,1919
7,0,10088.058,0.99649236,0.022927143,127,2,920,1920
7,0,10081.089,0.99823261,0.022927143,255,2,921,1921
7,0,10086.152,0.99605825,0.022927143,127,2,922,1922
7,0,10104.097,0.99786849,0.022927143,255,2,923,1923
8,0,10098.794,0.9905403,0.022927143,255,2,924,1924
8,0,10089.453,0.97446968,0.022927143,255,2,925,1925
7,0,10079.964,0.99621429,0.022927143,127,2,926,1926
7,0,10072.472,0.99004346,0.022927143,127,2,927,1927
8,0,10085.289,0.99311111,0.022927143,511,2,928,1928
7,0,10092.727,0.99977517,0.022927143,255,2,929,1929
7,0,10094.768,0.9893347,0.022927143,255,2,930,1930
8,0,10080.171,0.99961377,0.022927143,255,2,931,1931
7,0,10078.702,0.99795818,0.022927143,127,2,932,1932
8,0,10086.158,0.99905994,0.022927143,511,2,933,1933
8,0,10086.58,0.99752645,0.022927143,383,2,934,1934
8,0,10084.198,0.99481469,0.022927143,383,2,935,1935
8,0,10093.217,0.98788364,0.022927143,511,2,936,1936
8,0,10090.56,0.98590982,0.022927143,255,2,937,1937
8,0,10094.46,0.99831596,0.022927143,383,2,938,1938
7,0,10085.588,0.98403559,0.022927143,127,2,939,1939
7,0,10089.615,0.99994745,0.022927143,127,2,940,1940
7,0,10089.263,0.9911021,0.022927143,127,2,941,1941
7,0,10086.847,0.99626257,0.022927143,255,2,942,1942
7,0,10084.488,0.99953117,0.022927143,255,2,943,1943
7,0,10092.193,0.99669497,0.022927143,127,2,944,1944
7,0,10092.03,0.99164825,0.022927143,127,2,945,1945
7,0,10095.764,0.96111769,0.022927143,127,2,946,1946
7,0,10083.414,0.99951817,0.022927143,127,2,947,1947
8,0,10095.503,0.99709796,0.022927143,511,2,948,1948
7,0,10088.544,0.99974956,0.022927143,255,2,949,1949
9,0,10085.35,0.99806516,0.022927143,511,2,950,1950
7,0,10086.815,0.99846095,0.022927143,127,2,951,1951
7,0,10077.189,0.99107804,0.022927143,127,2,952,1952
7,0,10068.603,0.99821694,0.022927143,127,2,953,1953
8,0,10079.004,0.99890901,0.022927143,255,2,954,1954
7,0,10077.162,0.99880986,0.022927143,127,2,955,1955
7,0,10082.323,0.99418397,0.022927143,255,2,956,1956
7,0,10075.151,0.99995742,0.022927143,127,2,957,1957
7,0,10085.735,0.99587394,0.022927143,127,2,958,1958
7,0,10076.089,0.99280785,0.022927143,127,2,959,1959
7,0,10075.676,0.99600481,0.022927143,127,2,960,1960
7,0,10080.426,0.99881554,0.022927143,127,2,961,1961
8,0,10075.099,0.99964162,0.022927143,255,2,962,1962
8,0,10072.904,0.99733009,0.022927143,255,2,963,1963
8,0,10067.822,0.99811486,0.022927143,255,2,964,1964
8,0,10072.11,0.99815429,0.022927143,511,2,965,1965
7,0,10063.913,0.99556397,0.022927143,255,2,966,1966
7,0,10076.891,0.99644001,0.022927143,127,2,967,1967
7,0,10069.23,0.99136452,0.022927143,127,2,968,1968
7,0,10068.047,0.99999703,0.022927143,255,2,969,1969
8,0,10077.172,0.99761054,0.022927143,383,2,970,1970
7,0,10083.255,0.99486395,0.022927143,127,2,971,1971
8,0,10084.124,0.99365194,0.022927143,383,2,972,1972
8,0,10087.591,0.99136395,0.022927143,255,2,973,1973
8,0,10088.996,0.99891233,0.022927143,255,2,974,1974
7,0,10090.297,0.9999247,0.022927143,127,2,975,1975
7,0,10094.568,0.99670754,0.022927143,127,2,976,1976
7,0,10092.573,0.98512141,0.022927143,255,2,977,1977
7,0,10093.766,0.98465055,0.022927143,127,2,978,1978
8,0,10085.331,0.99893421,0.022927143,383,2,979,1979
7,0,10073.798,0.99974744,0.022927143,127,2,980,1980
7,0,10087.498,0.9973761,0.022927143,255,2,981,1981
7,0,10083.354,0.99725029,0.022927143,127,2,982,1982
7,0,10077.77,0.99982261,0.022927143,127,2,983,1983
7,0,10079.572,0.9903965,0.022927143,127,2,984,1984
8,0,10080.795,0.98624186,0.022927143,383,2,985,1985
8,0,10081.382,0.99956451,0.022927143,511,2,986,1986
7,0,10087.384,0.98925231,0.022927143,255,2,987,1987
8,0,10090.382,0.98621697,0.022927143,255,2,988,1988
7,0,10097.664,0.99997092,0.022927143,127,2,989,1989
7,0,10094.532,0.99364918,0.022927143,127,2,990,1990
7,0,10087.588,0.99983054,0.022927143,127,2,991,1991
7,0,10086.562,0.9953357,0.022927143,127,2,992,1992
7,0,10083.857,0.99743378,0.022927143,255,2,993,1993
7,0,10085.023,0.99733168,0.022927143,127,2,994,1994
7,0,10099.087,0.99441792,0.022927143,127,2,995,1995
7,0,10113.995,0.9770754,0.022927143,127,2,996,1996
8,0,10108.52,0.97148936,0.022927143,511,2,997,1997
8,0,10104.174,0.99980641,0.022927143,383,2,998,1998
7,0,10098.349,0.99978426,0.022927143,255,2,999,1999
7,0,10093.424,0.99046248,0.022927143,127,2,1000,2000
7,0,10077.324,0.98328004,0.031158511,127,3,1,2001
7,0,10078.706,0.98155989,0.031158511,255,3,2,2002
7,0,10087.019,0.99518269,0.031158511,127,3,3,2003
7,0,10090.806,0.9948147,0.031158511,127,3,4,2004
7,0,10080.595,0.94900195,0.031158511,127,3,5,2005
7,0,10088.583,0.99037514,0.031158511,191,3,6,2006
7,0,10095.947,0.99646682,0.031158511,127,3,7,2007
7,0,10092.636,0.98890732,0.031158511,127,3,8,2008
7,0,10085.422,0.99923761,0.031158511,127,3,9,2009
7,0,10090.084,1,0.031158511,127,3,10,2010
7,0,10094.552,0.99404736,0.031158511,127,3,11,2011
7,0,10076.476,0.99872183,0.031158511,127,3,12,2012
7,0,10086.524,0.99161948,0.031158511,127,3,13,2013
7,0,10088.331,0.9894253,0.031158511,127,3,14,2014
7,0,10093.379,0.99859786,0.031158511,255,3,15,2015
7,0,10091.623,0.96581516,0.031158511,127,3,16,2016
7,0,10092.936,0.99755832,0.031158511,127,3,17,2017
7,0,10091.567,0.99751792,0.031158511,255,3,18,2018
7,0,10094.962,0.99355163,0.031158511,127,3,19,2019
8,0,10094.024,0.98810644,0.031158511,255,3,20,2020
6,0,10102.931,0.99697767,0.031158511,63,3,21,2021
7,0,10096.241,0.99999611,0.031158511,127,3,22,2022
7,0,10076.62,0.99937469,0.031158511,127,3,23,2023
7,0,10085.276,0.99706137,0.031158511,127,3,24,2024
7,0,10091.07,0.95624374,0.031158511,127,3,25,2025
6,0,10075.4,0.99374279,0.031158511,63,3,26,2026
7,0,10080.095,0.99069256000000006,0.031158511,127,3,27,2027
6,0,10077.339,0.97191133,0.031158511,127,3,28,2028
7,0,10084.785,0.99735673,0.031158511,127,3,29,2029
7,0,10087.628,0.98596795,0.031158511,127,3,30,2030
7,0,10078.626,0.99260211,0.031158511,127,3,31,2031
7,0,10086.825,0.99221446,0.031158511,127,3,32,2032
7,0,10077.812,0.99984642,0.031158511,127,3,33,2033
6,0,10079.27,0.99531865,0.031158511,63,3,34,2034
7,0,10079.794,0.98721445,0.031158511,127,3,35,2035
7,0,10069.038,0.99542897,0.031158511,127,3,36,2036
7,0,10075.955,0.9850381,0.031158511,127,3,37,2037
7,0,10074.662,0.97873157,0.031158511,127,3,38,2038
7,0,10068.212,0.98070923,0.031158511,127,3,39,2039
7,0,10080.176,0.9972835,0.031158511,127,3,40,2040
7,0,10080.586,0.99017329,0.031158511,127,3,41,2041
7,0,10087.766,0.99557934,0.031158511,127,3,42,2042
7,0,10086.056,0.9949315,0.031158511,127,3,43,2043
6,0,10090.336,0.99463954,0.031158511,63,3,44,2044
8,0,10083.761,0.99388018,0.031158511,383,3,45,2045
7,0,10066.615,0.99979385,0.031158511,127,3,46,2046
7,0,10072.387,0.99100656,0.031158511,127,3,47,2047
7,0,10081.153,0.98256106,0.031158511,127,3,48,2048
7,0,10072.017,0.9971941,0.031158511,127,3,49,2049
6,0,10069.438,0.99946924,0.031158511,63,3,50,2050
7,0,10070.812,0.94832313,0.031158511,255,3,51,2051
7,0,10092.941,0.99171418,0.031158511,127,3,52,2052
7,0,10076.92,0.99959281,0.031158511,127,3,53,2053
7,0,10087.235,0.9922195,0.031158511,127,3,54,2054
7,0,10098.489,0.99348393,0.031158511,127,3,55,2055
7,0,10091.695,0.9846708,0.031158511,127,3,56,2056
7,0,10095.719,0.96308841,0.031158511,127,3,57,2057
7,0,10097.394,0.98964822,0.031158511,127,3,58,2058
6,0,10088.129,0.99981179,0.031158511,127,3,59,2059
7,0,10106.166,0.99855498,0.031158511,127,3,60,2060
6,0,10091.933,0.98903854,0.031158511,63,3,61,2061
7,0,10094.45,0.97444923,0.031158511,127,3,62,2062
7,0,10091.269,0.99993254,0.031158511,127,3,63,2063
7,0,10086.256,0.96971913,0.031158511,127,3,64,2064
7,0,10084.646,0.99477486,0.031158511,127,3,65,2065
7,0,10090.194,0.99260035,0.031158511,127,3,66,2066
7,0,10087.682,0.98615128,0.031158511,127,3,67,2067
7,0,10087.247,0.99383186,0.031158511,127,3,68,2068
7,0,10105.331,0.96022328,0.031158511,127,3,69,2069
7,0,10100.947,0.97623368,0.031158511,127,3,70,2070
7,0,10099.698,0.99962503,0.031158511,127,3,71,2071
7,0,10091,0.97565217,0.031158511,127,3,72,2072
7,0,10093.676,0.99178015,0.031158511,127,3,73,2073
7,0,10084.815,0.99487352,0.031158511,255,3,74,2074
7,0,10081.782,0.98507545,0.031158511,127,3,75,2075
7,0,10085.095,0.99110292,0.031158511,255,3,76,2076
7,0,10075.56,0.98885546,0.031158511,127,3,77,2077
7,0,10089.411,0.98850983,0.031158511,127,3,78,2078
7,0,10088.316,0.98746974,0.031158511,127,3,79,2079
7,0,10071.49,0.95827764,0.031158511,127,3,80,2080
6,0,10069.422,0.99827998,0.031158511,63,3,81,2081
6,0,10073.869,0.99002691,0.031158511,127,3,82,2082
7,0,10073.014,0.99726067,0.031158511,127,3,83,2083
7,0,10068.132,0.99708284,0.031158511,127,3,84,2084
7,0,10064.194,0.99105527,0.031158511,255,3,85,2085
7,0,10064.504,0.97141195,0.031158511,255,3,86,2086
7,0,10075.263,0.99900999,0.031158511,127,3,87,2087
7,0,10075.542,0.96619318,0.031158511,127,3,88,2088
7,0,10074.176,0.99548299,0.031158511,255,3,89,2089
7,0,10078.615,0.99993447,0.031158511,255,3,90,2090
6,0,10069.972,0.99043308,0.031158511,63,3,91,2091
7,0,10072.205,0.9554762,0.031158511,127,3,92,2092
6,0,10077.104,0.99615811,0.031158511,127,3,93,2093
6,0,10066.909,0.98800097,0.031158511,63,3,94,2094
6,0,10078.138,0.99356876,0.031158511,127,3,95,2095
6,0,10074.626,0.99618801,0.031158511,63,3,96,2096
7,0,10080.23,0.98373029,0.031158511,127,3,97,2097
7,0,10081.948,0.96471012,0.031158511,127,3,98,2098
7,0,10114.75,0.99471692,0.031158511,255,3,99,2099
7,0,10113.004,0.99415592,0.031158511,127,3,100,2100
7,0,10119.761,0.99988709,0.031158511,127,3,101,2101
6,0,10108.429,0.9777495,0.031158511,127,3,102,2102
7,0,10088.764,0.9988578,0.031158511,127,3,103,2103
7,0,10087.451,0.99754393,0.031158511,127,3,104,2104
7,0,10091.459,0.99290391,0.031158511,127,3,105,2105
7,0,10086.408,0.96759492,0.031158511,127,3,106,2106
7,0,10098.63,0.99118916,0.031158511,127,3,107,2107
6,0,10077.964,0.99875927,0.031158511,63,3,108,2108
7,0,10086.065,0.98699843,0.031158511,127,3,109,2109
7,0,10085.765,0.98768718,0.031158511,127,3,110,2110
7,0,10070.114,0.98292599,0.031158511,127,3,111,2111
6,0,10072.861,0.99864763,0.031158511,63,3,112,2112
7,0,10070.625,0.9911127,0.031158511,127,3,113,2113
7,0,10074.62,0.95270229,0.031158511,127,3,114,2114
7,0,10073.951,0.98739253,0.031158511,127,3,115,2115
7,0,10077.078,0.99963088,0.031158511,255,3,116,2116
7,0,10078.129,0.9697192,0.031158511,127,3,117,2117
7,0,10078.405,0.98847066,0.031158511,127,3,118,2118
7,0,10088.726,0.96956532,0.031158511,127,3,119,2119
7,0,10089.073,0.99762477,0.031158511,127,3,120,2120
7,0,10092.432,0.96226224,0.031158511,127,3,121,2121
7,0,10101.795,0.99369257,0.031158511,127,3,122,2122
6,0,10094.084,0.99335107,0.031158511,63,3,123,2123
7,0,10103.012,0.99982087,0.031158511,127,3,124,2124
7,0,10105.75,0.99999887,0.031158511,127,3,125,2125
6,0,10082.553,0.99731173,0.031158511,127,3,126,2126
7,0,10086.332,0.9696303,0.031158511,127,3,127,2127
7,0,10097.075,0.99369638,0.031158511,127,3,128,2128
7,0,10103.636,0.97463822,0.031158511,127,3,129,2129
7,0,10104.445,0.99238264,0.031158511,127,3,130,2130
7,0,10115.943,0.98568951,0.031158511,127,3,131,2131
7,0,10120.43,0.99939853,0.031158511,127,3,132,2132
7,0,10119.464,0.99006945,0.031158511,127,3,133,2133
7,0,10098.115,0.99940649,0.031158511,127,3,134,2134
7,0,10106.348,0.99973611,0.031158511,127,3,135,2135
7,0,10094.783,0.99448529,0.031158511,127,3,136,2136
7,0,10093.767,0.99692065,0.031158511,127,3,137,2137
8,0,10086.497,0.99470756,0.031158511,383,3,138,2138
7,0,10078.413,0.99065479,0.031158511,127,3,139,2139
6,0,10083.389,0.99369032,0.031158511,127,3,140,2140
8,0,10080.604,0.98081215,0.031158511,383,3,141,2141
7,0,10081.327,0.99384325,0.031158511,127,3,142,2142
7,0,10082.609,0.99122807,0.031158511,127,3,143,2143
7,0,10082.332,0.98304809,0.031158511,127,3,144,2144
7,0,10080.654,0.98786626,0.031158511,127,3,145,2145
6,0,10072.526,0.99695285,0.031158511,127,3,146,2146
7,0,10075.801,0.997022,0.031158511,255,3,147,2147
6,0,10084.894,0.99969269,0.031158511,127,3,148,2148
6,0,10066.995,0.99995334,0.031158511,127,3,149,2149
7,0,10072.998,0.9463311,0.031158511,127,3,150,2150
7,0,10087.648,0.96491852,0.031158511,127,3,151,2151
7,0,10078.611,0.97948502,0.031158511,127,3,152,2152
7,0,10072.176,0.98132490000000006,0.031158511,127,3,153,2153
6,0,10064.435,0.99883964,0.031158511,127,3,154,2154
7,0,10076.769,0.99786347,0.031158511,127,3,155,2155
7,0,10068.582,0.99030857,0.031158511,127,3,156,2156
7,0,10077.07,0.98769613,0.031158511,127,3,157,2157
7,0,10079.75,0.99172842,0.031158511,127,3,158,2158
7,0,10091.835,0.92564336,0.031158511,127,3,159,2159
7,0,10091.38,0.98752552,0.031158511,127,3,160,2160
6,0,10083.356,0.94528216,0.031158511,127,3,161,2161
7,0,10077.961,0.99981291,0.031158511,127,3,162,2162
7,0,10079.666,0.99560861,0.031158511,127,3,163,2163
6,0,10083.208,0.98701789,0.031158511,63,3,164,2164
7,0,10096.45,0.96533019,0.031158511,127,3,165,2165
7,0,10098.358,0.9749665,0.031158511,127,3,166,2166
7,0,10097.819,0.99764959,0.031158511,127,3,167,2167
7,0,10097.338,0.99866813,0.031158511,127,3,168,2168
8,0,10091.859,0.99679331,0.031158511,255,3,169,2169
7,0,10075.606,0.99996401,0.031158511,127,3,170,2170
7,0,10078.953,0.98760765,0.031158511,255,3,171,2171
7,0,10074.894,0.98374241,0.031158511,255,3,172,2172
6,0,10080.596,0.98127936,0.031158511,127,3,173,2173
7,0,10089.192,0.91943615,0.031158511,127,3,174,2174
6,0,10084.934,0.99788292,0.031158511,127,3,175,2175
7,0,10081.402,0.99594422,0.031158511,127,3,176,2176
7,0,10076.113,0.9872039,0.031158511,127,3,177,2177
7,0,10096.165,0.94862797,0.031158511,127,3,178,2178
7,0,10100.222,0.99887859,0.031158511,127,3,179,2179
6,0,10088.102,0.961243,0.031158511,127,3,180,2180
7,0,10068.596,0.9772049,0.031158511,127,3,181,2181
8,0,10067.935,0.99430588,0.031158511,383,3,182,2182
7,0,10082.652,0.98715579,0.031158511,127,3,183,2183
7,0,10075.34,0.9689782,0.031158511,127,3,184,2184
7,0,10084.012,0.99442326,0.031158511,127,3,185,2185
7,0,10090.581,0.98643514,0.031158511,127,3,186,2186
7,0,10091.832,0.99644139,0.031158511,127,3,187,2187
7,0,10087.856,0.99888993,0.031158511,127,3,188,2188
7,0,10073.532,0.99552503,0.031158511,127,3,189,2189
7,0,10074.24,0.98461786,0.031158511,127,3,190,2190
7,0,10072.313,0.99999318,0.031158511,127,3,191,2191
7,0,10072.247,0.99892343,0.031158511,127,3,192,2192
6,0,10074.968,0.99464083,0.031158511,63,3,193,2193
7,0,10089.763,0.96589483,0.031158511,127,3,194,2194
7,0,10087.782,0.98484613,0.031158511,127,3,195,2195
7,0,10092.937,0.98999885,0.031158511,127,3,196,2196
7,0,10089.358,0.99999574,0.031158511,127,3,197,2197
7,0,10085.921,0.98888117,0.031158511,127,3,198,2198
7,0,10100.016,0.99967557,0.031158511,127,3,199,2199
7,0,10090.822,0.99744451,0.031158511,127,3,200,2200
6,0,10097.972,0.99762611,0.031158511,127,3,201,2201
7,0,10104.133,0.99971413,0.031158511,127,3,202,2202
7,0,10082.704,0.98061746,0.031158511,127,3,203,2203
7,0,10081.941,0.99763213,0.031158511,127,3,204,2204
7,0,10081.151,0.98964006,0.031158511,127,3,205,2205
6,0,10078.026,0.97386504,0.031158511,127,3,206,2206
7,0,10063.355,0.97651238,0.031158511,127,3,207,2207
7,0,10068.414,0.99929943,0.031158511,127,3,208,2208
6,0,10080.209,0.94071268,0.031158511,127,3,209,2209
7,0,10073.875,0.98275962,0.031158511,255,3,210,2210
7,0,10078.539,0.99542288,0.031158511,255,3,211,2211
6,0,10086.8,0.94956964,0.031158511,63,3,212,2212
6,0,10080.432,0.99901975,0.031158511,63,3,213,2213
7,0,10083.296,0.97867656,0.031158511,255,3,214,2214
7,0,10091.535,0.98254999,0.031158511,127,3,215,2215
7,0,10089.986,0.99832704,0.031158511,127,3,216,2216
7,0,10084.539,0.94756104,0.031158511,127,3,217,2217
7,0,10105.367,0.99635105,0.031158511,127,3,218,2218
7,0,10092.97,0.99956668,0.031158511,127,3,219,2219
7,0,10084.043,0.99519268,0.031158511,127,3,220,2220
7,0,10087.389,0.98807592,0.031158511,127,3,221,2221
7,0,10074.549,0.99478899,0.031158511,127,3,222,2222
6,0,10069.072,0.99810546,0.031158511,127,3,223,2223
7,0,10066.778,0.96960057,0.031158511,127,3,224,2224
6,0,10069.616,0.98791656,0.031158511,63,3,225,2225
7,0,10074.113,0.99983065,0.031158511,127,3,226,2226
7,0,10076.55,0.99045894,0.031158511,127,3,227,2227
7,0,10079.78,0.96504746,0.031158511,127,3,228,2228
6,0,10081.231,0.97903246,0.031158511,63,3,229,2229
6,0,10069.91,0.99936774,0.031158511,63,3,230,2230
6,0,10084.973,0.94140414,0.031158511,127,3,231,2231
6,0,10095.691,0.95654354,0.031158511,63,3,232,2232
6,0,10098.097,0.99703044,0.031158511,127,3,233,2233
7,0,10108.032,0.98788281,0.031158511,127,3,234,2234
6,0,10097.821,0.98077601,0.031158511,63,3,235,2235
6,0,10087.925,0.99998786,0.031158511,63,3,236,2236
7,0,10077.279,0.98112525,0.031158511,127,3,237,2237
7,0,10080.894,0.97737677,0.031158511,127,3,238,2238
7,0,10079.225,0.98450088,0.031158511,127,3,239,2239
7,0,10077.803,0.99913933,0.031158511,127,3,240,2240
7,0,10080.798,0.98783534,0.031158511,127,3,241,2241
7,0,10077.681,0.99951509,0.031158511,127,3,242,2242
7,0,10075.433,0.97906249,0.031158511,127,3,243,2243
7,0,10076.76,0.98858994,0.031158511,127,3,244,2244
7,0,10057.43,0.99530906,0.031158511,127,3,245,2245
7,0,10062.976,0.99204433,0.031158511,127,3,246,2246
7,0,10073.27,0.99188822,0.031158511,127,3,247,2247
7,0,10081.183,0.99015468,0.031158511,127,3,248,2248
7,0,10089.368,0.9834569,0.031158511,255,3,249,2249
8,0,10079.222,0.98233637,0.031158511,383,3,250,2250
7,0,10075.644,0.99865401,0.031158511,127,3,251,2251
7,0,10076.367,0.98701645,0.031158511,127,3,252,2252
7,0,10077.105,0.99204595,0.031158511,127,3,253,2253
7,0,10080.829,0.98181406,0.031158511,127,3,254,2254
7,0,10080.582,0.96893008,0.031158511,127,3,255,2255
7,0,10071.726,0.99899575,0.031158511,127,3,256,2256
7,0,10072.839,0.99433403,0.031158511,127,3,257,2257
7,0,10082.082,0.99674213,0.031158511,255,3,258,2258
7,0,10065.743,0.99543692,0.031158511,127,3,259,2259
7,0,10074.582,0.9907691,0.031158511,127,3,260,2260
7,0,10077.499,0.9940289,0.031158511,127,3,261,2261
7,0,10085.147,0.98303858,0.031158511,127,3,262,2262
7,0,10098.589,0.99737633,0.031158511,127,3,263,2263
7,0,10113.227,0.99660494,0.031158511,127,3,264,2264
7,0,10104.638,0.99104089,0.031158511,127,3,265,2265
7,0,10095.566,0.99792711,0.031158511,127,3,266,2266
7,0,10089.684,0.99873788,0.031158511,127,3,267,2267
7,0,10091.405,0.98231146,0.031158511,127,3,268,2268
7,0,10084.583,0.99407538,0.031158511,127,3,269,2269
7,0,10081.184,0.98778601,0.031158511,127,3,270,2270
7,0,10104.174,0.92810588,0.031158511,127,3,271,2271
7,0,10089.475,0.99761071,0.031158511,127,3,272,2272
7,0,10076.824,0.94857546,0.031158511,127,3,273,2273
7,0,10084.701,0.99312375,0.031158511,127,3,274,2274
7,0,10068.925,0.9911808,0.031158511,127,3,275,2275
7,0,10072.181,0.9867756,0.031158511,127,3,276,2276
7,0,10085.824,0.95150598,0.031158511,127,3,277,2277
7,0,10070.174,0.99995187,0.031158511,127,3,278,2278
7,0,10077.999,0.99953513,0.031158511,127,3,279,2279
7,0,10085.828,0.97215243,0.031158511,127,3,280,2280
7,0,10081.736,0.99907539,0.031158511,127,3,281,2281
7,0,10071.398,0.97705983,0.031158511,127,3,282,2282
7,0,10071.054,0.9723473,0.031158511,127,3,283,2283
6,0,10059.283,0.98732993,0.031158511,127,3,284,2284
7,0,10073.794,0.99420361,0.031158511,127,3,285,2285
7,0,10087.263,0.94883679,0.031158511,127,3,286,2286
6,0,10077.464,0.99958547,0.031158511,63,3,287,2287
7,0,10091.644,0.98173057,0.031158511,127,3,288,2288
7,0,10078.732,0.99578816,0.031158511,127,3,289,2289
7,0,10086.425,0.95803779,0.031158511,127,3,290,2290
7,0,10074.496,0.9992335,0.031158511,127,3,291,2291
7,0,10076.286,0.99153037,0.031158511,127,3,292,2292
7,0,10085.294,0.99954501,0.031158511,127,3,293,2293
7,0,10087.598,0.98701622,0.031158511,127,3,294,2294
7,0,10091.578,0.97239891,0.031158511,127,3,295,2295
7,0,10087.327,0.9969414,0.031158511,127,3,296,2296
7,0,10091.508,0.98294194,0.031158511,255,3,297,2297
7,0,10085.056,0.99459096,0.031158511,127,3,298,2298
7,0,10082.478,0.99534437,0.031158511,127,3,299,2299
7,0,10085.773,0.97643939,0.031158511,127,3,300,2300
7,0,10078.836,0.99908858,0.031158511,127,3,301,2301
7,0,10093.294,0.99921208,0.031158511,127,3,302,2302
7,0,10093.267,0.99962389,0.031158511,127,3,303,2303
8,0,10091.153,0.99206769,0.031158511,255,3,304,2304
7,0,10094.305,0.99300266,0.031158511,127,3,305,2305
7,0,10101.449,0.99956687,0.031158511,127,3,306,2306
7,0,10107.163,0.99536434,0.031158511,127,3,307,2307
7,0,10088.376,1,0.031158511,127,3,308,2308
6,0,10087.783,0.9561398,0.031158511,63,3,309,2309
7,0,10080.035,0.99643445,0.031158511,127,3,310,2310
7,0,10079.611,0.9711623,0.031158511,127,3,311,2311
7,0,10090.256,0.99015001,0.031158511,127,3,312,2312
7,0,10088.706,0.97049529,0.031158511,127,3,313,2313
6,0,10090.352,0.97493062,0.031158511,63,3,314,2314
6,0,10088.387,0.99689718,0.031158511,63,3,315,2315
7,0,10092.075,0.99939216,0.031158511,127,3,316,2316
7,0,10076.069,0.99712627,0.031158511,127,3,317,2317
7,0,10087.299,0.98097666,0.031158511,127,3,318,2318
7,0,10089.14,0.99984807,0.031158511,127,3,319,2319
7,0,10078.418,0.99233188,0.031158511,127,3,320,2320
6,0,10069.91,0.99737883,0.031158511,127,3,321,2321
7,0,10074.552,0.99937015,0.031158511,127,3,322,2322
7,0,10066.655,0.99260064,0.031158511,255,3,323,2323
7,0,10080.824,0.984688,0.031158511,127,3,324,2324
6,0,10081.649,0.98994631,0.031158511,63,3,325,2325
7,0,10078.023,0.99071884,0.031158511,255,3,326,2326
7,0,10078.469,0.99691345,0.031158511,127,3,327,2327
7,0,10089.903,0.98974709,0.031158511,127,3,328,2328
7,0,10088.349,0.98652149,0.031158511,127,3,329,2329
7,0,10075.074,0.98818311,0.031158511,127,3,330,2330
7,0,10085.245,0.95008738,0.031158511,127,3,331,2331
7,0,10087.209,0.99988845,0.031158511,127,3,332,2332
7,0,10076.676,0.99988284,0.031158511,127,3,333,2333
7,0,10075.007,0.99815036,0.031158511,127,3,334,2334
7,0,10067.558,0.98509573,0.031158511,127,3,335,2335
7,0,10072.402,0.95381081,0.031158511,127,3,336,2336
7,0,10087.173,0.97605841,0.031158511,127,3,337,2337
7,0,10084.241,0.99846744,0.031158511,255,3,338,2338
7,0,10080.13,0.97145645,0.031158511,255,3,339,2339
7,0,10081.165,0.99059505,0.031158511,127,3,340,2340
7,0,10086.022,0.99008646,0.031158511,127,3,341,2341
7,0,10074.564,0.99744665,0.031158511,127,3,342,2342
7,0,10084.945,0.99394327,0.031158511,127,3,343,2343
7,0,10092.483,0.98392986,0.031158511,127,3,344,2344
7,0,10083.54,0.98799283,0.031158511,127,3,345,2345
7,0,10082.386,0.9704045,0.031158511,127,3,346,2346
7,0,10068.107,0.9996184,0.031158511,127,3,347,2347
7,0,10064.091,0.99046948,0.031158511,127,3,348,2348
7,0,10070.504,0.99752721,0.031158511,127,3,349,2349
7,0,10065.272,0.99081529,0.031158511,127,3,350,2350
6,0,10071.822,0.99476906,0.031158511,127,3,351,2351
7,0,10072.748,0.93867642,0.031158511,127,3,352,2352
6,0,10079.619,0.98533439,0.031158511,63,3,353,2353
6,0,10081.807,0.98770061,0.031158511,63,3,354,2354
7,0,10079.732,0.98175053,0.031158511,127,3,355,2355
7,0,10091.045,0.99621852,0.031158511,127,3,356,2356
7,0,10090.998,0.99986469,0.031158511,127,3,357,2357
7,0,10108.57,0.99836374,0.031158511,127,3,358,2358
7,0,10109.426,0.98207973,0.031158511,127,3,359,2359
7,0,10090.772,0.99774245,0.031158511,127,3,360,2360
7,0,10092.573,0.9984331,0.031158511,127,3,361,2361
7,0,10092.498,0.98574433,0.031158511,127,3,362,2362
7,0,10096.698,0.99796286,0.031158511,127,3,363,2363
7,0,10090.863,0.99598199,0.031158511,127,3,364,2364
7,0,10093.192,0.99197073,0.031158511,127,3,365,2365
7,0,10085.444,0.9863693,0.031158511,127,3,366,2366
7,0,10093.198,0.99892098,0.031158511,127,3,367,2367
7,0,10109.327,0.95265423,0.031158511,127,3,368,2368
7,0,10107.125,0.98776681,0.031158511,127,3,369,2369
7,0,10095.664,0.99930229,0.031158511,127,3,370,2370
7,0,10087.999,0.9994983,0.031158511,127,3,371,2371
7,0,10072.829,0.99737722,0.031158511,127,3,372,2372
7,0,10067.975,0.99063351,0.031158511,127,3,373,2373
7,0,10063.375,0.97990995,0.031158511,127,3,374,2374
7,0,10076.495,0.97621392,0.031158511,127,3,375,2375
7,0,10071.673,0.96734581,0.031158511,127,3,376,2376
7,0,10082.619,0.99918712,0.031158511,127,3,377,2377
7,0,10079.634,0.99807011,0.031158511,127,3,378,2378
7,0,10087.302,0.99758522,0.031158511,127,3,379,2379
7,0,10087.022,0.94392472,0.031158511,127,3,380,2380
7,0,10081.859,0.9994664,0.031158511,127,3,381,2381
7,0,10082.26,0.98680706,0.031158511,127,3,382,2382
7,0,10080.548,0.9912968,0.031158511,127,3,383,2383
7,0,10072.281,0.99921954,0.031158511,127,3,384,2384
7,0,10070.326,0.98009718,0.031158511,127,3,385,2385
6,0,10076.563,0.99985489,0.031158511,127,3,386,2386
6,0,10069.613,0.99704108,0.031158511,63,3,387,2387
6,0,10075.58,0.97742259,0.031158511,127,3,388,2388
7,0,10082.704,0.99505872,0.031158511,127,3,389,2389
7,0,10088.303,0.99880274,0.031158511,127,3,390,2390
7,0,10076.896,0.99854595,0.031158511,127,3,391,2391
7,0,10089.584,0.90180503,0.031158511,127,3,392,2392
7,0,10076.587,0.99990623,0.031158511,127,3,393,2393
7,0,10082.788,0.95616012,0.031158511,127,3,394,2394
6,0,10078.437,0.96763618,0.031158511,63,3,395,2395
7,0,10076.363,0.99725125,0.031158511,127,3,396,2396
7,0,10095.85,0.96687427,0.031158511,127,3,397,2397
7,0,10103.708,0.99413654,0.031158511,127,3,398,2398
7,0,10094.736,0.99827508,0.031158511,127,3,399,2399
7,0,10094.568,0.98335195,0.031158511,127,3,400,2400
7,0,10099.049,0.92308611,0.031158511,127,3,401,2401
7,0,10094.042,0.9813638,0.031158511,127,3,402,2402
7,0,10094.106,0.99998879,0.031158511,127,3,403,2403
7,0,10095.42,0.9779268,0.031158511,127,3,404,2404
7,0,10092.054,0.99463264,0.031158511,255,3,405,2405
7,0,10090.724,0.99737989,0.031158511,255,3,406,2406
7,0,10094.649,0.99969612,0.031158511,127,3,407,2407
7,0,10088.315,0.99272617,0.031158511,127,3,408,2408
6,0,10076.994,0.99997058,0.031158511,63,3,409,2409
7,0,10089.788,0.96624104,0.031158511,127,3,410,2410
7,0,10090.224,0.99986545,0.031158511,127,3,411,2411
7,0,10085.696,0.9998792,0.031158511,127,3,412,2412
6,0,10078.058,0.99990323,0.031158511,63,3,413,2413
7,0,10091.786,0.99917412,0.031158511,127,3,414,2414
7,0,10074.014,0.98908049,0.031158511,127,3,415,2415
8,0,10079.902,0.99869383,0.031158511,319,3,416,2416
6,0,10085.275,0.97413572,0.031158511,63,3,417,2417
7,0,10077.312,0.99887312,0.031158511,127,3,418,2418
7,0,10077.289,0.93784257,0.031158511,127,3,419,2419
7,0,10081.425,0.99489201,0.031158511,127,3,420,2420
7,0,10077.36,0.99803453,0.031158511,127,3,421,2421
7,0,10074.19,0.98578623,0.031158511,127,3,422,2422
7,0,10072.004,0.99633986,0.031158511,127,3,423,2423
6,0,10071.441,0.96510425,0.031158511,127,3,424,2424
6,0,10068.894,0.97842448,0.031158511,127,3,425,2425
7,0,10069.804,0.99856705,0.031158511,255,3,426,2426
6,0,10054.603,0.99195457,0.031158511,127,3,427,2427
7,0,10059.169,0.98788471,0.031158511,127,3,428,2428
7,0,10057.516,0.94324909,0.031158511,127,3,429,2429
7,0,10063.311,0.9583211,0.031158511,127,3,430,2430
7,0,10072.022,0.99421696,0.031158511,127,3,431,2431
6,0,10070.725,0.99873364,0.031158511,63,3,432,2432
7,0,10090.479,0.99900849,0.031158511,127,3,433,2433
7,0,10069.951,0.98468932,0.031158511,127,3,434,2434
7,0,10077.642,0.9975631,0.031158511,127,3,435,2435
7,0,10084.891,0.9988914,0.031158511,127,3,436,2436
7,0,10072.348,0.97912089,0.031158511,127,3,437,2437
7,0,10071.167,0.99699622,0.031158511,127,3,438,2438
7,0,10073.316,0.99243164,0.031158511,127,3,439,2439
7,0,10091.56,0.93666443,0.031158511,127,3,440,2440
7,0,10098.795,0.99535169,0.031158511,127,3,441,2441
7,0,10108.236,0.96593038,0.031158511,255,3,442,2442
7,0,10087.333,0.99958424,0.031158511,127,3,443,2443
7,0,10082.336,0.99398403,0.031158511,127,3,444,2444
7,0,10101.656,0.97059015,0.031158511,127,3,445,2445
7,0,10099.075,0.95975151,0.031158511,127,3,446,2446
7,0,10097.574,0.99066631,0.031158511,127,3,447,2447
7,0,10094.55,0.99989701,0.031158511,127,3,448,2448
7,0,10109.896,0.97600066,0.031158511,255,3,449,2449
7,0,10085.787,0.96191384,0.031158511,127,3,450,2450
6,0,10094.978,0.99082666,0.031158511,127,3,451,2451
7,0,10106.189,0.99572914,0.031158511,127,3,452,2452
7,0,10097.086,0.96206806,0.031158511,127,3,453,2453
6,0,10094.92,0.99476525,0.031158511,63,3,454,2454
7,0,10085.916,0.99943946,0.031158511,127,3,455,2455
7,0,10085.29,0.99676625,0.031158511,127,3,456,2456
7,0,10086.116,0.96459936,0.031158511,127,3,457,2457
7,0,10086.072,0.93594311,0.031158511,127,3,458,2458
7,0,10079.925,0.99997096,0.031158511,127,3,459,2459
7,0,10092.096,0.99888607,0.031158511,127,3,460,2460
7,0,10086.814,0.99202671,0.031158511,127,3,461,2461
7,0,10088.698,0.99649067,0.031158511,127,3,462,2462
7,0,10093.526,0.99938076,0.031158511,127,3,463,2463
7,0,10093.779,0.99934252,0.031158511,127,3,464,2464
7,0,10096.512,0.98987226,0.031158511,127,3,465,2465
7,0,10082.869,0.96089162,0.031158511,255,3,466,2466
7,0,10084.357,0.99647147,0.031158511,127,3,467,2467
7,0,10096.887,0.9606871,0.031158511,127,3,468,2468
7,0,10095.688,0.99939057,0.031158511,127,3,469,2469
7,0,10072.972,0.99137959,0.031158511,255,3,470,2470
6,0,10074.207,0.99429083,0.031158511,63,3,471,2471
7,0,10063.437,0.98808421,0.031158511,127,3,472,2472
7,0,10061.475,0.94381142,0.031158511,127,3,473,2473
7,0,10080.635,0.99481391,0.031158511,127,3,474,2474
6,0,10070.38,0.99760858,0.031158511,127,3,475,2475
7,0,10075.54,0.98025418,0.031158511,127,3,476,2476
7,0,10075.267,0.99009131,0.031158511,127,3,477,2477
7,0,10074.205,0.99508629,0.031158511,127,3,478,2478
6,0,10089.635,0.99109366,0.031158511,63,3,479,2479
7,0,10106.395,0.99855671,0.031158511,127,3,480,2480
7,0,10104.547,0.98886115,0.031158511,127,3,481,2481
7,0,10089.807,0.99845787,0.031158511,127,3,482,2482
7,0,10089.083,0.98178662,0.031158511,127,3,483,2483
7,0,10081.125,0.99392308,0.031158511,127,3,484,2484
7,0,10087.956,0.99585325,0.031158511,127,3,485,2485
7,0,10089.871,0.98121117,0.031158511,127,3,486,2486
7,0,10073.825,0.98968596,0.031158511,127,3,487,2487
7,0,10075.92,0.9662399,0.031158511,127,3,488,2488
7,0,10070.673,0.99862699,0.031158511,127,3,489,2489
6,0,10081.654,0.99597431,0.031158511,127,3,490,2490
7,0,10094.846,0.97574522,0.031158511,127,3,491,2491
7,0,10101.218,0.99856234,0.031158511,127,3,492,2492
7,0,10088.28,0.98912352,0.031158511,127,3,493,2493
7,0,10086.244,0.98634905,0.031158511,127,3,494,2494
7,0,10074.669,0.99170546,0.031158511,127,3,495,2495
7,0,10068.071,0.99088254,0.031158511,127,3,496,2496
7,0,10069.871,0.99969485,0.031158511,127,3,497,2497
7,0,10064.983,0.999584,0.031158511,127,3,498,2498
6,0,10085.256,0.98584913,0.031158511,127,3,499,2499
7,0,10082.701,0.97569648,0.031158511,127,3,500,2500
7,0,10084.48,0.99627994,0.031158511,127,3,501,2501
7,0,10091.024,0.99863405,0.031158511,127,3,502,2502
7,0,10093.083,0.95960501,0.031158511,127,3,503,2503
7,0,10090.762,0.99913535,0.031158511,127,3,504,2504
7,0,10085.524,0.99931136,0.031158511,127,3,505,2505
7,0,10101.006,0.98988673,0.031158511,127,3,506,2506
7,0,10086.871,0.99794743,0.031158511,127,3,507,2507
7,0,10094.721,0.98819116,0.031158511,127,3,508,2508
7,0,10097.619,0.99435773,0.031158511,127,3,509,2509
7,0,10090.36,0.99399558,0.031158511,127,3,510,2510
7,0,10084.587,0.99863535,0.031158511,127,3,511,2511
7,0,10078.834,0.99549495,0.031158511,127,3,512,2512
7,0,10066.097,0.99855924,0.031158511,127,3,513,2513
7,0,10075.185,0.99615373,0.031158511,127,3,514,2514
7,0,10078.429,0.98094399,0.031158511,127,3,515,2515
7,0,10073.993,0.95644122,0.031158511,127,3,516,2516
7,0,10075.713,0.99765457,0.031158511,127,3,517,2517
7,0,10084.855,0.99965306,0.031158511,127,3,518,2518
7,0,10082.613,0.98683866,0.031158511,127,3,519,2519
7,0,10084.784,0.99324589,0.031158511,127,3,520,2520
7,0,10095.007,0.97280833,0.031158511,127,3,521,2521
7,0,10087.065,0.98147552,0.031158511,127,3,522,2522
7,0,10090.213,0.99980383,0.031158511,255,3,523,2523
7,0,10086.57,0.99742846,0.031158511,255,3,524,2524
7,0,10090.673,0.95205731,0.031158511,255,3,525,2525
7,0,10081.99,0.97976367,0.031158511,127,3,526,2526
7,0,10084.242,0.99888353,0.031158511,127,3,527,2527
7,0,10088.93,0.99913007,0.031158511,127,3,528,2528
7,0,10089.918,0.99774413,0.031158511,127,3,529,2529
7,0,10099.888,0.99127369,0.031158511,127,3,530,2530
7,0,10098.661,0.96964285,0.031158511,127,3,531,2531
7,0,10099.312,0.98358193,0.031158511,127,3,532,2532
7,0,10093.512,0.99983367,0.031158511,127,3,533,2533
7,0,10084.503,0.99998731,0.031158511,127,3,534,2534
7,0,10085.159,0.98179507,0.031158511,127,3,535,2535
6,0,10081.658,0.9893437,0.031158511,127,3,536,2536
7,0,10078.332,0.99988646,0.031158511,127,3,537,2537
6,0,10093.822,0.96312776,0.031158511,127,3,538,2538
6,0,10108.313,0.99243256,0.031158511,63,3,539,2539
6,0,10093.178,0.99999863,0.031158511,63,3,540,2540
6,0,10083.838,0.92463011,0.031158511,127,3,541,2541
7,0,10091.063,0.99744144,0.031158511,255,3,542,2542
7,0,10078.766,0.97536763,0.031158511,255,3,543,2543
6,0,10072.801,0.97609247,0.031158511,63,3,544,2544
6,0,10082.468,0.98728873,0.031158511,63,3,545,2545
6,0,10101.625,0.89914771,0.031158511,63,3,546,2546
6,0,10094.315,0.99308466,0.031158511,63,3,547,2547
7,0,10079.806,0.99897888,0.031158511,127,3,548,2548
7,0,10083.031,0.99729629,0.031158511,127,3,549,2549
7,0,10092.392,0.9115893,0.031158511,127,3,550,2550
8,0,10089.501,0.99825513,0.031158511,255,3,551,2551
7,0,10091.621,0.99438719,0.031158511,127,3,552,2552
7,0,10068.219,0.99833002,0.031158511,127,3,553,2553
7,0,10066.071,0.98925221,0.031158511,127,3,554,2554
7,0,10082.222,0.98538995,0.031158511,127,3,555,2555
7,0,10095.604,0.95865777,0.031158511,127,3,556,2556
7,0,10080.366,0.99730002,0.031158511,127,3,557,2557
7,0,10082.045,0.99335203,0.031158511,127,3,558,2558
7,0,10080.249,0.99784675,0.031158511,127,3,559,2559
7,0,10069.522,0.99880739,0.031158511,127,3,560,2560
7,0,10068.572,0.98305281,0.031158511,127,3,561,2561
7,0,10072.99,0.9815703,0.031158511,127,3,562,2562
7,0,10073.032,0.95490772,0.031158511,127,3,563,2563
7,0,10068.023,0.98157929,0.031158511,127,3,564,2564
7,0,10066.894,0.99641379,0.031158511,255,3,565,2565
7,0,10071.23,0.98047343,0.031158511,127,3,566,2566
7,0,10068.881,0.99168609,0.031158511,127,3,567,2567
7,0,10063.021,0.99107859,0.031158511,255,3,568,2568
7,0,10069.843,0.99571879,0.031158511,127,3,569,2569
7,0,10074.417,0.95809142,0.031158511,127,3,570,2570
7,0,10072.072,0.99211553,0.031158511,127,3,571,2571
6,0,10080.134,0.98342278,0.031158511,127,3,572,2572
7,0,10078.685,0.99718825,0.031158511,127,3,573,2573
7,0,10077.348,0.97856733,0.031158511,127,3,574,2574
7,0,10065.83,0.99137664,0.031158511,127,3,575,2575
7,0,10068.076,0.9831029,0.031158511,127,3,576,2576
7,0,10076.701,0.97730916,0.031158511,127,3,577,2577
7,0,10080.433,0.99965147,0.031158511,127,3,578,2578
7,0,10070.034,0.99706421,0.031158511,127,3,579,2579
7,0,10076.754,0.99550136,0.031158511,127,3,580,2580
7,0,10072.802,0.96511843,0.031158511,127,3,581,2581
7,0,10074.803,0.99649284,0.031158511,127,3,582,2582
7,0,10073.733,0.99057755,0.031158511,127,3,583,2583
7,0,10078.021,0.97770862,0.031158511,127,3,584,2584
7,0,10090.426,0.9330988,0.031158511,127,3,585,2585
7,0,10094.164,0.98879904,0.031158511,127,3,586,2586
7,0,10092.388,0.94638077,0.031158511,255,3,587,2587
6,0,10073.862,0.99615296,0.031158511,63,3,588,2588
6,0,10071.633,0.99769789,0.031158511,63,3,589,2589
6,0,10069.173,0.99667756,0.031158511,63,3,590,2590
6,0,10072.118,0.99841173,0.031158511,127,3,591,2591
7,0,10063.771,0.9923349,0.031158511,127,3,592,2592
7,0,10053.397,0.99736463,0.031158511,127,3,593,2593
7,0,10077.52,0.95135728,0.031158511,255,3,594,2594
7,0,10091.318,0.99379941,0.031158511,127,3,595,2595
7,0,10104.151,0.98918532,0.031158511,127,3,596,2596
7,0,10105.684,0.99959134,0.031158511,127,3,597,2597
7,0,10105.832,0.99619016,0.031158511,127,3,598,2598
7,0,10096.71,0.9899013,0.031158511,255,3,599,2599
7,0,10089.257,0.99982674,0.031158511,255,3,600,2600
7,0,10088.494,0.96330135,0.031158511,127,3,601,2601
7,0,10084.952,0.99490185,0.031158511,127,3,602,2602
7,0,10083.447,0.99770171,0.031158511,127,3,603,2603
7,0,10093.052,0.98072234,0.031158511,127,3,604,2604
7,0,10079.856,0.99587455,0.031158511,127,3,605,2605
7,0,10080.179,0.9990917,0.031158511,127,3,606,2606
7,0,10079.947,0.98744906,0.031158511,127,3,607,2607
7,0,10095.035,0.97103166,0.031158511,127,3,608,2608
7,0,10095.545,0.99322434,0.031158511,127,3,609,2609
6,0,10085.317,0.99855119,0.031158511,127,3,610,2610
7,0,10088.817,0.94366841,0.031158511,127,3,611,2611
7,0,10081.473,0.99999744,0.031158511,127,3,612,2612
7,0,10073.858,0.9634688,0.031158511,127,3,613,2613
8,0,10071.493,0.98291744,0.031158511,383,3,614,2614
7,0,10076.84,0.98947554,0.031158511,127,3,615,2615
7,0,10071.871,0.99852184,0.031158511,127,3,616,2616
7,0,10074.064,0.98224178,0.031158511,127,3,617,2617
7,0,10086.029,0.9967524,0.031158511,127,3,618,2618
7,0,10096.996,0.95303261,0.031158511,127,3,619,2619
7,0,10086.751,0.9960703,0.031158511,127,3,620,2620
7,0,10075.665,0.99964596,0.031158511,127,3,621,2621
7,0,10067.05,0.98469399,0.031158511,127,3,622,2622
7,0,10068.1,0.99825754,0.031158511,255,3,623,2623
8,0,10056.867,0.99614546,0.031158511,255,3,624,2624
7,0,10067.954,0.99492213,0.031158511,127,3,625,2625
7,0,10063.659,0.9999573,0.031158511,127,3,626,2626
7,0,10077.903,0.98798825,0.031158511,127,3,627,2627
7,0,10076.942,0.98911574,0.031158511,127,3,628,2628
7,0,10077.258,0.98596365,0.031158511,127,3,629,2629
7,0,10078.662,0.98749722,0.031158511,255,3,630,2630
7,0,10067.605,0.99727783,0.031158511,127,3,631,2631
7,0,10073.887,0.99632331,0.031158511,127,3,632,2632
7,0,10084.22,0.9495757,0.031158511,127,3,633,2633
7,0,10084.92,0.99988039,0.031158511,127,3,634,2634
7,0,10079.736,0.99861085,0.031158511,127,3,635,2635
7,0,10080.493,0.97609259,0.031158511,127,3,636,2636
7,0,10073.941,0.99146281,0.031158511,127,3,637,2637
7,0,10078.353,0.99289794,0.031158511,127,3,638,2638
7,0,10072.588,0.99076486,0.031158511,127,3,639,2639
7,0,10076.675,0.99266108,0.031158511,127,3,640,2640
7,0,10091.91,0.98375368,0.031158511,127,3,641,2641
7,0,10091.883,0.95778536,0.031158511,127,3,642,2642
7,0,10079.049,0.99727241,0.031158511,127,3,643,2643
7,0,10077.283,0.99537031,0.031158511,255,3,644,2644
7,0,10081.441,0.99352876,0.031158511,127,3,645,2645
7,0,10082.089,0.99965519,0.031158511,127,3,646,2646
7,0,10077.524,0.99879744,0.031158511,255,3,647,2647
6,0,10081.344,0.96479289,0.031158511,63,3,648,2648
7,0,10075.579,0.97751191,0.031158511,127,3,649,2649
7,0,10081.258,0.99992246,0.031158511,127,3,650,2650
7,0,10083.799,0.99461995,0.031158511,127,3,651,2651
7,0,10076.018,0.99206794,0.031158511,127,3,652,2652
7,0,10080.683,0.98754729,0.031158511,127,3,653,2653
7,0,10083.579,0.95413248,0.031158511,127,3,654,2654
7,0,10080.193,0.9951847,0.031158511,127,3,655,2655
6,0,10082.717,0.99765956,0.031158511,63,3,656,2656
6,0,10071.832,0.97832305,0.031158511,63,3,657,2657
7,0,10075.275,0.99764691,0.031158511,127,3,658,2658
7,0,10069.113,0.98994212,0.031158511,127,3,659,2659
7,0,10086.16,0.9964615,0.031158511,127,3,660,2660
7,0,10081.908,0.94160437,0.031158511,127,3,661,2661
7,0,10074.143,0.99687643,0.031158511,127,3,662,2662
7,0,10088.908,0.96108674,0.031158511,127,3,663,2663
7,0,10084.84,0.99909601,0.031158511,127,3,664,2664
7,0,10086.63,0.99912907,0.031158511,127,3,665,2665
7,0,10076.138,0.99696669,0.031158511,127,3,666,2666
7,0,10079.426,0.99751036,0.031158511,127,3,667,2667
7,0,10077.75,0.95204472,0.031158511,127,3,668,2668
6,0,10067.194,0.99843793,0.031158511,63,3,669,2669
6,0,10075.457,0.97477858,0.031158511,127,3,670,2670
7,0,10077.758,0.99959759,0.031158511,127,3,671,2671
7,0,10079.915,0.99776076,0.031158511,127,3,672,2672
7,0,10070.318,0.99984644,0.031158511,127,3,673,2673
7,0,10086.256,0.97172469,0.031158511,127,3,674,2674
7,0,10077.514,0.99295795,0.031158511,127,3,675,2675
7,0,10083.433,0.98549244,0.031158511,127,3,676,2676
7,0,10072.491,0.97390891,0.031158511,127,3,677,2677
7,0,10071.627,0.99223697,0.031158511,127,3,678,2678
7,0,10062.803,0.99680489,0.031158511,127,3,679,2679
7,0,10065.965,0.99805263,0.031158511,127,3,680,2680
7,0,10065.995,0.97673159,0.031158511,127,3,681,2681
8,0,10058.758,0.99838719,0.031158511,319,3,682,2682
7,0,10062.439,0.99068082,0.031158511,127,3,683,2683
7,0,10070.442,0.98479018,0.031158511,127,3,684,2684
7,0,10070.104,0.99662245,0.031158511,127,3,685,2685
7,0,10077.271,0.94863296,0.031158511,127,3,686,2686
7,0,10078.428,0.99962525,0.031158511,127,3,687,2687
7,0,10071.011,0.96836356,0.031158511,127,3,688,2688
7,0,10061.052,0.9929465,0.031158511,127,3,689,2689
7,0,10071.74,0.98810127,0.031158511,127,3,690,2690
6,0,10083.7,0.99665136,0.031158511,63,3,691,2691
7,0,10064.373,0.99856602,0.031158511,127,3,692,2692
7,0,10072.399,0.98182148,0.031158511,127,3,693,2693
8,0,10074.946,0.98907334,0.031158511,255,3,694,2694
9,0,10068.848,0.99311998,0.031158511,511,3,695,2695
7,0,10072.89,0.98098077,0.031158511,127,3,696,2696
6,0,10087.359,0.98990293,0.031158511,127,3,697,2697
7,0,10088.042,0.99644917,0.031158511,127,3,698,2698
7,0,10079.059,0.98017076,0.031158511,255,3,699,2699
7,0,10075.289,0.95817092,0.031158511,127,3,700,2700
7,0,10093.997,0.99713628,0.031158511,127,3,701,2701
7,0,10089.279,0.99715343,0.031158511,127,3,702,2702
7,0,10090.1,0.99520786,0.031158511,127,3,703,2703
7,0,10088.558,0.99354674,0.031158511,127,3,704,2704
7,0,10092.923,0.98498696,0.031158511,127,3,705,2705
7,0,10098.848,0.98829837,0.031158511,127,3,706,2706
7,0,10087.549,0.99987832,0.031158511,127,3,707,2707
7,0,10080.697,0.99996778,0.031158511,127,3,708,2708
7,0,10086.537,0.95790603,0.031158511,127,3,709,2709
7,0,10089.873,0.99931216,0.031158511,127,3,710,2710
7,0,10101.869,0.97683519,0.031158511,127,3,711,2711
7,0,10091.505,0.99248872,0.031158511,127,3,712,2712
7,0,10098.223,0.97381879,0.031158511,127,3,713,2713
7,0,10098.819,0.99557899,0.031158511,127,3,714,2714
7,0,10095.014,0.99120646,0.031158511,127,3,715,2715
7,0,10098.035,0.99867629,0.031158511,127,3,716,2716
7,0,10104.347,0.98441437,0.031158511,127,3,717,2717
7,0,10106.028,0.98184673,0.031158511,127,3,718,2718
7,0,10092.725,0.99496577,0.031158511,127,3,719,2719
7,0,10093.631,0.99413655,0.031158511,127,3,720,2720
7,0,10080.439,0.98540328,0.031158511,127,3,721,2721
7,0,10085.548,0.99054447,0.031158511,127,3,722,2722
7,0,10083.234,0.99179876,0.031158511,127,3,723,2723
7,0,10089.733,0.99895149,0.031158511,127,3,724,2724
7,0,10103.352,0.9082234,0.031158511,127,3,725,2725
7,0,10079.25,0.99901962,0.031158511,127,3,726,2726
7,0,10076.074,0.9985143,0.031158511,255,3,727,2727
7,0,10068.414,0.99446478,0.031158511,255,3,728,2728
7,0,10065.71,0.99324949,0.031158511,127,3,729,2729
7,0,10086.445,0.97329671,0.031158511,127,3,730,2730
7,0,10080.091,0.99935128,0.031158511,127,3,731,2731
7,0,10090.621,0.95840567,0.031158511,127,3,732,2732
7,0,10079.58,0.99753083,0.031158511,127,3,733,2733
6,0,10076.323,0.98850988,0.031158511,63,3,734,2734
7,0,10070.624,0.982301,0.031158511,127,3,735,2735
7,0,10075.91,0.99902246,0.031158511,127,3,736,2736
6,0,10075.55,0.94875073,0.031158511,127,3,737,2737
7,0,10058.894,1,0.031158511,127,3,738,2738
7,0,10066.526,0.90828904,0.031158511,127,3,739,2739
7,0,10067.038,0.99648498,0.031158511,127,3,740,2740
7,0,10087.976,0.99730807,0.031158511,127,3,741,2741
7,0,10079.624,0.998044,0.031158511,127,3,742,2742
7,0,10083.949,0.99431907,0.031158511,127,3,743,2743
7,0,10074.588,0.99187561,0.031158511,127,3,744,2744
7,0,10066.113,0.98234493,0.031158511,127,3,745,2745
6,0,10078.421,0.99349667,0.031158511,127,3,746,2746
6,0,10066.247,0.99712343,0.031158511,63,3,747,2747
7,0,10075.253,0.99933645,0.031158511,127,3,748,2748
7,0,10077.545,0.97932923,0.031158511,127,3,749,2749
6,0,10076.799,0.99882113,0.031158511,63,3,750,2750
7,0,10086.155,0.97264701,0.031158511,127,3,751,2751
7,0,10086.022,0.98506936,0.031158511,255,3,752,2752
7,0,10072.246,0.9996801,0.031158511,127,3,753,2753
7,0,10090.287,0.9953791,0.031158511,127,3,754,2754
7,0,10088.371,1,0.031158511,127,3,755,2755
7,0,10082.328,0.99038723,0.031158511,127,3,756,2756
7,0,10083.061,0.99477219,0.031158511,127,3,757,2757
7,0,10082.537,0.96840291,0.031158511,127,3,758,2758
7,0,10072.474,0.99602878,0.031158511,127,3,759,2759
7,0,10075.234,0.99860153,0.031158511,127,3,760,2760
7,0,10064.703,0.99250821,0.031158511,127,3,761,2761
8,0,10076.126,0.98564653,0.031158511,383,3,762,2762
7,0,10080.212,0.9994019,0.031158511,255,3,763,2763
7,0,10073.914,0.99685194,0.031158511,255,3,764,2764
7,0,10070.218,0.99984318,0.031158511,255,3,765,2765
7,0,10074.686,0.98109402,0.031158511,127,3,766,2766
7,0,10103.912,0.94176942,0.031158511,127,3,767,2767
7,0,10085.168,0.99993107,0.031158511,127,3,768,2768
7,0,10067.47,0.9415314,0.031158511,127,3,769,2769
7,0,10078.409,0.96936662,0.031158511,127,3,770,2770
7,0,10085.391,0.9894727,0.031158511,255,3,771,2771
7,0,10077.394,0.99686313,0.031158511,127,3,772,2772
7,0,10071.17,0.99680642,0.031158511,127,3,773,2773
7,0,10082.811,0.98222943,0.031158511,127,3,774,2774
7,0,10086.924,0.98884507,0.031158511,127,3,775,2775
7,0,10095.088,0.94515893,0.031158511,127,3,776,2776
7,0,10080.369,0.99958614,0.031158511,127,3,777,2777
7,0,10075.234,0.99638501,0.031158511,127,3,778,2778
7,0,10089.378,0.9970897,0.031158511,127,3,779,2779
7,0,10076.616,0.99591566,0.031158511,127,3,780,2780
7,0,10083.101,0.96846834,0.031158511,127,3,781,2781
7,0,10094.703,0.99645577,0.031158511,127,3,782,2782
7,0,10085.187,0.9651174,0.031158511,127,3,783,2783
7,0,10110.21,0.99517796,0.031158511,127,3,784,2784
7,0,10095.138,0.99962187,0.031158511,127,3,785,2785
7,0,10089.137,0.99378682,0.031158511,127,3,786,2786
7,0,10083.645,0.97289738,0.031158511,127,3,787,2787
7,0,10086.311,0.99112824,0.031158511,127,3,788,2788
7,0,10096.078,0.96527388,0.031158511,255,3,789,2789
8,0,10085.317,0.98822812,0.031158511,511,3,790,2790
7,0,10082.295,0.99718231,0.031158511,255,3,791,2791
7,0,10076.524,0.98412413,0.031158511,255,3,792,2792
8,0,10077.951,0.99478774,0.031158511,383,3,793,2793
7,0,10078.922,0.97436355,0.031158511,127,3,794,2794
7,0,10072.531,0.97989782,0.031158511,255,3,795,2795
7,0,10075.32,0.99432857,0.031158511,127,3,796,2796
7,0,10054.847,0.98162919,0.031158511,127,3,797,2797
7,0,10070.41,0.98284793,0.031158511,127,3,798,2798
7,0,10078.867,0.95868872,0.031158511,127,3,799,2799
7,0,10083.116,0.9694863,0.031158511,127,3,800,2800
7,0,10081.512,0.99680069,0.031158511,127,3,801,2801
7,0,10087.694,0.99804008,0.031158511,127,3,802,2802
7,0,10095.532,0.99005749,0.031158511,127,3,803,2803
7,0,10094.938,0.97371619,0.031158511,127,3,804,2804
7,0,10082.903,0.99892468,0.031158511,127,3,805,2805
7,0,10085.553,0.98817229,0.031158511,127,3,806,2806
7,0,10093.689,0.99508098,0.031158511,127,3,807,2807
7,0,10111.158,0.97536146,0.031158511,127,3,808,2808
8,0,10115.691,0.98054716,0.031158511,255,3,809,2809
6,0,10077.677,0.99924818,0.031158511,63,3,810,2810
7,0,10080.633,0.93302767,0.031158511,127,3,811,2811
6,0,10072.987,0.99951612,0.031158511,127,3,812,2812
7,0,10080.531,0.9570578,0.031158511,127,3,813,2813
7,0,10087.351,0.99963371,0.031158511,127,3,814,2814
7,0,10097.977,0.97886688,0.031158511,127,3,815,2815
7,0,10107.293,0.94834991,0.031158511,127,3,816,2816
7,0,10095.636,0.97266391,0.031158511,127,3,817,2817
6,0,10085.231,0.99644767,0.031158511,127,3,818,2818
7,0,10078.693,0.99987093,0.031158511,255,3,819,2819
7,0,10082.702,0.97629932,0.031158511,127,3,820,2820
7,0,10078.647,0.99998107,0.031158511,127,3,821,2821
7,0,10077.697,0.99095165,0.031158511,127,3,822,2822
7,0,10067.89,0.99450099,0.031158511,255,3,823,2823
6,0,10063.31,0.99812504,0.031158511,63,3,824,2824
7,0,10061.511,0.97962481,0.031158511,127,3,825,2825
7,0,10055.644,0.98276651,0.031158511,127,3,826,2826
7,0,10055.725,0.97650589,0.031158511,255,3,827,2827
8,0,10067.397,0.99633197,0.031158511,255,3,828,2828
7,0,10072.912,0.95114037,0.031158511,127,3,829,2829
7,0,10073.934,0.99484256,0.031158511,127,3,830,2830
7,0,10077.168,0.99934336,0.031158511,127,3,831,2831
7,0,10089.145,0.98280002,0.031158511,127,3,832,2832
7,0,10084.511,0.99993073,0.031158511,127,3,833,2833
7,0,10087.96,0.98727686,0.031158511,127,3,834,2834
7,0,10081.784,0.99732349,0.031158511,127,3,835,2835
7,0,10089.242,0.99930081,0.031158511,127,3,836,2836
7,0,10073.638,0.98735376,0.031158511,255,3,837,2837
7,0,10070.892,0.98549701,0.031158511,127,3,838,2838
7,0,10088.965,0.99049908,0.031158511,127,3,839,2839
7,0,10100.935,0.98742009,0.031158511,127,3,840,2840
7,0,10096.184,0.99995926,0.031158511,127,3,841,2841
7,0,10112.178,0.9993527,0.031158511,127,3,842,2842
7,0,10103.612,0.91279473,0.031158511,127,3,843,2843
7,0,10109.494,0.98012003,0.031158511,127,3,844,2844
7,0,10106.43,0.99993209,0.031158511,127,3,845,2845
6,0,10121.786,0.95528575,0.031158511,127,3,846,2846
7,0,10102.527,0.96666391,0.031158511,127,3,847,2847
7,0,10099.577,0.99753862,0.031158511,127,3,848,2848
7,0,10086.13,0.99298526,0.031158511,255,3,849,2849
6,0,10091.96,0.99112597,0.031158511,127,3,850,2850
7,0,10079.763,0.99947031,0.031158511,255,3,851,2851
7,0,10090.96,0.99101681,0.031158511,127,3,852,2852
7,0,10092.731,0.96364745,0.031158511,127,3,853,2853
7,0,10099.49,0.9934168,0.031158511,127,3,854,2854
8,0,10094.648,0.96770917,0.031158511,383,3,855,2855
8,0,10082.84,0.99017605,0.031158511,255,3,856,2856
7,0,10080.491,0.97286659,0.031158511,127,3,857,2857
7,0,10078.665,0.96140733,0.031158511,127,3,858,2858
7,0,10089.661,0.99658009,0.031158511,127,3,859,2859
7,0,10091.638,0.99796503,0.031158511,127,3,860,2860
7,0,10088.737,0.99787672,0.031158511,127,3,861,2861
7,0,10089.845,0.95907077,0.031158511,127,3,862,2862
7,0,10098.793,0.99928694,0.031158511,127,3,863,2863
7,0,10092.661,0.99884518,0.031158511,127,3,864,2864
7,0,10072.878,0.95112036,0.031158511,127,3,865,2865
7,0,10096.279,0.99456939,0.031158511,127,3,866,2866
7,0,10093.455,0.99727784,0.031158511,127,3,867,2867
7,0,10102.475,0.9909121,0.031158511,127,3,868,2868
7,0,10099.883,0.99093034,0.031158511,127,3,869,2869
7,0,10091.339,0.99509981,0.031158511,127,3,870,2870
7,0,10089.295,0.99842422,0.031158511,127,3,871,2871
7,0,10088.513,0.99922892,0.031158511,127,3,872,2872
7,0,10083.469,0.98039768,0.031158511,127,3,873,2873
6,0,10076.769,0.99926197,0.031158511,63,3,874,2874
7,0,10077.968,0.99833324,0.031158511,255,3,875,2875
7,0,10075.343,0.99289553,0.031158511,127,3,876,2876
7,0,10080.747,0.95925468,0.031158511,127,3,877,2877
8,0,10076.003,0.99279191,0.031158511,383,3,878,2878
6,0,10071.502,0.99526674,0.031158511,127,3,879,2879
8,0,10078.313,0.99976169,0.031158511,383,3,880,2880
7,0,10075.053,0.99836551,0.031158511,127,3,881,2881
7,0,10081.049,0.99485501,0.031158511,127,3,882,2882
7,0,10069.097,0.98514766,0.031158511,127,3,883,2883
6,0,10070.226,0.9720753,0.031158511,63,3,884,2884
6,0,10079.773,0.99827922,0.031158511,63,3,885,2885
7,0,10072.987,0.99398015,0.031158511,127,3,886,2886
6,0,10089.995,0.97423477,0.031158511,63,3,887,2887
7,0,10083.087,0.99620977,0.031158511,127,3,888,2888
7,0,10084.776,0.97811332,0.031158511,127,3,889,2889
6,0,10077.674,0.99994898,0.031158511,127,3,890,2890
7,0,10079.22,0.9831799,0.031158511,127,3,891,2891
7,0,10088.822,0.96652266,0.031158511,127,3,892,2892
7,0,10082.319,0.99948757,0.031158511,127,3,893,2893
7,0,10089.453,0.96011,0.031158511,127,3,894,2894
7,0,10090.63,0.99200953,0.031158511,127,3,895,2895
7,0,10102.349,0.99982184,0.031158511,127,3,896,2896
7,0,10083.562,0.99964205,0.031158511,127,3,897,2897
6,0,10085.36,0.99892284,0.031158511,127,3,898,2898
7,0,10094.431,0.90915317,0.031158511,127,3,899,2899
7,0,10104.912,0.9639179,0.031158511,127,3,900,2900
7,0,10088.547,0.99882833,0.031158511,127,3,901,2901
7,0,10096.67,0.99734629,0.031158511,127,3,902,2902
7,0,10086.414,0.94962413,0.031158511,127,3,903,2903
7,0,10083.48,0.95698684,0.031158511,127,3,904,2904
7,0,10093.462,0.99011026,0.031158511,127,3,905,2905
7,0,10085.107,0.9714985,0.031158511,127,3,906,2906
7,0,10077.705,0.98332533,0.031158511,127,3,907,2907
7,0,10075.577,0.99094576,0.031158511,127,3,908,2908
7,0,10084.632,0.99756258,0.031158511,127,3,909,2909
7,0,10093.751,0.99933583,0.031158511,127,3,910,2910
7,0,10083.417,0.993047,0.031158511,127,3,911,2911
7,0,10079.732,0.99996634,0.031158511,127,3,912,2912
7,0,10063.316,0.9754772,0.031158511,127,3,913,2913
7,0,10067.654,0.97786496999999994,0.031158511,127,3,914,2914
7,0,10089.812,0.99619522,0.031158511,127,3,915,2915
7,0,10083.8,0.99961257,0.031158511,127,3,916,2916
6,0,10087.186,0.94835071,0.031158511,127,3,917,2917
6,0,10088.731,0.99538189,0.031158511,127,3,918,2918
6,0,10093.105,0.98619337,0.031158511,127,3,919,2919
6,0,10092.408,0.99567729,0.031158511,127,3,920,2920
7,0,10081.667,0.99954777,0.031158511,127,3,921,2921
7,0,10086.093,0.94010646,0.031158511,127,3,922,2922
7,0,10088.33,0.99917036,0.031158511,127,3,923,2923
7,0,10086.007,0.98385205,0.031158511,127,3,924,2924
7,0,10080.572,0.98001463,0.031158511,127,3,925,2925
7,0,10061.967,0.99718872,0.031158511,127,3,926,2926
7,0,10079.122,0.94479177,0.031158511,127,3,927,2927
7,0,10071.937,0.98741849,0.031158511,127,3,928,2928
7,0,10087.25,0.99605778,0.031158511,127,3,929,2929
7,0,10096.901,0.97146297,0.031158511,127,3,930,2930
7,0,10096.609,0.99863015,0.031158511,127,3,931,2931
7,0,10098.595,0.99739788,0.031158511,127,3,932,2932
7,0,10105.342,0.99215267,0.031158511,127,3,933,2933
7,0,10098.869,0.95604698,0.031158511,127,3,934,2934
8,0,10097.206,0.93863021,0.031158511,383,3,935,2935
7,0,10093.368,0.98099679,0.031158511,127,3,936,2936
7,0,10085.429,0.99982715,0.031158511,127,3,937,2937
7,0,10096.39,0.99005242,0.031158511,127,3,938,2938
7,0,10104.034,0.97339963,0.031158511,127,3,939,2939
7,0,10115.011,0.9965724,0.031158511,127,3,940,2940
7,0,10094.799,0.96220057,0.031158511,127,3,941,2941
7,0,10088.723,0.97687811,0.031158511,127,3,942,2942
7,0,10096.74,0.99882056,0.031158511,127,3,943,2943
7,0,10095.571,0.98711298,0.031158511,127,3,944,2944
7,0,10097.875,0.99733499,0.031158511,127,3,945,2945
7,0,10106.216,0.99628998,0.031158511,127,3,946,2946
7,0,10089.469,0.98986208,0.031158511,127,3,947,2947
7,0,10079.599,0.98266337,0.031158511,127,3,948,2948
7,0,10088.166,0.99858748,0.031158511,127,3,949,2949
7,0,10086.428,0.99936109,0.031158511,127,3,950,2950
6,0,10084.58,0.97389121,0.031158511,63,3,951,2951
6,0,10093.407,0.99845544,0.031158511,63,3,952,2952
7,0,10085.125,0.99934526,0.031158511,127,3,953,2953
7,0,10092.029,0.99774918,0.031158511,127,3,954,2954
7,0,10089.056,0.9897221,0.031158511,127,3,955,2955
7,0,10085.628,0.99760428,0.031158511,127,3,956,2956
7,0,10083.275,0.99144056,0.031158511,127,3,957,2957
7,0,10079.685,0.99891054,0.031158511,191,3,958,2958
7,0,10080.954,0.99290333,0.031158511,127,3,959,2959
7,0,10067.471,0.99794425,0.031158511,127,3,960,2960
6,0,10075.804,0.99579279,0.031158511,63,3,961,2961
7,0,10090.89,0.99949156,0.031158511,127,3,962,2962
7,0,10085.619,0.99722605,0.031158511,127,3,963,2963
7,0,10075.299,0.99986289,0.031158511,127,3,964,2964
7,0,10082.49,0.93182906,0.031158511,127,3,965,2965
7,0,10079.178,0.98436224,0.031158511,127,3,966,2966
7,0,10067.403,0.99522491,0.031158511,127,3,967,2967
7,0,10076.998,0.99261354,0.031158511,127,3,968,2968
7,0,10082.451,0.98157549,0.031158511,127,3,969,2969
7,0,10080.713,0.99713676,0.031158511,127,3,970,2970
7,0,10084.794,0.99829819,0.031158511,127,3,971,2971
7,0,10081.895,0.99572144,0.031158511,127,3,972,2972
7,0,10074.576,0.96030607,0.031158511,127,3,973,2973
8,0,10081.736,0.99032003,0.031158511,255,3,974,2974
7,0,10081.606,0.99179472,0.031158511,127,3,975,2975
7,0,10080.137,0.95944796,0.031158511,127,3,976,2976
7,0,10076.817,0.95995124,0.031158511,127,3,977,2977
7,0,10075.445,0.99940154,0.031158511,127,3,978,2978
7,0,10076.402,0.99984262,0.031158511,127,3,979,2979
7,0,10088.668,0.98234311,0.031158511,127,3,980,2980
7,0,10091.604,0.97920671,0.031158511,127,3,981,2981
7,0,10102.298,0.96937308,0.031158511,127,3,982,2982
7,0,10099.655,0.96355242,0.031158511,127,3,983,2983
7,0,10074.723,0.96890252,0.031158511,127,3,984,2984
7,0,10081.741,0.99030587,0.031158511,127,3,985,2985
7,0,10082.027,0.97606497,0.031158511,127,3,986,2986
7,0,10087.357,0.99346493,0.031158511,127,3,987,2987
7,0,10083.159,0.99094843,0.031158511,127,3,988,2988
7,0,10088.167,1,0.031158511,255,3,989,2989
6,0,10092.629,0.99437527,0.031158511,127,3,990,2990
6,0,10074.995,0.95285206,0.031158511,63,3,991,2991
6,0,10083.393,0.98923603,0.031158511,127,3,992,2992
6,0,10080.76,0.99518014,0.031158511,63,3,993,2993
7,0,10084.317,0.98624436,0.031158511,127,3,994,2994
7,0,10089.717,0.9795483,0.031158511,127,3,995,2995
7,0,10098.379,0.99986528,0.031158511,127,3,996,2996
6,0,10091.129,0.97983203,0.031158511,63,3,997,2997
7,0,10091.358,0.96637769,0.031158511,127,3,998,2998
7,0,10098.296,1,0.031158511,127,3,999,2999
7,0,10097.921,0.99410336,0.031158511,127,3,1000,3000
7,0,10078.236,0.99988756,0.041649792,127,4,1,3001
6,0,10078.527,0.99596862,0.041649792,127,4,2,3002
7,0,10087.601,0.98769922,0.041649792,127,4,3,3003
7,0,10100.392,0.98605134,0.041649792,255,4,4,3004
8,0,10092.592,0.9999242,0.041649792,255,4,5,3005
8,0,10095.795,0.99926942,0.041649792,255,4,6,3006
8,0,10071.304,0.99816464,0.041649792,255,4,7,3007
7,0,10083.402,0.99118436,0.041649792,255,4,8,3008
6,0,10076.458,0.97553565,0.041649792,127,4,9,3009
6,0,10074.536,0.98040823,0.041649792,63,4,10,3010
7,0,10082.333,0.98278371,0.041649792,127,4,11,3011
7,0,10071.742,0.98253301,0.041649792,255,4,12,3012
6,0,10081.01,0.99078655,0.041649792,127,4,13,3013
6,0,10057.777,0.97299546,0.041649792,63,4,14,3014
6,0,10078.18,0.97434447,0.041649792,63,4,15,3015
6,0,10082.606,0.97933119,0.041649792,127,4,16,3016
6,0,10073.671,0.98906598,0.041649792,63,4,17,3017
6,0,10082.1,0.97841174,0.041649792,127,4,18,3018
8,0,10090.966,0.93565349,0.041649792,255,4,19,3019
6,0,10085.186,0.99715368,0.041649792,63,4,20,3020
6,0,10084.155,0.97374057,0.041649792,63,4,21,3021
7,0,10068.358,0.98662454,0.041649792,255,4,22,3022
6,0,10087.702,0.99636337,0.041649792,63,4,23,3023
6,0,10086.931,0.99824744,0.041649792,63,4,24,3024
6,0,10072.913,0.99604002,0.041649792,63,4,25,3025
6,0,10080.288,0.9526081,0.041649792,63,4,26,3026
6,0,10089.53,0.97083551,0.041649792,63,4,27,3027
7,0,10102.22,0.9627367,0.041649792,127,4,28,3028
6,0,10088.415,0.99982881,0.041649792,63,4,29,3029
6,0,10090.763,0.99003881,0.041649792,63,4,30,3030
6,0,10087.705,0.98923588,0.041649792,63,4,31,3031
6,0,10097.645,0.97985649,0.041649792,63,4,32,3032
8,0,10082.909,0.99977992,0.041649792,255,4,33,3033
6,0,10072.754,0.9979912,0.041649792,63,4,34,3034
7,0,10064.469,0.97659022,0.041649792,255,4,35,3035
6,0,10060.347,0.99967517,0.041649792,63,4,36,3036
6,0,10073.761,0.99106153,0.041649792,63,4,37,3037
7,0,10053.466,0.9968365,0.041649792,255,4,38,3038
6,0,10063.019,0.994693,0.041649792,63,4,39,3039
7,0,10076.122,0.96615708,0.041649792,255,4,40,3040
6,0,10075.642,0.96397911,0.041649792,63,4,41,3041
6,0,10082.281,0.99049583,0.041649792,63,4,42,3042
6,0,10088.867,0.99344101,0.041649792,63,4,43,3043
6,0,10088.475,0.98505823,0.041649792,127,4,44,3044
6,0,10081.799,0.99949781,0.041649792,127,4,45,3045
6,0,10074.799,0.99409266,0.041649792,63,4,46,3046
6,0,10082.691,0.99044467,0.041649792,63,4,47,3047
6,0,10086.413,0.96949373,0.041649792,63,4,48,3048
6,0,10084.13,0.99922845,0.041649792,63,4,49,3049
6,0,10082.366,0.99622856,0.041649792,127,4,50,3050
7,0,10098.279,0.99628763,0.041649792,127,4,51,3051
7,0,10091.083,0.99838785,0.041649792,127,4,52,3052
6,0,10089.352,0.9435784,0.041649792,127,4,53,3053
7,0,10107.508,0.9766161,0.041649792,127,4,54,3054
7,0,10100.169,0.99320148,0.041649792,127,4,55,3055
6,0,10088.066,0.9997697,0.041649792,127,4,56,3056
7,0,10096.279,0.9942384,0.041649792,127,4,57,3057
8,0,10095.695,0.99564019,0.041649792,255,4,58,3058
6,0,10095.178,0.99665827,0.041649792,127,4,59,3059
7,0,10093.289,0.99894227,0.041649792,255,4,60,3060
7,0,10091.405,0.99656571,0.041649792,127,4,61,3061
6,0,10071.692,0.98251316,0.041649792,63,4,62,3062
6,0,10063.476,0.99943576,0.041649792,63,4,63,3063
6,0,10067.244,0.93473902,0.041649792,63,4,64,3064
6,0,10067.216,0.98404271,0.041649792,63,4,65,3065
6,0,10073.167,0.98137599,0.041649792,63,4,66,3066
6,0,10069.998,0.99261038,0.041649792,63,4,67,3067
6,0,10059.766,0.99907282,0.041649792,63,4,68,3068
6,0,10063.063,0.97843417,0.041649792,63,4,69,3069
7,0,10087.548,0.96860411,0.041649792,191,4,70,3070
6,0,10090.341,0.99560092,0.041649792,127,4,71,3071
6,0,10094.578,0.99484142,0.041649792,63,4,72,3072
6,0,10088.232,0.99392645,0.041649792,63,4,73,3073
6,0,10077.646,0.9998383,0.041649792,127,4,74,3074
6,0,10089.53,0.94943594,0.041649792,63,4,75,3075
6,0,10079.201,0.99997995,0.041649792,127,4,76,3076
7,0,10074.288,0.99579366,0.041649792,127,4,77,3077
6,0,10068.049,0.95595336,0.041649792,127,4,78,3078
6,0,10077.495,0.99261782,0.041649792,127,4,79,3079
7,0,10081.17,0.99666596,0.041649792,127,4,80,3080
7,0,10082.065,0.98369502,0.041649792,255,4,81,3081
6,0,10091.907,0.9774878,0.041649792,127,4,82,3082
6,0,10083.592,0.99460474,0.041649792,63,4,83,3083
6,0,10089.492,0.97803792,0.041649792,63,4,84,3084
6,0,10076.659,0.99914162,0.041649792,63,4,85,3085
6,0,10077.815,0.99937978,0.041649792,63,4,86,3086
7,0,10074.057,0.98834253,0.041649792,191,4,87,3087
6,0,10069.661,0.99697767,0.041649792,63,4,88,3088
6,0,10073.48,0.98659115,0.041649792,63,4,89,3089
6,0,10060.223,0.96779679,0.041649792,63,4,90,3090
6,0,10063.044,0.99949877,0.041649792,63,4,91,3091
6,0,10067.043,0.98909889,0.041649792,63,4,92,3092
7,0,10075.806,0.98933057,0.041649792,255,4,93,3093
7,0,10075.964,0.99959868,0.041649792,127,4,94,3094
6,0,10068.472,0.96543664,0.041649792,63,4,95,3095
7,0,10078.81,0.97636603,0.041649792,127,4,96,3096
7,0,10100.383,0.99443889,0.041649792,255,4,97,3097
7,0,10100.125,0.98526499,0.041649792,127,4,98,3098
7,0,10092.737,0.99549781,0.041649792,255,4,99,3099
7,0,10090.707,0.99325603,0.041649792,127,4,100,3100
6,0,10090.467,0.99079855,0.041649792,63,4,101,3101
8,0,10088.301,0.9582476,0.041649792,319,4,102,3102
6,0,10084.401,0.97990456,0.041649792,63,4,103,3103
7,0,10070.509,0.99728862,0.041649792,255,4,104,3104
6,0,10070.745,0.99412131,0.041649792,63,4,105,3105
6,0,10065.707,0.98274385,0.041649792,63,4,106,3106
8,0,10072.883,0.95610853,0.041649792,255,4,107,3107
6,0,10072.704,0.99644779000000006,0.041649792,63,4,108,3108
7,0,10077.779,0.97289949,0.041649792,127,4,109,3109
8,0,10081.958,0.97588556,0.041649792,319,4,110,3110
6,0,10096.762,0.93411062,0.041649792,63,4,111,3111
7,0,10112.88,0.9192116,0.041649792,127,4,112,3112
7,0,10092.492,0.99350554,0.041649792,127,4,113,3113
7,0,10087.929,0.96946144,0.041649792,127,4,114,3114
7,0,10091.924,0.99010296,0.041649792,191,4,115,3115
6,0,10079.686,0.99191539,0.041649792,63,4,116,3116
6,0,10082.802,0.99826207,0.041649792,63,4,117,3117
6,0,10081.999,0.9836891,0.041649792,63,4,118,3118
6,0,10088.23,0.9991435,0.041649792,127,4,119,3119
6,0,10088.023,0.9851444,0.041649792,63,4,120,3120
7,0,10077.721,0.99997599,0.041649792,127,4,121,3121
7,0,10084.64,0.99804408,0.041649792,127,4,122,3122
7,0,10092.759,0.97669641,0.041649792,255,4,123,3123
7,0,10098.177,0.96403989,0.041649792,255,4,124,3124
8,0,10101.121,0.97759489,0.041649792,319,4,125,3125
8,0,10098.09,0.99884525,0.041649792,383,4,126,3126
7,0,10103.066,0.99440045,0.041649792,127,4,127,3127
6,0,10092.842,0.99554329,0.041649792,63,4,128,3128
7,0,10095.812,0.9963198,0.041649792,127,4,129,3129
7,0,10082.037,0.99072233,0.041649792,127,4,130,3130
8,0,10095.168,0.99512731,0.041649792,319,4,131,3131
6,0,10092.494,0.9661879,0.041649792,63,4,132,3132
7,0,10099.536,0.90063946,0.041649792,255,4,133,3133
6,0,10094.376,0.9110463,0.041649792,63,4,134,3134
7,0,10086.337,0.99876976,0.041649792,191,4,135,3135
7,0,10082.483,0.99541836,0.041649792,127,4,136,3136
7,0,10075.174,0.9986402,0.041649792,255,4,137,3137
7,0,10086.816,0.9911433,0.041649792,255,4,138,3138
7,0,10088.526,0.99001437,0.041649792,191,4,139,3139
6,0,10082.789,0.99390787,0.041649792,63,4,140,3140
6,0,10079.844,0.96805014,0.041649792,127,4,141,3141
6,0,10080.058,0.98906896,0.041649792,63,4,142,3142
8,0,10085.597,0.99777288,0.041649792,255,4,143,3143
7,0,10096.001,0.98785584,0.041649792,255,4,144,3144
7,0,10088.403,0.99404938,0.041649792,255,4,145,3145
6,0,10081.431,0.99242059,0.041649792,63,4,146,3146
7,0,10074.395,0.97661089,0.041649792,127,4,147,3147
7,0,10066.643,0.9995746,0.041649792,191,4,148,3148
6,0,10075.694,0.93470162,0.041649792,127,4,149,3149
7,0,10074.507,0.99182854,0.041649792,191,4,150,3150
7,0,10076.852,0.98560705,0.041649792,255,4,151,3151
7,0,10074.906,0.99915871,0.041649792,127,4,152,3152
7,0,10081.461,0.99114149,0.041649792,255,4,153,3153
8,0,10078.49,0.98523572,0.041649792,255,4,154,3154
8,0,10082.409,0.96424624,0.041649792,255,4,155,3155
8,0,10088.369,0.93860585,0.041649792,255,4,156,3156
6,0,10077.656,0.99276204,0.041649792,63,4,157,3157
6,0,10081.774,0.99977278,0.041649792,63,4,158,3158
6,0,10075.649,0.98065618,0.041649792,63,4,159,3159
6,0,10084.141,1,0.041649792,63,4,160,3160
6,0,10089.042,0.99975599,0.041649792,63,4,161,3161
7,0,10091,0.99229334,0.041649792,127,4,162,3162
6,0,10098.298,0.99599344,0.041649792,127,4,163,3163
6,0,10096.755,0.99737234,0.041649792,63,4,164,3164
6,0,10091.048,0.99995152,0.041649792,63,4,165,3165
6,0,10080.664,0.98183191,0.041649792,63,4,166,3166
6,0,10088.834,0.99495643,0.041649792,63,4,167,3167
6,0,10078.651,0.99988635,0.041649792,63,4,168,3168
6,0,10085.461,0.98314352,0.041649792,127,4,169,3169
6,0,10077.034,0.97190176,0.041649792,127,4,170,3170
6,0,10060.211,0.97406153,0.041649792,63,4,171,3171
6,0,10067.929,0.98943461,0.041649792,63,4,172,3172
6,0,10070.618,0.99546031,0.041649792,63,4,173,3173
6,0,10074.624,0.93833561,0.041649792,127,4,174,3174
6,0,10082.282,0.95444098,0.041649792,63,4,175,3175
6,0,10066.183,0.99765165,0.041649792,63,4,176,3176
6,0,10072.334,0.99475404,0.041649792,63,4,177,3177
7,0,10091.312,0.98922469,0.041649792,127,4,178,3178
6,0,10078.696,0.96774538,0.041649792,63,4,179,3179
7,0,10083.389,0.93863066,0.041649792,127,4,180,3180
6,0,10074.51,0.99933878,0.041649792,63,4,181,3181
6,0,10081.104,0.99688018,0.041649792,63,4,182,3182
6,0,10103.041,0.98627735,0.041649792,63,4,183,3183
7,0,10094.721,0.99671656,0.041649792,127,4,184,3184
6,0,10079.807,0.99961656,0.041649792,63,4,185,3185
6,0,10085.132,0.99875361,0.041649792,127,4,186,3186
7,0,10077.773,0.99738318,0.041649792,255,4,187,3187
7,0,10079.968,0.98749537,0.041649792,255,4,188,3188
7,0,10090.499,0.98837268,0.041649792,255,4,189,3189
7,0,10095.56,0.96049029,0.041649792,127,4,190,3190
7,0,10110.609,0.99963497,0.041649792,127,4,191,3191
7,0,10099.775,0.94596775,0.041649792,127,4,192,3192
7,0,10089.114,0.9967234,0.041649792,255,4,193,3193
7,0,10084.654,0.99997545,0.041649792,127,4,194,3194
7,0,10082.322,0.99964299,0.041649792,127,4,195,3195
7,0,10086.116,0.96364956,0.041649792,127,4,196,3196
7,0,10077.107,0.99224721,0.041649792,127,4,197,3197
6,0,10087.583,0.99067679,0.041649792,127,4,198,3198
6,0,10083.854,0.99437746,0.041649792,127,4,199,3199
7,0,10084.796,0.98760149,0.041649792,191,4,200,3200
7,0,10077.998,0.999946,0.041649792,255,4,201,3201
8,0,10095.625,0.90817337,0.041649792,319,4,202,3202
6,0,10075.023,0.99142409,0.041649792,63,4,203,3203
6,0,10086.235,0.99841252,0.041649792,63,4,204,3204
7,0,10073.744,0.99880334,0.041649792,191,4,205,3205
6,0,10087.772,0.96958585,0.041649792,127,4,206,3206
6,0,10085.401,0.98563844,0.041649792,127,4,207,3207
6,0,10077.785,0.97056117,0.041649792,127,4,208,3208
7,0,10083.856,0.98842236000000006,0.041649792,255,4,209,3209
6,0,10070.905,0.99975326,0.041649792,63,4,210,3210
6,0,10086.534,0.96973499,0.041649792,127,4,211,3211
6,0,10101.096,0.8769077,0.041649792,127,4,212,3212
6,0,10102.033,0.99754612,0.041649792,127,4,213,3213
6,0,10108.909,0.96043551,0.041649792,127,4,214,3214
7,0,10106.418,0.99959693,0.041649792,127,4,215,3215
7,0,10106.31,0.97508073,0.041649792,127,4,216,3216
6,0,10094.603,0.98829804,0.041649792,63,4,217,3217
7,0,10090.334,0.9813364,0.041649792,191,4,218,3218
6,0,10082.367,0.99976787,0.041649792,127,4,219,3219
6,0,10091.319,0.97640613,0.041649792,63,4,220,3220
6,0,10072.557,0.97610101,0.041649792,63,4,221,3221
6,0,10079.12,0.99988723,0.041649792,63,4,222,3222
6,0,10085.575,0.99429651,0.041649792,127,4,223,3223
6,0,10080.527,0.98666431,0.041649792,63,4,224,3224
6,0,10077.698,0.97235854,0.041649792,63,4,225,3225
7,0,10091.344,0.98900826,0.041649792,127,4,226,3226
6,0,10078.772,0.9908314,0.041649792,63,4,227,3227
6,0,10093.187,0.95686943,0.041649792,127,4,228,3228
7,0,10090.12,0.99077404,0.041649792,127,4,229,3229
6,0,10087.084,0.99986438,0.041649792,63,4,230,3230
6,0,10083.701,0.97385093,0.041649792,63,4,231,3231
6,0,10090.453,0.99205463,0.041649792,63,4,232,3232
7,0,10089.599,0.99998159,0.041649792,255,4,233,3233
6,0,10075.524,0.99632575,0.041649792,63,4,234,3234
6,0,10079.315,0.99129492,0.041649792,63,4,235,3235
7,0,10090.332,0.97119642,0.041649792,127,4,236,3236
6,0,10084.25,0.99379281,0.041649792,127,4,237,3237
6,0,10089.096,0.99736755,0.041649792,127,4,238,3238
6,0,10088.999,0.98334404,0.041649792,63,4,239,3239
6,0,10082.327,1,0.041649792,63,4,240,3240
7,0,10080.759,0.99407409,0.041649792,255,4,241,3241
6,0,10092.381,0.99111226,0.041649792,127,4,242,3242
7,0,10102.067,0.95118946,0.041649792,127,4,243,3243
7,0,10104.106,0.99792941,0.041649792,191,4,244,3244
7,0,10098.851,0.99058331,0.041649792,255,4,245,3245
6,0,10085.498,0.99879458,0.041649792,63,4,246,3246
7,0,10082.645,0.9999813,0.041649792,191,4,247,3247
6,0,10092.91,0.97280689,0.041649792,63,4,248,3248
6,0,10087.435,0.98194557,0.041649792,127,4,249,3249
8,0,10070.703,0.99618951,0.041649792,511,4,250,3250
6,0,10079.619,0.97439087,0.041649792,63,4,251,3251
6,0,10081.39,0.99697354,0.041649792,63,4,252,3252
6,0,10087.908,0.99332019,0.041649792,63,4,253,3253
6,0,10098.806,0.99989582,0.041649792,63,4,254,3254
6,0,10099.926,0.98068617,0.041649792,63,4,255,3255
6,0,10092.548,0.99451562,0.041649792,63,4,256,3256
6,0,10083.543,0.99581932,0.041649792,63,4,257,3257
7,0,10087.364,0.97540571,0.041649792,127,4,258,3258
6,0,10089.898,0.98973402,0.041649792,127,4,259,3259
6,0,10091.546,0.99587657,0.041649792,63,4,260,3260
6,0,10086.566,0.99353965,0.041649792,127,4,261,3261
6,0,10079.189,0.98973211,0.041649792,63,4,262,3262
6,0,10079.946,0.99273276,0.041649792,63,4,263,3263
6,0,10074.976,0.94191848,0.041649792,63,4,264,3264
6,0,10097.844,0.98875063,0.041649792,63,4,265,3265
6,0,10086.834,0.99347512,0.041649792,63,4,266,3266
6,0,10075.557,0.99964679,0.041649792,127,4,267,3267
6,0,10072.388,0.99820108,0.041649792,127,4,268,3268
6,0,10072.576,0.9873614,0.041649792,127,4,269,3269
6,0,10076.729,0.97478282,0.041649792,63,4,270,3270
6,0,10076.512,0.99996807,0.041649792,63,4,271,3271
7,0,10071.193,0.99617687,0.041649792,255,4,272,3272
7,0,10072.09,0.98765357,0.041649792,127,4,273,3273
7,0,10067.273,0.98735261,0.041649792,255,4,274,3274
7,0,10074.827,0.97758234,0.041649792,255,4,275,3275
7,0,10080.365,0.99811272,0.041649792,191,4,276,3276
6,0,10087.509,0.99523616,0.041649792,127,4,277,3277
7,0,10083.008,0.99984756,0.041649792,127,4,278,3278
8,0,10083.752,0.97173595,0.041649792,255,4,279,3279
6,0,10094.517,0.96705193,0.041649792,63,4,280,3280
6,0,10091.602,0.99563416,0.041649792,63,4,281,3281
6,0,10092.745,0.96407061,0.041649792,63,4,282,3282
6,0,10093.903,0.93431756,0.041649792,63,4,283,3283
6,0,10104.336,0.98797714,0.041649792,63,4,284,3284
6,0,10104.335,0.98759945,0.041649792,127,4,285,3285
6,0,10099.661,0.99413147,0.041649792,63,4,286,3286
6,0,10091.192,0.99899081,0.041649792,127,4,287,3287
7,0,10092.678,0.96114754,0.041649792,127,4,288,3288
6,0,10100.246,0.99636848,0.041649792,63,4,289,3289
7,0,10092.435,0.98669561,0.041649792,191,4,290,3290
6,0,10093.09,0.96554664,0.041649792,63,4,291,3291
6,0,10104.88,0.99396659,0.041649792,63,4,292,3292
6,0,10103.435,0.99244315,0.041649792,63,4,293,3293
6,0,10095.687,0.99779236,0.041649792,127,4,294,3294
6,0,10093.077,0.98360115,0.041649792,63,4,295,3295
6,0,10087.093,0.95630242,0.041649792,127,4,296,3296
6,0,10085.073,0.99516672,0.041649792,63,4,297,3297
6,0,10083.053,0.99160107,0.041649792,63,4,298,3298
6,0,10076.703,0.99326019,0.041649792,63,4,299,3299
7,0,10078.779,0.98410154,0.041649792,255,4,300,3300
7,0,10076.789,0.99483172,0.041649792,191,4,301,3301
7,0,10085.617,0.99932619,0.041649792,127,4,302,3302
6,0,10092.567,0.93209725,0.041649792,127,4,303,3303
7,0,10090.198,0.99903154,0.041649792,255,4,304,3304
6,0,10077.21,0.98814444,0.041649792,63,4,305,3305
8,0,10081.552,0.99393299,0.041649792,319,4,306,3306
6,0,10072.425,0.98682939,0.041649792,127,4,307,3307
6,0,10074.824,0.99770019,0.041649792,63,4,308,3308
7,0,10080.665,0.98005806,0.041649792,255,4,309,3309
6,0,10081.476,0.98674362,0.041649792,63,4,310,3310
6,0,10065.299,0.99868032,0.041649792,63,4,311,3311
6,0,10061.551,0.99355092,0.041649792,63,4,312,3312
7,0,10066.782,0.99014887,0.041649792,191,4,313,3313
6,0,10083.19,0.98852207,0.041649792,63,4,314,3314
7,0,10091.628,0.97529539,0.041649792,127,4,315,3315
7,0,10084.389,0.99678049,0.041649792,127,4,316,3316
6,0,10078.321,0.99562624,0.041649792,127,4,317,3317
8,0,10077.563,0.98489635,0.041649792,255,4,318,3318
6,0,10077.161,0.99710602,0.041649792,63,4,319,3319
7,0,10070.649,0.99421983,0.041649792,127,4,320,3320
8,0,10080.798,0.99499128,0.041649792,255,4,321,3321
6,0,10076.399,0.98450647,0.041649792,63,4,322,3322
7,0,10080.392,0.99855769,0.041649792,127,4,323,3323
6,0,10073.539,0.96366851,0.041649792,127,4,324,3324
6,0,10080.574,0.99463017,0.041649792,63,4,325,3325
8,0,10087.667,0.99892308,0.041649792,255,4,326,3326
6,0,10080.165,0.99770054,0.041649792,63,4,327,3327
7,0,10085.513,0.99908437,0.041649792,127,4,328,3328
6,0,10099.408,0.97609524,0.041649792,127,4,329,3329
7,0,10081.197,0.99955103,0.041649792,127,4,330,3330
6,0,10090.433,0.97816977,0.041649792,127,4,331,3331
7,0,10090.123,0.98680088,0.041649792,127,4,332,3332
6,0,10081.597,0.98827387,0.041649792,63,4,333,3333
6,0,10080.895,0.94780784,0.041649792,63,4,334,3334
6,0,10089.668,0.9941227,0.041649792,63,4,335,3335
7,0,10096.042,0.98907547,0.041649792,255,4,336,3336
6,0,10087.624,0.99438278,0.041649792,63,4,337,3337
7,0,10079.676,0.92568863,0.041649792,255,4,338,3338
6,0,10086.872,0.96537255,0.041649792,63,4,339,3339
7,0,10081.199,0.99829014,0.041649792,191,4,340,3340
6,0,10078.55,0.98238659,0.041649792,63,4,341,3341
6,0,10075.398,0.99582535,0.041649792,63,4,342,3342
6,0,10081.857,0.99148328,0.041649792,63,4,343,3343
6,0,10082.815,0.98973297,0.041649792,63,4,344,3344
7,0,10083.47,0.99985728,0.041649792,255,4,345,3345
6,0,10066.257,0.9903287,0.041649792,63,4,346,3346
6,0,10064.075,0.99963057,0.041649792,63,4,347,3347
7,0,10068.704,0.93858846,0.041649792,127,4,348,3348
8,0,10067.173,0.99774728,0.041649792,255,4,349,3349
7,0,10080.816,0.99671903,0.041649792,255,4,350,3350
7,0,10074.124,0.99787461,0.041649792,255,4,351,3351
7,0,10080.347,0.99470633,0.041649792,127,4,352,3352
6,0,10075.507,0.9936247,0.041649792,127,4,353,3353
6,0,10068.609,0.99621507,0.041649792,127,4,354,3354
6,0,10068.184,0.97659855,0.041649792,63,4,355,3355
6,0,10084.903,0.99247537,0.041649792,127,4,356,3356
6,0,10097.579,0.98133336,0.041649792,63,4,357,3357
6,0,10082.166,0.96743673,0.041649792,63,4,358,3358
6,0,10071.447,0.95194921,0.041649792,127,4,359,3359
6,0,10081.343,0.99892086,0.041649792,63,4,360,3360
6,0,10097.409,0.97241018,0.041649792,63,4,361,3361
6,0,10089.516,0.97530937,0.041649792,127,4,362,3362
6,0,10086.946,0.99788246,0.041649792,63,4,363,3363
6,0,10098.019,0.96747268,0.041649792,127,4,364,3364
7,0,10088.727,0.99248415,0.041649792,191,4,365,3365
6,0,10087.766,0.99831285,0.041649792,127,4,366,3366
6,0,10089.138,0.96641795,0.041649792,63,4,367,3367
7,0,10081.543,0.98934933,0.041649792,127,4,368,3368
7,0,10078.174,0.99984407,0.041649792,127,4,369,3369
7,0,10090.603,0.92787345,0.041649792,127,4,370,3370
7,0,10098.172,0.99615278,0.041649792,127,4,371,3371
7,0,10099.797,0.9933828,0.041649792,127,4,372,3372
8,0,10093.91,0.99999686,0.041649792,255,4,373,3373
6,0,10089.332,0.95282661,0.041649792,63,4,374,3374
6,0,10093.641,0.99889793,0.041649792,63,4,375,3375
6,0,10098.504,0.9784252,0.041649792,63,4,376,3376
6,0,10095.662,0.99015094,0.041649792,63,4,377,3377
7,0,10097.154,0.99542486,0.041649792,191,4,378,3378
6,0,10092.568,0.98143326,0.041649792,63,4,379,3379
7,0,10081.524,0.98690775,0.041649792,127,4,380,3380
7,0,10084.486,0.99796136,0.041649792,127,4,381,3381
6,0,10103.562,0.8947108,0.041649792,127,4,382,3382
7,0,10091.882,0.96368651,0.041649792,127,4,383,3383
7,0,10096.414,0.99972466,0.041649792,127,4,384,3384
7,0,10087.528,0.97572388,0.041649792,191,4,385,3385
6,0,10080.831,0.99858463,0.041649792,127,4,386,3386
7,0,10099.332,0.9566757,0.041649792,127,4,387,3387
7,0,10105.233,0.99951719000000006,0.041649792,127,4,388,3388
7,0,10091.567,0.96334599,0.041649792,127,4,389,3389
6,0,10091.12,0.99810837,0.041649792,63,4,390,3390
7,0,10094.895,0.99958489,0.041649792,191,4,391,3391
6,0,10087.503,1,0.041649792,63,4,392,3392
6,0,10095.544,0.99716137,0.041649792,127,4,393,3393
6,0,10095.224,0.99034592,0.041649792,63,4,394,3394
6,0,10084.754,0.99315411,0.041649792,63,4,395,3395
6,0,10100.953,0.99975473,0.041649792,127,4,396,3396
7,0,10101.819,0.97580036,0.041649792,127,4,397,3397
7,0,10095.536,0.99826816,0.041649792,127,4,398,3398
8,0,10093.78,0.98843409,0.041649792,255,4,399,3399
7,0,10089.697,0.99917817,0.041649792,127,4,400,3400
7,0,10101.669,0.99659443,0.041649792,127,4,401,3401
7,0,10095.902,0.99988531,0.041649792,127,4,402,3402
7,0,10093.848,0.99911725,0.041649792,127,4,403,3403
6,0,10086.407,0.99088619,0.041649792,63,4,404,3404
6,0,10082.14,0.99737412,0.041649792,127,4,405,3405
7,0,10102.796,0.97395997,0.041649792,127,4,406,3406
7,0,10106.33,0.9643948,0.041649792,127,4,407,3407
7,0,10101.885,0.99606318,0.041649792,191,4,408,3408
7,0,10104.595,0.99979732,0.041649792,127,4,409,3409
7,0,10084.43,0.99753638,0.041649792,127,4,410,3410
7,0,10084.137,0.99856308,0.041649792,127,4,411,3411
7,0,10090.376,0.98395909,0.041649792,127,4,412,3412
7,0,10095.002,0.94258513,0.041649792,127,4,413,3413
6,0,10089.519,0.9956985,0.041649792,63,4,414,3414
6,0,10094.236,0.9660007,0.041649792,63,4,415,3415
6,0,10097.858,0.99459526,0.041649792,63,4,416,3416
6,0,10072.05,0.99793152,0.041649792,63,4,417,3417
6,0,10079.275,0.98419511,0.041649792,63,4,418,3418
7,0,10101.747,0.95086318,0.041649792,127,4,419,3419
6,0,10089.411,0.99076933,0.041649792,127,4,420,3420
6,0,10095.4,0.99950799,0.041649792,127,4,421,3421
7,0,10098.933,1,0.041649792,127,4,422,3422
6,0,10092.467,0.99998671,0.041649792,63,4,423,3423
7,0,10089.29,0.99911182,0.041649792,127,4,424,3424
7,0,10085.957,0.95534316,0.041649792,127,4,425,3425
6,0,10085.489,0.99864927,0.041649792,63,4,426,3426
7,0,10084.974,0.97834324,0.041649792,127,4,427,3427
7,0,10081.202,0.99748245,0.041649792,127,4,428,3428
7,0,10075.661,0.98521841,0.041649792,127,4,429,3429
6,0,10076.901,0.99353187,0.041649792,127,4,430,3430
6,0,10082.903,0.99934919,0.041649792,127,4,431,3431
6,0,10089.233,0.99336101,0.041649792,127,4,432,3432
6,0,10084.478,0.97656511,0.041649792,127,4,433,3433
7,0,10091.679,0.99835197,0.041649792,127,4,434,3434
6,0,10093.104,0.98547341,0.041649792,63,4,435,3435
7,0,10077.74,0.99977916,0.041649792,127,4,436,3436
7,0,10086.17,0.97340192,0.041649792,127,4,437,3437
7,0,10088.044,0.9888859,0.041649792,255,4,438,3438
7,0,10090.481,0.97885515,0.041649792,127,4,439,3439
7,0,10091.816,0.99789053,0.041649792,127,4,440,3440
7,0,10092.211,0.99999575,0.041649792,255,4,441,3441
6,0,10080.752,0.97923701,0.041649792,127,4,442,3442
7,0,10084.779,0.96218561,0.041649792,127,4,443,3443
7,0,10101.218,0.99713452,0.041649792,127,4,444,3444
7,0,10094.711,0.96626883,0.041649792,191,4,445,3445
8,0,10097.673,0.96863738,0.041649792,255,4,446,3446
8,0,10078.893,0.98508594,0.041649792,255,4,447,3447
7,0,10083.911,0.97539243,0.041649792,127,4,448,3448
6,0,10073.912,0.99903429,0.041649792,63,4,449,3449
6,0,10075.116,0.97250789,0.041649792,63,4,450,3450
7,0,10073.182,0.99930301,0.041649792,127,4,451,3451
7,0,10062.581,0.97889596,0.041649792,255,4,452,3452
6,0,10073.898,0.99241916,0.041649792,127,4,453,3453
6,0,10074.869,0.99960729,0.041649792,63,4,454,3454
7,0,10086.322,0.9876331,0.041649792,255,4,455,3455
6,0,10087.813,0.95910622,0.041649792,63,4,456,3456
6,0,10084.433,0.95826956,0.041649792,63,4,457,3457
6,0,10078.167,1,0.041649792,63,4,458,3458
6,0,10095.487,0.99873505,0.041649792,63,4,459,3459
7,0,10102.9,0.93479296,0.041649792,127,4,460,3460
7,0,10096.42,0.99695784,0.041649792,127,4,461,3461
7,0,10099.21,0.96705988,0.041649792,127,4,462,3462
7,0,10086.811,0.9950426,0.041649792,127,4,463,3463
7,0,10082.333,0.994576,0.041649792,255,4,464,3464
7,0,10077.318,0.997189,0.041649792,127,4,465,3465
8,0,10076.22,0.96971038,0.041649792,255,4,466,3466
7,0,10070.386,0.99673377,0.041649792,191,4,467,3467
8,0,10072.721,0.96250523,0.041649792,255,4,468,3468
6,0,10067.939,0.98935249,0.041649792,63,4,469,3469
6,0,10078.918,0.97714818,0.041649792,127,4,470,3470
6,0,10064.523,0.97499191,0.041649792,127,4,471,3471
6,0,10074.282,0.9994334,0.041649792,127,4,472,3472
6,0,10063.792,0.99854408,0.041649792,63,4,473,3473
6,0,10065.802,0.97870228,0.041649792,127,4,474,3474
7,0,10068.895,0.99828516,0.041649792,191,4,475,3475
6,0,10083.101,0.97816281,0.041649792,63,4,476,3476
6,0,10086.565,0.98015575,0.041649792,127,4,477,3477
7,0,10077.085,0.9895903,0.041649792,127,4,478,3478
7,0,10090.932,0.99228887,0.041649792,127,4,479,3479
6,0,10071.016,0.99914036,0.041649792,63,4,480,3480
6,0,10085.071,0.98932604,0.041649792,63,4,481,3481
7,0,10093.114,0.99924813,0.041649792,255,4,482,3482
7,0,10095.039,0.97133922,0.041649792,127,4,483,3483
8,0,10091.448,0.99887309,0.041649792,255,4,484,3484
8,0,10086.615,0.99996554,0.041649792,255,4,485,3485
6,0,10096.57,0.98684134,0.041649792,127,4,486,3486
7,0,10093.633,0.99957957,0.041649792,255,4,487,3487
6,0,10106.488,0.98796695,0.041649792,63,4,488,3488
6,0,10097.366,0.9887808,0.041649792,63,4,489,3489
7,0,10087.438,0.99103016,0.041649792,127,4,490,3490
7,0,10089.748,0.99707982,0.041649792,191,4,491,3491
7,0,10078.476,0.93584706,0.041649792,127,4,492,3492
7,0,10084.026,0.97510268,0.041649792,127,4,493,3493
7,0,10081.285,0.99710053,0.041649792,191,4,494,3494
6,0,10075.474,0.94814007,0.041649792,127,4,495,3495
8,0,10072.945,0.96979335,0.041649792,255,4,496,3496
7,0,10070.324,0.99976155,0.041649792,127,4,497,3497
6,0,10078.883,0.99637177,0.041649792,63,4,498,3498
6,0,10072.128,0.9928755,0.041649792,127,4,499,3499
6,0,10074.825,0.9959001,0.041649792,63,4,500,3500
7,0,10076.484,0.94344426,0.041649792,127,4,501,3501
8,0,10075.012,0.96845262,0.041649792,255,4,502,3502
7,0,10065.222,0.99576788,0.041649792,191,4,503,3503
6,0,10066.344,0.99219067,0.041649792,63,4,504,3504
6,0,10078.517,0.9747322,0.041649792,127,4,505,3505
7,0,10089.544,0.97759556,0.041649792,127,4,506,3506
7,0,10075.329,0.99935374,0.041649792,127,4,507,3507
7,0,10080.531,0.9805804,0.041649792,191,4,508,3508
6,0,10080.6,0.96878661,0.041649792,127,4,509,3509
7,0,10088.856,0.96470147,0.041649792,255,4,510,3510
8,0,10079.031,0.99989057,0.041649792,447,4,511,3511
6,0,10088.124,0.98679952,0.041649792,63,4,512,3512
6,0,10075.434,0.97017436,0.041649792,63,4,513,3513
8,0,10090.009,0.96841044,0.041649792,383,4,514,3514
7,0,10089.015,0.9895377,0.041649792,127,4,515,3515
7,0,10104.15,0.89219631,0.041649792,127,4,516,3516
6,0,10091.591,0.97843041,0.041649792,63,4,517,3517
6,0,10072.416,0.99884878,0.041649792,63,4,518,3518
6,0,10087.883,0.89652822,0.041649792,63,4,519,3519
8,0,10097.443,0.99870983,0.041649792,255,4,520,3520
7,0,10086.285,0.96824486,0.041649792,255,4,521,3521
6,0,10093.704,0.9901912,0.041649792,63,4,522,3522
7,0,10097.958,0.99901129,0.041649792,127,4,523,3523
6,0,10096.711,0.99559073,0.041649792,127,4,524,3524
7,0,10100.492,0.99941042,0.041649792,127,4,525,3525
7,0,10095.493,0.98436524,0.041649792,127,4,526,3526
6,0,10090.612,0.87949289,0.041649792,127,4,527,3527
6,0,10088.754,0.99865667,0.041649792,63,4,528,3528
7,0,10084.558,0.9980733,0.041649792,255,4,529,3529
6,0,10073.357,0.98823246,0.041649792,63,4,530,3530
7,0,10085.757,0.97540123,0.041649792,191,4,531,3531
8,0,10086.159,0.99395505,0.041649792,255,4,532,3532
7,0,10084.036,0.98692146,0.041649792,127,4,533,3533
6,0,10086.128,0.99272462,0.041649792,63,4,534,3534
6,0,10085.204,0.95438502,0.041649792,63,4,535,3535
7,0,10080.23,0.94999993,0.041649792,255,4,536,3536
6,0,10068.94,0.99446062,0.041649792,63,4,537,3537
6,0,10076.225,0.99983072,0.041649792,63,4,538,3538
6,0,10081.915,0.99540588,0.041649792,63,4,539,3539
6,0,10088.045,0.99729174,0.041649792,127,4,540,3540
6,0,10088.252,0.95848712,0.041649792,63,4,541,3541
6,0,10080.838,0.9971162,0.041649792,63,4,542,3542
6,0,10079.588,0.99739692,0.041649792,127,4,543,3543
6,0,10084.162,0.98020492,0.041649792,127,4,544,3544
6,0,10092.758,0.99665364,0.041649792,63,4,545,3545
6,0,10087.749,0.99023198,0.041649792,63,4,546,3546
8,0,10085.096,0.99949914,0.041649792,319,4,547,3547
8,0,10075.152,0.99861138,0.041649792,255,4,548,3548
6,0,10076.985,0.97873827,0.041649792,127,4,549,3549
8,0,10081.134,0.99655159,0.041649792,511,4,550,3550
8,0,10083.611,0.97641811,0.041649792,319,4,551,3551
6,0,10074.599,0.99463352,0.041649792,63,4,552,3552
6,0,10085.687,0.97493825,0.041649792,127,4,553,3553
6,0,10082.433,0.99949687,0.041649792,127,4,554,3554
6,0,10077.679,0.99937342,0.041649792,127,4,555,3555
6,0,10067.525,0.99820889,0.041649792,63,4,556,3556
6,0,10062.071,0.98544552,0.041649792,63,4,557,3557
6,0,10068.704,0.98282788,0.041649792,127,4,558,3558
6,0,10090.193,0.98695982,0.041649792,63,4,559,3559
6,0,10074.536,0.96163682,0.041649792,63,4,560,3560
6,0,10064.801,0.98130458,0.041649792,127,4,561,3561
6,0,10093.379,0.97290379,0.041649792,63,4,562,3562
6,0,10091.343,0.99475037,0.041649792,63,4,563,3563
6,0,10094.712,0.99831766,0.041649792,63,4,564,3564
6,0,10092.225,0.99032842,0.041649792,63,4,565,3565
6,0,10097.857,0.98953979,0.041649792,127,4,566,3566
7,0,10095.99,0.95716362,0.041649792,127,4,567,3567
7,0,10089.267,0.99955687,0.041649792,127,4,568,3568
7,0,10073.856,0.99966267,0.041649792,191,4,569,3569
8,0,10073.522,0.98656372,0.041649792,319,4,570,3570
6,0,10082.261,0.97177004,0.041649792,63,4,571,3571
6,0,10097.628,0.99784675,0.041649792,63,4,572,3572
6,0,10097.821,0.9757633,0.041649792,63,4,573,3573
6,0,10098.762,0.99991002,0.041649792,63,4,574,3574
6,0,10092.259,0.99202902,0.041649792,127,4,575,3575
6,0,10093.149,0.99547464,0.041649792,63,4,576,3576
7,0,10104.245,0.97223392,0.041649792,127,4,577,3577
7,0,10088.547,0.95685844,0.041649792,127,4,578,3578
8,0,10076.878,0.99985055,0.041649792,319,4,579,3579
7,0,10076.277,0.99700093,0.041649792,127,4,580,3580
7,0,10085.806,0.99251685,0.041649792,255,4,581,3581
7,0,10082.098,0.99849499,0.041649792,127,4,582,3582
6,0,10083.55,0.97916866,0.041649792,127,4,583,3583
8,0,10086.422,0.97479119,0.041649792,255,4,584,3584
6,0,10082.527,0.99870479,0.041649792,63,4,585,3585
6,0,10087.083,0.99368104,0.041649792,63,4,586,3586
7,0,10080.707,0.98758022,0.041649792,191,4,587,3587
7,0,10086.63,0.99070199,0.041649792,255,4,588,3588
8,0,10086.316,0.98622509,0.041649792,255,4,589,3589
6,0,10073.856,0.99650392,0.041649792,127,4,590,3590
6,0,10075.069,0.99736358,0.041649792,127,4,591,3591
6,0,10073.064,0.99435711,0.041649792,127,4,592,3592
7,0,10078.631,0.99665539,0.041649792,127,4,593,3593
7,0,10085.231,0.98082369,0.041649792,127,4,594,3594
7,0,10088.907,0.99211065,0.041649792,127,4,595,3595
7,0,10082.71,0.96375648,0.041649792,127,4,596,3596
7,0,10088.751,0.99441969,0.041649792,191,4,597,3597
7,0,10091.812,0.99581583,0.041649792,255,4,598,3598
6,0,10089.76,0.94687828,0.041649792,63,4,599,3599
6,0,10086.158,0.92396495,0.041649792,63,4,600,3600
6,0,10077.809,0.99054405,0.041649792,63,4,601,3601
7,0,10093.155,0.98711709,0.041649792,255,4,602,3602
7,0,10081.859,0.99891483,0.041649792,255,4,603,3603
7,0,10080.247,0.96660444,0.041649792,127,4,604,3604
7,0,10079.246,0.99902117,0.041649792,127,4,605,3605
7,0,10072.914,0.99513784,0.041649792,255,4,606,3606
6,0,10068.902,0.96120317,0.041649792,127,4,607,3607
6,0,10075.118,0.9978089,0.041649792,127,4,608,3608
6,0,10070.489,0.99919544,0.041649792,127,4,609,3609
6,0,10071.631,0.89336007,0.041649792,127,4,610,3610
6,0,10074.77,0.99767987,0.041649792,127,4,611,3611
7,0,10081.146,0.98163852,0.041649792,191,4,612,3612
7,0,10085.518,0.99449449,0.041649792,191,4,613,3613
6,0,10078.606,0.98755249,0.041649792,63,4,614,3614
6,0,10083.132,0.9425635,0.041649792,127,4,615,3615
6,0,10081.58,0.99805607,0.041649792,63,4,616,3616
7,0,10082.093,0.99505869,0.041649792,191,4,617,3617
6,0,10068.208,0.9968202,0.041649792,127,4,618,3618
7,0,10069.785,0.98293903,0.041649792,255,4,619,3619
6,0,10071.503,0.99972277,0.041649792,63,4,620,3620
6,0,10071.808,0.97637001,0.041649792,63,4,621,3621
6,0,10084.196,0.99189115,0.041649792,63,4,622,3622
6,0,10079.014,0.99985572,0.041649792,127,4,623,3623
6,0,10076.599,0.96335346,0.041649792,63,4,624,3624
6,0,10078.125,0.96687043,0.041649792,63,4,625,3625
6,0,10088.671,0.91751675,0.041649792,63,4,626,3626
6,0,10086.903,0.99621492,0.041649792,127,4,627,3627
7,0,10077.146,0.99861632,0.041649792,127,4,628,3628
6,0,10071.046,0.99829693,0.041649792,63,4,629,3629
8,0,10070.172,0.96874255,0.041649792,255,4,630,3630
6,0,10068.802,0.97528072,0.041649792,127,4,631,3631
7,0,10079.055,0.95915962,0.041649792,191,4,632,3632
6,0,10074.07,0.99908545,0.041649792,127,4,633,3633
8,0,10069.516,0.99091449,0.041649792,255,4,634,3634
7,0,10071.449,0.99926894,0.041649792,191,4,635,3635
6,0,10060.292,0.98474302,0.041649792,63,4,636,3636
6,0,10076.899,0.98511653,0.041649792,63,4,637,3637
6,0,10077.939,0.99954238,0.041649792,63,4,638,3638
6,0,10065.562,0.98964051,0.041649792,127,4,639,3639
6,0,10073.387,0.99446486,0.041649792,63,4,640,3640
7,0,10076.349,0.98211645,0.041649792,127,4,641,3641
6,0,10070.035,0.97753735,0.041649792,127,4,642,3642
7,0,10079.429,0.97787533,0.041649792,127,4,643,3643
7,0,10075.23,0.99954582,0.041649792,255,4,644,3644
6,0,10084.251,0.94195433,0.041649792,63,4,645,3645
7,0,10086.63,0.97916683,0.041649792,127,4,646,3646
7,0,10097.183,0.96218504,0.041649792,127,4,647,3647
7,0,10084.794,0.99169435,0.041649792,191,4,648,3648
7,0,10072.398,0.97884268,0.041649792,255,4,649,3649
6,0,10074.692,0.99932731,0.041649792,127,4,650,3650
6,0,10086.219,0.99946245,0.041649792,127,4,651,3651
7,0,10084.729,0.94138933,0.041649792,191,4,652,3652
6,0,10075.993,0.9935517,0.041649792,63,4,653,3653
7,0,10085.815,0.97127202,0.041649792,191,4,654,3654
6,0,10087.654,0.99191549,0.041649792,63,4,655,3655
6,0,10087.367,0.91310418,0.041649792,63,4,656,3656
6,0,10097.494,0.99947473,0.041649792,63,4,657,3657
6,0,10084.259,0.99986001,0.041649792,63,4,658,3658
6,0,10096.774,0.99546337,0.041649792,63,4,659,3659
6,0,10088.202,0.99070379,0.041649792,127,4,660,3660
7,0,10090.148,0.99941597,0.041649792,127,4,661,3661
7,0,10086.138,0.97720647,0.041649792,127,4,662,3662
8,0,10083.642,0.91331185,0.041649792,255,4,663,3663
7,0,10070.267,1,0.041649792,191,4,664,3664
6,0,10071.218,0.98735089,0.041649792,127,4,665,3665
7,0,10072.087,0.99829248,0.041649792,191,4,666,3666
6,0,10075.117,0.99578976,0.041649792,63,4,667,3667
6,0,10076.171,0.99827039,0.041649792,63,4,668,3668
6,0,10074.727,0.9899313,0.041649792,127,4,669,3669
7,0,10072.157,0.99272529,0.041649792,191,4,670,3670
6,0,10084.067,0.99368146,0.041649792,127,4,671,3671
6,0,10080.424,0.99915374,0.041649792,63,4,672,3672
6,0,10080.694,0.98585414,0.041649792,63,4,673,3673
7,0,10075.767,0.99162884,0.041649792,191,4,674,3674
8,0,10091.327,0.96884185,0.041649792,255,4,675,3675
7,0,10088.813,0.99979496,0.041649792,127,4,676,3676
6,0,10096.586,0.949312,0.041649792,127,4,677,3677
6,0,10107.934,0.99073436,0.041649792,127,4,678,3678
6,0,10101.926,0.9862479,0.041649792,127,4,679,3679
6,0,10082.634,0.9955082,0.041649792,127,4,680,3680
7,0,10099.967,0.97810066,0.041649792,127,4,681,3681
7,0,10096.973,0.99874024,0.041649792,127,4,682,3682
6,0,10084.78,0.9955716,0.041649792,127,4,683,3683
7,0,10089.086,0.99237555,0.041649792,127,4,684,3684
6,0,10073.706,0.97686615,0.041649792,127,4,685,3685
6,0,10072.164,0.98769719,0.041649792,127,4,686,3686
6,0,10074.67,0.99758388,0.041649792,127,4,687,3687
6,0,10076.443,0.99707081,0.041649792,127,4,688,3688
7,0,10078.511,0.99796853,0.041649792,127,4,689,3689
7,0,10065.24,0.98189376,0.041649792,191,4,690,3690
6,0,10079.544,0.99270635,0.041649792,127,4,691,3691
6,0,10075.565,0.98773358,0.041649792,127,4,692,3692
6,0,10081.263,0.97200202,0.041649792,63,4,693,3693
6,0,10076.513,0.9992761,0.041649792,127,4,694,3694
8,0,10081.857,0.97672079,0.041649792,319,4,695,3695
6,0,10064.849,0.95355438,0.041649792,127,4,696,3696
6,0,10074.728,0.99588477,0.041649792,63,4,697,3697
6,0,10081.627,0.99038464,0.041649792,127,4,698,3698
6,0,10085.755,0.98653036,0.041649792,127,4,699,3699
7,0,10101.764,0.98860156,0.041649792,127,4,700,3700
6,0,10091.506,0.99527883,0.041649792,127,4,701,3701
6,0,10108.068,0.9701848,0.041649792,127,4,702,3702
6,0,10116.863,0.9869901,0.041649792,127,4,703,3703
7,0,10122.799,0.99780936,0.041649792,127,4,704,3704
7,0,10105.414,0.96038715,0.041649792,127,4,705,3705
6,0,10098.168,0.99995672,0.041649792,63,4,706,3706
7,0,10084.969,0.97892367,0.041649792,127,4,707,3707
6,0,10091.959,0.9983341,0.041649792,63,4,708,3708
6,0,10080.461,0.99931103,0.041649792,63,4,709,3709
6,0,10093.736,0.99645599,0.041649792,63,4,710,3710
6,0,10080.596,0.99988967,0.041649792,127,4,711,3711
6,0,10083.402,0.96567751,0.041649792,63,4,712,3712
6,0,10082.13,0.98792984,0.041649792,63,4,713,3713
6,0,10079.28,0.99106437,0.041649792,63,4,714,3714
6,0,10083.614,0.99991694,0.041649792,63,4,715,3715
6,0,10081.599,0.99938043,0.041649792,63,4,716,3716
7,0,10089.926,0.98970318,0.041649792,127,4,717,3717
7,0,10113.797,0.9786343,0.041649792,127,4,718,3718
6,0,10104.124,0.99709943,0.041649792,63,4,719,3719
7,0,10092.508,0.98099765,0.041649792,127,4,720,3720
6,0,10076.951,0.9923986,0.041649792,127,4,721,3721
6,0,10085.625,0.96025163,0.041649792,127,4,722,3722
7,0,10081.283,0.99483113,0.041649792,127,4,723,3723
7,0,10092.426,0.99915868,0.041649792,127,4,724,3724
6,0,10090.219,0.99250972,0.041649792,63,4,725,3725
6,0,10097.096,0.97503242,0.041649792,127,4,726,3726
6,0,10086.103,0.98802839,0.041649792,127,4,727,3727
6,0,10097.858,0.99149127,0.041649792,127,4,728,3728
7,0,10084.616,0.98944983,0.041649792,255,4,729,3729
6,0,10091.048,0.99485666,0.041649792,127,4,730,3730
7,0,10088.317,0.99381169,0.041649792,255,4,731,3731
6,0,10070.429,0.99452681,0.041649792,63,4,732,3732
6,0,10061.869,0.98638448,0.041649792,127,4,733,3733
6,0,10073.016,0.91394493,0.041649792,127,4,734,3734
6,0,10069.416,1,0.041649792,63,4,735,3735
6,0,10073.456,0.98489969,0.041649792,63,4,736,3736
7,0,10082.936,0.98464626,0.041649792,191,4,737,3737
7,0,10085.015,0.98870227,0.041649792,255,4,738,3738
6,0,10087.396,0.99788807,0.041649792,63,4,739,3739
6,0,10069.508,0.99330872,0.041649792,63,4,740,3740
6,0,10062.187,0.99072508,0.041649792,63,4,741,3741
6,0,10058.632,0.98655791,0.041649792,127,4,742,3742
8,0,10070.298,0.98648794,0.041649792,319,4,743,3743
6,0,10078.709,0.99756645,0.041649792,63,4,744,3744
6,0,10071.612,0.99421941,0.041649792,63,4,745,3745
8,0,10084.473,0.96567917,0.041649792,319,4,746,3746
7,0,10062.726,0.99924437,0.041649792,255,4,747,3747
8,0,10058.897,0.98153617,0.041649792,319,4,748,3748
6,0,10064.114,0.96838594,0.041649792,127,4,749,3749
6,0,10069.588,0.99837811,0.041649792,63,4,750,3750
7,0,10070.878,0.98897522,0.041649792,191,4,751,3751
6,0,10074.808,0.98052295,0.041649792,127,4,752,3752
6,0,10080.94,0.96813815,0.041649792,63,4,753,3753
6,0,10078.393,0.99524821,0.041649792,63,4,754,3754
7,0,10086.215,0.98496786,0.041649792,127,4,755,3755
7,0,10076.571,0.9998077,0.041649792,127,4,756,3756
7,0,10086.913,0.97732707,0.041649792,127,4,757,3757
6,0,10101.419,0.97933128,0.041649792,127,4,758,3758
7,0,10104.864,0.99857111,0.041649792,127,4,759,3759
6,0,10102.65,0.99841892,0.041649792,63,4,760,3760
6,0,10087.575,0.9997269,0.041649792,63,4,761,3761
6,0,10083.432,0.8930726,0.041649792,63,4,762,3762
6,0,10087.331,0.96181778,0.041649792,63,4,763,3763
6,0,10090.366,0.99182272,0.041649792,127,4,764,3764
6,0,10073.568,0.99916909,0.041649792,63,4,765,3765
7,0,10085.537,0.99691051,0.041649792,255,4,766,3766
7,0,10085.863,0.99835988,0.041649792,127,4,767,3767
7,0,10091.285,0.9928806,0.041649792,255,4,768,3768
6,0,10091.091,0.99785615,0.041649792,63,4,769,3769
7,0,10082.971,0.98689631,0.041649792,191,4,770,3770
6,0,10079.338,0.97435571,0.041649792,127,4,771,3771
6,0,10079.579,0.98801875,0.041649792,127,4,772,3772
6,0,10074.187,0.98356966,0.041649792,63,4,773,3773
7,0,10082.352,0.97289341,0.041649792,127,4,774,3774
7,0,10094.732,0.99135539,0.041649792,127,4,775,3775
6,0,10090.919,0.99019308,0.041649792,127,4,776,3776
7,0,10096.984,0.98663605,0.041649792,127,4,777,3777
7,0,10085.722,0.99769141,0.041649792,127,4,778,3778
6,0,10090.279,0.98586158,0.041649792,127,4,779,3779
6,0,10089.461,0.99756938,0.041649792,127,4,780,3780
6,0,10089.346,0.98235265,0.041649792,127,4,781,3781
6,0,10086.263,0.98970932,0.041649792,63,4,782,3782
6,0,10073.171,0.99200016,0.041649792,127,4,783,3783
6,0,10078.328,0.96713771,0.041649792,63,4,784,3784
6,0,10082.51,0.95093905,0.041649792,63,4,785,3785
6,0,10092.965,0.99661332,0.041649792,63,4,786,3786
6,0,10106.603,0.99006178,0.041649792,63,4,787,3787
6,0,10074.954,0.99838321,0.041649792,127,4,788,3788
7,0,10075.399,0.99361508,0.041649792,127,4,789,3789
6,0,10074.689,0.98104695,0.041649792,63,4,790,3790
6,0,10092.441,0.98171437,0.041649792,127,4,791,3791
7,0,10094.39,0.98728625,0.041649792,127,4,792,3792
6,0,10102.895,0.98603955,0.041649792,63,4,793,3793
6,0,10120.788,0.98629417,0.041649792,63,4,794,3794
6,0,10121.169,0.98282654,0.041649792,63,4,795,3795
6,0,10105.772,1,0.041649792,63,4,796,3796
6,0,10084.005,0.98983404,0.041649792,63,4,797,3797
6,0,10075.167,0.96747466,0.041649792,127,4,798,3798
6,0,10062.946,0.99918108,0.041649792,63,4,799,3799
7,0,10088.776,0.96495121,0.041649792,255,4,800,3800
6,0,10076.492,0.99803561,0.041649792,127,4,801,3801
6,0,10078.878,0.99287385,0.041649792,63,4,802,3802
7,0,10090.834,0.95538138,0.041649792,127,4,803,3803
7,0,10082.656,0.98168175,0.041649792,127,4,804,3804
6,0,10085.509,0.96771045,0.041649792,127,4,805,3805
7,0,10078.26,0.99759822,0.041649792,191,4,806,3806
6,0,10082.557,0.99252961,0.041649792,63,4,807,3807
6,0,10084.643,0.98314083,0.041649792,63,4,808,3808
7,0,10081.904,0.99243083,0.041649792,191,4,809,3809
6,0,10079.494,0.97877746,0.041649792,63,4,810,3810
6,0,10063.047,0.99945994,0.041649792,63,4,811,3811
6,0,10067.254,0.99591625,0.041649792,63,4,812,3812
7,0,10072.512,0.97099189,0.041649792,191,4,813,3813
7,0,10087.601,0.99794031,0.041649792,127,4,814,3814
8,0,10079.967,0.96656814,0.041649792,255,4,815,3815
7,0,10086.381,0.9954577,0.041649792,127,4,816,3816
6,0,10073.058,0.99951898,0.041649792,63,4,817,3817
6,0,10074.594,0.97702673,0.041649792,63,4,818,3818
6,0,10075.495,0.97940267,0.041649792,127,4,819,3819
6,0,10077.207,0.99453616,0.041649792,63,4,820,3820
6,0,10078.128,0.99470666,0.041649792,63,4,821,3821
6,0,10079.724,0.93737791,0.041649792,63,4,822,3822
6,0,10092.715,0.94654856,0.041649792,63,4,823,3823
8,0,10087.926,0.9950602,0.041649792,255,4,824,3824
7,0,10088.752,0.9940956,0.041649792,127,4,825,3825
6,0,10091.275,0.99204701,0.041649792,127,4,826,3826
6,0,10099.111,0.98864031,0.041649792,63,4,827,3827
7,0,10099.165,0.99569612,0.041649792,127,4,828,3828
6,0,10097.395,0.9244784,0.041649792,63,4,829,3829
6,0,10090.062,0.99870613,0.041649792,63,4,830,3830
6,0,10097.103,0.96890863,0.041649792,63,4,831,3831
6,0,10094.807,0.98261926,0.041649792,63,4,832,3832
6,0,10088.818,0.98452817,0.041649792,63,4,833,3833
6,0,10080.543,0.99196532,0.041649792,63,4,834,3834
6,0,10101.285,0.97361022,0.041649792,63,4,835,3835
6,0,10110.964,0.99910848,0.041649792,63,4,836,3836
6,0,10096.458,0.93459061,0.041649792,63,4,837,3837
6,0,10094.955,0.99334259,0.041649792,63,4,838,3838
6,0,10082.561,0.99909346,0.041649792,63,4,839,3839
6,0,10074.629,0.99294401,0.041649792,63,4,840,3840
6,0,10078.607,0.99875337,0.041649792,63,4,841,3841
7,0,10088.14,0.98050927,0.041649792,255,4,842,3842
6,0,10078.543,0.99042585,0.041649792,63,4,843,3843
6,0,10065.554,0.99965156,0.041649792,63,4,844,3844
6,0,10076.249,0.98305647,0.041649792,63,4,845,3845
7,0,10069.434,0.99871478,0.041649792,191,4,846,3846
6,0,10073.784,0.95818368,0.041649792,127,4,847,3847
7,0,10077.257,0.94653919,0.041649792,191,4,848,3848
6,0,10073.375,0.99906264,0.041649792,63,4,849,3849
7,0,10078.687,0.99140195,0.041649792,255,4,850,3850
7,0,10073.62,0.9958806,0.041649792,191,4,851,3851
6,0,10081.478,0.95735553,0.041649792,127,4,852,3852
7,0,10079.236,0.99717396,0.041649792,127,4,853,3853
7,0,10081.048,0.9614265,0.041649792,255,4,854,3854
7,0,10070.309,0.99816236,0.041649792,255,4,855,3855
7,0,10090.607,0.98040133,0.041649792,127,4,856,3856
7,0,10114.241,0.99361764,0.041649792,255,4,857,3857
6,0,10103.582,0.98418595,0.041649792,63,4,858,3858
7,0,10100.496,0.99031188,0.041649792,255,4,859,3859
7,0,10099.262,0.99818962,0.041649792,127,4,860,3860
6,0,10086.801,0.99349603,0.041649792,63,4,861,3861
6,0,10091.364,0.9784021,0.041649792,63,4,862,3862
6,0,10084.164,0.99991398,0.041649792,127,4,863,3863
7,0,10080.582,0.995396,0.041649792,191,4,864,3864
7,0,10085.643,0.96315847,0.041649792,255,4,865,3865
7,0,10078.645,0.99788522,0.041649792,191,4,866,3866
6,0,10069.84,0.98952613,0.041649792,63,4,867,3867
7,0,10070.915,0.99820447,0.041649792,127,4,868,3868
7,0,10079.59,0.99160956,0.041649792,127,4,869,3869
7,0,10076.835,0.95520979,0.041649792,255,4,870,3870
7,0,10093.274,0.98171006,0.041649792,191,4,871,3871
6,0,10068.305,0.99914763,0.041649792,127,4,872,3872
7,0,10072.855,0.98752114,0.041649792,255,4,873,3873
8,0,10080.894,0.89490423,0.041649792,255,4,874,3874
6,0,10079.894,0.98808673,0.041649792,127,4,875,3875
6,0,10076.22,0.99914542,0.041649792,63,4,876,3876
6,0,10071.694,0.99980415,0.041649792,63,4,877,3877
6,0,10081.801,0.986818,0.041649792,63,4,878,3878
6,0,10065.018,0.99998416,0.041649792,127,4,879,3879
6,0,10073.184,0.99488992,0.041649792,63,4,880,3880
6,0,10071.83,0.97800177,0.041649792,63,4,881,3881
7,0,10083.445,0.98581099,0.041649792,191,4,882,3882
6,0,10079.609,0.9982717,0.041649792,63,4,883,3883
6,0,10082.597,0.98637848,0.041649792,63,4,884,3884
6,0,10085.685,0.98610554,0.041649792,127,4,885,3885
7,0,10099.954,0.9776995,0.041649792,255,4,886,3886
6,0,10093.134,0.99154208,0.041649792,63,4,887,3887
6,0,10079.237,0.99972968,0.041649792,63,4,888,3888
6,0,10083.272,0.96925482,0.041649792,63,4,889,3889
6,0,10075.176,0.99970104,0.041649792,63,4,890,3890
7,0,10097.034,0.98840474,0.041649792,255,4,891,3891
7,0,10086.16,0.99996784,0.041649792,255,4,892,3892
6,0,10086.997,0.97415076,0.041649792,63,4,893,3893
7,0,10078.35,0.99440502,0.041649792,255,4,894,3894
6,0,10081.058,0.99811052,0.041649792,63,4,895,3895
6,0,10092.323,0.99105996,0.041649792,127,4,896,3896
7,0,10086.87,0.99823788,0.041649792,191,4,897,3897
7,0,10084.645,0.9922993,0.041649792,127,4,898,3898
6,0,10088.697,0.95369162,0.041649792,63,4,899,3899
6,0,10081.322,0.98413921,0.041649792,63,4,900,3900
6,0,10087.359,0.98603057,0.041649792,63,4,901,3901
6,0,10075.855,1,0.041649792,63,4,902,3902
7,0,10085.559,0.95805622,0.041649792,191,4,903,3903
6,0,10083.19,0.99955303,0.041649792,63,4,904,3904
7,0,10080.966,0.99525406,0.041649792,127,4,905,3905
7,0,10103.345,0.95413215,0.041649792,127,4,906,3906
7,0,10099.632,1,0.041649792,255,4,907,3907
6,0,10099.199,0.97007394,0.041649792,63,4,908,3908
7,0,10072.735,0.99990343,0.041649792,127,4,909,3909
6,0,10075.931,0.97103585,0.041649792,63,4,910,3910
7,0,10071.165,0.99836622,0.041649792,127,4,911,3911
6,0,10078.211,0.98577453,0.041649792,63,4,912,3912
7,0,10079.227,0.97922725,0.041649792,255,4,913,3913
6,0,10083.657,0.9431106,0.041649792,127,4,914,3914
7,0,10076.277,0.9897924,0.041649792,191,4,915,3915
6,0,10083.182,0.99295224,0.041649792,127,4,916,3916
6,0,10072.457,0.99725083,0.041649792,63,4,917,3917
6,0,10077.058,0.99488967,0.041649792,63,4,918,3918
6,0,10070.766,0.99991808,0.041649792,63,4,919,3919
7,0,10081.106,0.96449754,0.041649792,255,4,920,3920
6,0,10073.962,0.9992731,0.041649792,127,4,921,3921
6,0,10074.905,0.98246729,0.041649792,127,4,922,3922
8,0,10073.154,0.96994045,0.041649792,255,4,923,3923
6,0,10082.014,0.99190855,0.041649792,127,4,924,3924
6,0,10095.953,0.99344497,0.041649792,63,4,925,3925
6,0,10102.714,0.99680817,0.041649792,63,4,926,3926
7,0,10091.069,0.99392077,0.041649792,255,4,927,3927
6,0,10082.181,0.98812864,0.041649792,127,4,928,3928
6,0,10085.522,0.98847592,0.041649792,127,4,929,3929
6,0,10071.164,0.97874997,0.041649792,127,4,930,3930
7,0,10075.175,0.99914813,0.041649792,127,4,931,3931
7,0,10082.086,0.96656002,0.041649792,191,4,932,3932
7,0,10084.593,0.99914424,0.041649792,191,4,933,3933
6,0,10073.497,0.99464848,0.041649792,63,4,934,3934
6,0,10067.438,0.99384116,0.041649792,63,4,935,3935
7,0,10095.377,0.97195261,0.041649792,191,4,936,3936
6,0,10082.66,0.9984181,0.041649792,63,4,937,3937
8,0,10085.483,0.99849262,0.041649792,255,4,938,3938
7,0,10091.249,0.99861226,0.041649792,127,4,939,3939
7,0,10076.476,0.99013762,0.041649792,255,4,940,3940
7,0,10081.839,0.99925068,0.041649792,191,4,941,3941
6,0,10089.34,0.994537,0.041649792,63,4,942,3942
7,0,10086.023,0.99865161,0.041649792,127,4,943,3943
7,0,10089.689,0.99113636,0.041649792,191,4,944,3944
6,0,10086.297,0.96697698,0.041649792,63,4,945,3945
7,0,10073.262,0.98658953,0.041649792,127,4,946,3946
7,0,10081.955,0.98467439,0.041649792,191,4,947,3947
7,0,10078.791,0.96529528,0.041649792,127,4,948,3948
6,0,10088.355,0.99261213,0.041649792,127,4,949,3949
7,0,10087.026,0.98572716,0.041649792,127,4,950,3950
6,0,10095.077,0.96759505,0.041649792,127,4,951,3951
7,0,10104.528,0.98157741,0.041649792,127,4,952,3952
7,0,10105.048,0.9957409,0.041649792,127,4,953,3953
7,0,10100.487,0.97028719,0.041649792,255,4,954,3954
7,0,10105.657,0.99982382,0.041649792,127,4,955,3955
6,0,10108.115,0.99975392,0.041649792,127,4,956,3956
6,0,10106.954,0.99734425,0.041649792,127,4,957,3957
7,0,10113.313,0.99501389,0.041649792,127,4,958,3958
6,0,10090.983,0.99857074,0.041649792,63,4,959,3959
6,0,10075.073,0.97962977,0.041649792,63,4,960,3960
6,0,10089.845,0.99494628,0.041649792,63,4,961,3961
6,0,10092.908,0.9588212,0.041649792,63,4,962,3962
6,0,10099.657,0.97572488,0.041649792,63,4,963,3963
6,0,10095.385,0.98345925,0.041649792,63,4,964,3964
7,0,10108.59,0.99980273,0.041649792,127,4,965,3965
7,0,10106.725,0.99421769,0.041649792,127,4,966,3966
7,0,10094.08,0.97588541,0.041649792,127,4,967,3967
6,0,10083.126,0.99510144,0.041649792,63,4,968,3968
6,0,10078.332,0.98298534,0.041649792,63,4,969,3969
7,0,10086.393,0.87394775,0.041649792,127,4,970,3970
7,0,10094.644,0.99342562,0.041649792,255,4,971,3971
7,0,10093.206,0.95625799,0.041649792,127,4,972,3972
7,0,10081.287,0.98312603,0.041649792,127,4,973,3973
6,0,10091.466,0.85975827,0.041649792,127,4,974,3974
7,0,10081.928,0.99392115,0.041649792,191,4,975,3975
7,0,10081.146,0.94726878,0.041649792,191,4,976,3976
7,0,10083.181,0.99093603,0.041649792,191,4,977,3977
6,0,10082.28,1,0.041649792,63,4,978,3978
6,0,10078.971,0.99705292,0.041649792,127,4,979,3979
6,0,10081.822,0.99899433,0.041649792,63,4,980,3980
7,0,10072.445,0.99931721,0.041649792,127,4,981,3981
6,0,10065.66,0.98864801,0.041649792,127,4,982,3982
6,0,10066.821,0.97966518,0.041649792,127,4,983,3983
6,0,10072.881,0.98582252,0.041649792,63,4,984,3984
6,0,10065.067,0.99828732,0.041649792,127,4,985,3985
7,0,10072.935,0.9844214,0.041649792,127,4,986,3986
7,0,10067.564,0.99042749,0.041649792,191,4,987,3987
6,0,10069.783,0.9935102,0.041649792,63,4,988,3988
6,0,10070.644,0.9697796,0.041649792,127,4,989,3989
6,0,10085.845,0.92477851,0.041649792,63,4,990,3990
6,0,10095.694,0.99716893,0.041649792,63,4,991,3991
6,0,10082.871,0.91403438,0.041649792,127,4,992,3992
6,0,10086.682,0.99973229,0.041649792,63,4,993,3993
6,0,10076.401,0.99803765,0.041649792,63,4,994,3994
6,0,10084.97,0.99791054,0.041649792,63,4,995,3995
6,0,10077.102,0.95948793,0.041649792,63,4,996,3996
7,0,10086.567,0.9806344,0.041649792,255,4,997,3997
6,0,10088.188,0.94154873,0.041649792,63,4,998,3998
7,0,10095.822,0.99170873,0.041649792,127,4,999,3999
7,0,10091.97,0.99269464,0.041649792,127,4,1000,4000
